{
  "type": "FeatureCollection",
  "features": [
    {
      "type": "Feature",
      "geometry": {
        "type": "Point",
        "coordinates": [
          2.107242,
          41.344677
        ]
      },
      "properties": {
        "routes": [
          {
            "color": "#CE1126",
            "long_name": "Hospital de Bellvitge - Fondo",
            "route_type": 1,
            "short_name": "L1",
            "text_color": "#FFFFFF"
          }
        ],
        "stop_id": "1.111",
        "stop_name": "Hospital de Bellvitge"
      }
    },
    {
      "type": "Feature",
      "geometry": {
        "type": "Point",
        "coordinates": [
          2.110917,
          41.350975
        ]
      },
      "properties": {
        "routes": [
          {
            "color": "#CE1126",
            "long_name": "Hospital de Bellvitge - Fondo",
            "route_type": 1,
            "short_name": "L1",
            "text_color": "#FFFFFF"
          }
        ],
        "stop_id": "1.112",
        "stop_name": "Bellvitge"
      }
    },
    {
      "type": "Feature",
      "geometry": {
        "type": "Point",
        "coordinates": [
          2.102632,
          41.358553
        ]
      },
      "properties": {
        "routes": [
          {
            "color": "#CE1126",
            "long_name": "Hospital de Bellvitge - Fondo",
            "route_type": 1,
            "short_name": "L1",
            "text_color": "#FFFFFF"
          }
        ],
        "stop_id": "1.113",
        "stop_name": "Av. Carrilet"
      }
    },
    {
      "type": "Feature",
      "geometry": {
        "type": "Point",
        "coordinates": [
          2.099749,
          41.36409
        ]
      },
      "properties": {
        "routes": [
          {
            "color": "#CE1126",
            "long_name": "Hospital de Bellvitge - Fondo",
            "route_type": 1,
            "short_name": "L1",
            "text_color": "#FFFFFF"
          }
        ],
        "stop_id": "1.114",
        "stop_name": "Rambla Just Oliveras"
      }
    },
    {
      "type": "Feature",
      "geometry": {
        "type": "Point",
        "coordinates": [
          2.102758,
          41.367694
        ]
      },
      "properties": {
        "routes": [
          {
            "color": "#CE1126",
            "long_name": "Hospital de Bellvitge - Fondo",
            "route_type": 1,
            "short_name": "L1",
            "text_color": "#FFFFFF"
          }
        ],
        "stop_id": "1.115",
        "stop_name": "Can Serra"
      }
    },
    {
      "type": "Feature",
      "geometry": {
        "type": "Point",
        "coordinates": [
          2.110027,
          41.368316
        ]
      },
      "properties": {
        "routes": [
          {
            "color": "#CE1126",
            "long_name": "Hospital de Bellvitge - Fondo",
            "route_type": 1,
            "short_name": "L1",
            "text_color": "#FFFFFF"
          }
        ],
        "stop_id": "1.116",
        "stop_name": "Florida"
      }
    },
    {
      "type": "Feature",
      "geometry": {
        "type": "Point",
        "coordinates": [
          2.116594,
          41.368396
        ]
      },
      "properties": {
        "routes": [
          {
            "color": "#CE1126",
            "long_name": "Hospital de Bellvitge - Fondo",
            "route_type": 1,
            "short_name": "L1",
            "text_color": "#FFFFFF"
          }
        ],
        "stop_id": "1.117",
        "stop_name": "Torrassa"
      }
    },
    {
      "type": "Feature",
      "geometry": {
        "type": "Point",
        "coordinates": [
          2.115756,
          41.368223
        ]
      },
      "properties": {
        "routes": [
          {
            "color": "#00A6D6",
            "long_name": "ZAL | Riu Vell - Collblanc",
            "route_type": 1,
            "short_name": "L10S",
            "text_color": "#FFFFFF"
          },
          {
            "color": "#FB712B",
            "long_name": "Aeroport T1 - Zona Universitària",
            "route_type": 1,
            "short_name": "L9S",
            "text_color": "#FFFFFF"
          }
        ],
        "stop_id": "1.915",
        "stop_name": "Torrassa"
      }
    },
    {
      "type": "Feature",
      "geometry": {
        "type": "Point",
        "coordinates": [
          2.128617,
          41.368816
        ]
      },
      "properties": {
        "routes": [
          {
            "color": "#CE1126",
            "long_name": "Hospital de Bellvitge - Fondo",
            "route_type": 1,
            "short_name": "L1",
            "text_color": "#FFFFFF"
          }
        ],
        "stop_id": "1.118",
        "stop_name": "Santa Eulàlia"
      }
    },
    {
      "type": "Feature",
      "geometry": {
        "type": "Point",
        "coordinates": [
          2.133536,
          41.373003
        ]
      },
      "properties": {
        "routes": [
          {
            "color": "#CE1126",
            "long_name": "Hospital de Bellvitge - Fondo",
            "route_type": 1,
            "short_name": "L1",
            "text_color": "#FFFFFF"
          }
        ],
        "stop_id": "1.119",
        "stop_name": "Mercat Nou"
      }
    },
    {
      "type": "Feature",
      "geometry": {
        "type": "Point",
        "coordinates": [
          2.138154,
          41.375353
        ]
      },
      "properties": {
        "routes": [
          {
            "color": "#CE1126",
            "long_name": "Hospital de Bellvitge - Fondo",
            "route_type": 1,
            "short_name": "L1",
            "text_color": "#FFFFFF"
          }
        ],
        "stop_id": "1.120",
        "stop_name": "Plaça de Sants"
      }
    },
    {
      "type": "Feature",
      "geometry": {
        "type": "Point",
        "coordinates": [
          2.135159,
          41.375727
        ]
      },
      "properties": {
        "routes": [
          {
            "color": "#005A97",
            "long_name": "Cornellà Centre - Vall d'Hebron",
            "route_type": 1,
            "short_name": "L5",
            "text_color": "#FFFFFF"
          }
        ],
        "stop_id": "1.517",
        "stop_name": "Plaça de Sants"
      }
    },
    {
      "type": "Feature",
      "geometry": {
        "type": "Point",
        "coordinates": [
          2.143291,
          41.375254
        ]
      },
      "properties": {
        "routes": [
          {
            "color": "#CE1126",
            "long_name": "Hospital de Bellvitge - Fondo",
            "route_type": 1,
            "short_name": "L1",
            "text_color": "#FFFFFF"
          }
        ],
        "stop_id": "1.121",
        "stop_name": "Hostafrancs"
      }
    },
    {
      "type": "Feature",
      "geometry": {
        "type": "Point",
        "coordinates": [
          2.149382,
          41.37551
        ]
      },
      "properties": {
        "routes": [
          {
            "color": "#CE1126",
            "long_name": "Hospital de Bellvitge - Fondo",
            "route_type": 1,
            "short_name": "L1",
            "text_color": "#FFFFFF"
          }
        ],
        "stop_id": "1.122",
        "stop_name": "Espanya"
      }
    },
    {
      "type": "Feature",
      "geometry": {
        "type": "Point",
        "coordinates": [
          2.151555,
          41.375018
        ]
      },
      "properties": {
        "routes": [
          {
            "color": "#1EB53A",
            "long_name": "Zona Universitària - Trinitat Nova",
            "route_type": 1,
            "short_name": "L3",
            "text_color": "#FFFFFF"
          }
        ],
        "stop_id": "1.321",
        "stop_name": "Espanya"
      }
    },
    {
      "type": "Feature",
      "geometry": {
        "type": "Point",
        "coordinates": [
          2.154562,
          41.379232
        ]
      },
      "properties": {
        "routes": [
          {
            "color": "#CE1126",
            "long_name": "Hospital de Bellvitge - Fondo",
            "route_type": 1,
            "short_name": "L1",
            "text_color": "#FFFFFF"
          }
        ],
        "stop_id": "1.123",
        "stop_name": "Rocafort"
      }
    },
    {
      "type": "Feature",
      "geometry": {
        "type": "Point",
        "coordinates": [
          2.158891,
          41.382487
        ]
      },
      "properties": {
        "routes": [
          {
            "color": "#CE1126",
            "long_name": "Hospital de Bellvitge - Fondo",
            "route_type": 1,
            "short_name": "L1",
            "text_color": "#FFFFFF"
          }
        ],
        "stop_id": "1.124",
        "stop_name": "Urgell"
      }
    },
    {
      "type": "Feature",
      "geometry": {
        "type": "Point",
        "coordinates": [
          2.164284,
          41.385815
        ]
      },
      "properties": {
        "routes": [
          {
            "color": "#CE1126",
            "long_name": "Hospital de Bellvitge - Fondo",
            "route_type": 1,
            "short_name": "L1",
            "text_color": "#FFFFFF"
          }
        ],
        "stop_id": "1.125",
        "stop_name": "Universitat"
      }
    },
    {
      "type": "Feature",
      "geometry": {
        "type": "Point",
        "coordinates": [
          2.163913,
          41.384768
        ]
      },
      "properties": {
        "routes": [
          {
            "color": "#93248F",
            "long_name": "Paral·lel - Badalona Pompeu Fabra",
            "route_type": 1,
            "short_name": "L2",
            "text_color": "#FFFFFF"
          }
        ],
        "stop_id": "1.212",
        "stop_name": "Universitat"
      }
    },
    {
      "type": "Feature",
      "geometry": {
        "type": "Point",
        "coordinates": [
          2.168995,
          41.387489
        ]
      },
      "properties": {
        "routes": [
          {
            "color": "#CE1126",
            "long_name": "Hospital de Bellvitge - Fondo",
            "route_type": 1,
            "short_name": "L1",
            "text_color": "#FFFFFF"
          }
        ],
        "stop_id": "1.126",
        "stop_name": "Catalunya"
      }
    },
    {
      "type": "Feature",
      "geometry": {
        "type": "Point",
        "coordinates": [
          2.170092,
          41.386322
        ]
      },
      "properties": {
        "routes": [
          {
            "color": "#1EB53A",
            "long_name": "Zona Universitària - Trinitat Nova",
            "route_type": 1,
            "short_name": "L3",
            "text_color": "#FFFFFF"
          }
        ],
        "stop_id": "1.326",
        "stop_name": "Catalunya"
      }
    },
    {
      "type": "Feature",
      "geometry": {
        "type": "Point",
        "coordinates": [
          2.174567,
          41.389636
        ]
      },
      "properties": {
        "routes": [
          {
            "color": "#CE1126",
            "long_name": "Hospital de Bellvitge - Fondo",
            "route_type": 1,
            "short_name": "L1",
            "text_color": "#FFFFFF"
          }
        ],
        "stop_id": "1.127",
        "stop_name": "Urquinaona"
      }
    },
    {
      "type": "Feature",
      "geometry": {
        "type": "Point",
        "coordinates": [
          2.173445,
          41.387961
        ]
      },
      "properties": {
        "routes": [
          {
            "color": "#F7A30E",
            "long_name": "La Pau - Trinitat Nova",
            "route_type": 1,
            "short_name": "L4",
            "text_color": "#000000"
          }
        ],
        "stop_id": "1.424",
        "stop_name": "Urquinaona"
      }
    },
    {
      "type": "Feature",
      "geometry": {
        "type": "Point",
        "coordinates": [
          2.181165,
          41.392337
        ]
      },
      "properties": {
        "routes": [
          {
            "color": "#CE1126",
            "long_name": "Hospital de Bellvitge - Fondo",
            "route_type": 1,
            "short_name": "L1",
            "text_color": "#FFFFFF"
          }
        ],
        "stop_id": "1.128",
        "stop_name": "Arc de Triomf"
      }
    },
    {
      "type": "Feature",
      "geometry": {
        "type": "Point",
        "coordinates": [
          2.185801,
          41.394725
        ]
      },
      "properties": {
        "routes": [
          {
            "color": "#CE1126",
            "long_name": "Hospital de Bellvitge - Fondo",
            "route_type": 1,
            "short_name": "L1",
            "text_color": "#FFFFFF"
          }
        ],
        "stop_id": "1.129",
        "stop_name": "Marina"
      }
    },
    {
      "type": "Feature",
      "geometry": {
        "type": "Point",
        "coordinates": [
          2.187537,
          41.402277
        ]
      },
      "properties": {
        "routes": [
          {
            "color": "#CE1126",
            "long_name": "Hospital de Bellvitge - Fondo",
            "route_type": 1,
            "short_name": "L1",
            "text_color": "#FFFFFF"
          }
        ],
        "stop_id": "1.130",
        "stop_name": "Glòries"
      }
    },
    {
      "type": "Feature",
      "geometry": {
        "type": "Point",
        "coordinates": [
          2.187003,
          41.410163
        ]
      },
      "properties": {
        "routes": [
          {
            "color": "#CE1126",
            "long_name": "Hospital de Bellvitge - Fondo",
            "route_type": 1,
            "short_name": "L1",
            "text_color": "#FFFFFF"
          }
        ],
        "stop_id": "1.131",
        "stop_name": "Clot"
      }
    },
    {
      "type": "Feature",
      "geometry": {
        "type": "Point",
        "coordinates": [
          2.186835,
          41.410358
        ]
      },
      "properties": {
        "routes": [
          {
            "color": "#93248F",
            "long_name": "Paral·lel - Badalona Pompeu Fabra",
            "route_type": 1,
            "short_name": "L2",
            "text_color": "#FFFFFF"
          }
        ],
        "stop_id": "1.218",
        "stop_name": "Clot"
      }
    },
    {
      "type": "Feature",
      "geometry": {
        "type": "Point",
        "coordinates": [
          2.187057,
          41.416187
        ]
      },
      "properties": {
        "routes": [
          {
            "color": "#CE1126",
            "long_name": "Hospital de Bellvitge - Fondo",
            "route_type": 1,
            "short_name": "L1",
            "text_color": "#FFFFFF"
          }
        ],
        "stop_id": "1.132",
        "stop_name": "Navas"
      }
    },
    {
      "type": "Feature",
      "geometry": {
        "type": "Point",
        "coordinates": [
          2.186975,
          41.422369
        ]
      },
      "properties": {
        "routes": [
          {
            "color": "#CE1126",
            "long_name": "Hospital de Bellvitge - Fondo",
            "route_type": 1,
            "short_name": "L1",
            "text_color": "#FFFFFF"
          }
        ],
        "stop_id": "1.133",
        "stop_name": "La Sagrera"
      }
    },
    {
      "type": "Feature",
      "geometry": {
        "type": "Point",
        "coordinates": [
          2.186582,
          41.421296
        ]
      },
      "properties": {
        "routes": [
          {
            "color": "#005A97",
            "long_name": "Cornellà Centre - Vall d'Hebron",
            "route_type": 1,
            "short_name": "L5",
            "text_color": "#FFFFFF"
          }
        ],
        "stop_id": "1.526",
        "stop_name": "La Sagrera"
      }
    },
    {
      "type": "Feature",
      "geometry": {
        "type": "Point",
        "coordinates": [
          2.186723,
          41.420494
        ]
      },
      "properties": {
        "routes": [
          {
            "color": "#00A6D6",
            "long_name": "La Sagrera - Gorg",
            "route_type": 1,
            "short_name": "L10N",
            "text_color": "#FFFFFF"
          },
          {
            "color": "#FB712B",
            "long_name": "La Sagrera - Can Zam",
            "route_type": 1,
            "short_name": "L9N",
            "text_color": "#FFFFFF"
          }
        ],
        "stop_id": "1.930",
        "stop_name": "La Sagrera"
      }
    },
    {
      "type": "Feature",
      "geometry": {
        "type": "Point",
        "coordinates": [
          2.183661,
          41.429633
        ]
      },
      "properties": {
        "routes": [
          {
            "color": "#CE1126",
            "long_name": "Hospital de Bellvitge - Fondo",
            "route_type": 1,
            "short_name": "L1",
            "text_color": "#FFFFFF"
          }
        ],
        "stop_id": "1.134",
        "stop_name": "Fabra i Puig"
      }
    },
    {
      "type": "Feature",
      "geometry": {
        "type": "Point",
        "coordinates": [
          2.169117,
          41.375004
        ]
      },
      "properties": {
        "routes": [
          {
            "color": "#93248F",
            "long_name": "Paral·lel - Badalona Pompeu Fabra",
            "route_type": 1,
            "short_name": "L2",
            "text_color": "#FFFFFF"
          }
        ],
        "stop_id": "1.210",
        "stop_name": "Paral·lel"
      }
    },
    {
      "type": "Feature",
      "geometry": {
        "type": "Point",
        "coordinates": [
          2.169118,
          41.374892
        ]
      },
      "properties": {
        "routes": [
          {
            "color": "#1EB53A",
            "long_name": "Zona Universitària - Trinitat Nova",
            "route_type": 1,
            "short_name": "L3",
            "text_color": "#FFFFFF"
          }
        ],
        "stop_id": "1.323",
        "stop_name": "Paral·lel"
      }
    },
    {
      "type": "Feature",
      "geometry": {
        "type": "Point",
        "coordinates": [
          2.168853,
          41.373847
        ]
      },
      "properties": {
        "routes": [
          {
            "color": "#004C38",
            "long_name": "Paral·lel - Parc de Montjuïc",
            "route_type": 7,
            "short_name": "FM",
            "text_color": "#FFFFFF"
          }
        ],
        "stop_id": "1.9901",
        "stop_name": "Paral·lel"
      }
    },
    {
      "type": "Feature",
      "geometry": {
        "type": "Point",
        "coordinates": [
          2.163241,
          41.379833
        ]
      },
      "properties": {
        "routes": [
          {
            "color": "#93248F",
            "long_name": "Paral·lel - Badalona Pompeu Fabra",
            "route_type": 1,
            "short_name": "L2",
            "text_color": "#FFFFFF"
          }
        ],
        "stop_id": "1.211",
        "stop_name": "Sant Antoni"
      }
    },
    {
      "type": "Feature",
      "geometry": {
        "type": "Point",
        "coordinates": [
          2.168243,
          41.389416
        ]
      },
      "properties": {
        "routes": [
          {
            "color": "#93248F",
            "long_name": "Paral·lel - Badalona Pompeu Fabra",
            "route_type": 1,
            "short_name": "L2",
            "text_color": "#FFFFFF"
          }
        ],
        "stop_id": "1.213",
        "stop_name": "Passeig de Gràcia"
      }
    },
    {
      "type": "Feature",
      "geometry": {
        "type": "Point",
        "coordinates": [
          2.165347,
          41.391603
        ]
      },
      "properties": {
        "routes": [
          {
            "color": "#1EB53A",
            "long_name": "Zona Universitària - Trinitat Nova",
            "route_type": 1,
            "short_name": "L3",
            "text_color": "#FFFFFF"
          }
        ],
        "stop_id": "1.327",
        "stop_name": "Passeig de Gràcia"
      }
    },
    {
      "type": "Feature",
      "geometry": {
        "type": "Point",
        "coordinates": [
          2.167846,
          41.390057
        ]
      },
      "properties": {
        "routes": [
          {
            "color": "#F7A30E",
            "long_name": "La Pau - Trinitat Nova",
            "route_type": 1,
            "short_name": "L4",
            "text_color": "#000000"
          }
        ],
        "stop_id": "1.425",
        "stop_name": "Passeig de Gràcia"
      }
    },
    {
      "type": "Feature",
      "geometry": {
        "type": "Point",
        "coordinates": [
          2.175559,
          41.394887
        ]
      },
      "properties": {
        "routes": [
          {
            "color": "#93248F",
            "long_name": "Paral·lel - Badalona Pompeu Fabra",
            "route_type": 1,
            "short_name": "L2",
            "text_color": "#FFFFFF"
          }
        ],
        "stop_id": "1.214",
        "stop_name": "Tetuan"
      }
    },
    {
      "type": "Feature",
      "geometry": {
        "type": "Point",
        "coordinates": [
          2.179462,
          41.400524
        ]
      },
      "properties": {
        "routes": [
          {
            "color": "#93248F",
            "long_name": "Paral·lel - Badalona Pompeu Fabra",
            "route_type": 1,
            "short_name": "L2",
            "text_color": "#FFFFFF"
          }
        ],
        "stop_id": "1.215",
        "stop_name": "Monumental"
      }
    },
    {
      "type": "Feature",
      "geometry": {
        "type": "Point",
        "coordinates": [
          2.175106,
          41.403985
        ]
      },
      "properties": {
        "routes": [
          {
            "color": "#93248F",
            "long_name": "Paral·lel - Badalona Pompeu Fabra",
            "route_type": 1,
            "short_name": "L2",
            "text_color": "#FFFFFF"
          }
        ],
        "stop_id": "1.216",
        "stop_name": "Sagrada Família"
      }
    },
    {
      "type": "Feature",
      "geometry": {
        "type": "Point",
        "coordinates": [
          2.173618,
          41.403835
        ]
      },
      "properties": {
        "routes": [
          {
            "color": "#005A97",
            "long_name": "Cornellà Centre - Vall d'Hebron",
            "route_type": 1,
            "short_name": "L5",
            "text_color": "#FFFFFF"
          }
        ],
        "stop_id": "1.523",
        "stop_name": "Sagrada Família"
      }
    },
    {
      "type": "Feature",
      "geometry": {
        "type": "Point",
        "coordinates": [
          2.1827,
          41.407236
        ]
      },
      "properties": {
        "routes": [
          {
            "color": "#93248F",
            "long_name": "Paral·lel - Badalona Pompeu Fabra",
            "route_type": 1,
            "short_name": "L2",
            "text_color": "#FFFFFF"
          }
        ],
        "stop_id": "1.217",
        "stop_name": "Encants"
      }
    },
    {
      "type": "Feature",
      "geometry": {
        "type": "Point",
        "coordinates": [
          2.195503,
          41.415162
        ]
      },
      "properties": {
        "routes": [
          {
            "color": "#93248F",
            "long_name": "Paral·lel - Badalona Pompeu Fabra",
            "route_type": 1,
            "short_name": "L2",
            "text_color": "#FFFFFF"
          }
        ],
        "stop_id": "1.219",
        "stop_name": "Bac de Roda"
      }
    },
    {
      "type": "Feature",
      "geometry": {
        "type": "Point",
        "coordinates": [
          2.111179,
          41.384115
        ]
      },
      "properties": {
        "routes": [
          {
            "color": "#1EB53A",
            "long_name": "Zona Universitària - Trinitat Nova",
            "route_type": 1,
            "short_name": "L3",
            "text_color": "#FFFFFF"
          }
        ],
        "stop_id": "1.314",
        "stop_name": "Zona Universitària"
      }
    },
    {
      "type": "Feature",
      "geometry": {
        "type": "Point",
        "coordinates": [
          2.111621,
          41.383742
        ]
      },
      "properties": {
        "routes": [
          {
            "color": "#FB712B",
            "long_name": "Aeroport T1 - Zona Universitària",
            "route_type": 1,
            "short_name": "L9S",
            "text_color": "#FFFFFF"
          }
        ],
        "stop_id": "1.918",
        "stop_name": "Zona Universitària"
      }
    },
    {
      "type": "Feature",
      "geometry": {
        "type": "Point",
        "coordinates": [
          2.118538,
          41.38598
        ]
      },
      "properties": {
        "routes": [
          {
            "color": "#1EB53A",
            "long_name": "Zona Universitària - Trinitat Nova",
            "route_type": 1,
            "short_name": "L3",
            "text_color": "#FFFFFF"
          }
        ],
        "stop_id": "1.315",
        "stop_name": "Palau Reial"
      }
    },
    {
      "type": "Feature",
      "geometry": {
        "type": "Point",
        "coordinates": [
          2.125791,
          41.387816
        ]
      },
      "properties": {
        "routes": [
          {
            "color": "#1EB53A",
            "long_name": "Zona Universitària - Trinitat Nova",
            "route_type": 1,
            "short_name": "L3",
            "text_color": "#FFFFFF"
          }
        ],
        "stop_id": "1.316",
        "stop_name": "Maria Cristina"
      }
    },
    {
      "type": "Feature",
      "geometry": {
        "type": "Point",
        "coordinates": [
          2.130871,
          41.38412
        ]
      },
      "properties": {
        "routes": [
          {
            "color": "#1EB53A",
            "long_name": "Zona Universitària - Trinitat Nova",
            "route_type": 1,
            "short_name": "L3",
            "text_color": "#FFFFFF"
          }
        ],
        "stop_id": "1.317",
        "stop_name": "Les Corts"
      }
    },
    {
      "type": "Feature",
      "geometry": {
        "type": "Point",
        "coordinates": [
          2.135884,
          41.381922
        ]
      },
      "properties": {
        "routes": [
          {
            "color": "#1EB53A",
            "long_name": "Zona Universitària - Trinitat Nova",
            "route_type": 1,
            "short_name": "L3",
            "text_color": "#FFFFFF"
          }
        ],
        "stop_id": "1.318",
        "stop_name": "Plaça del Centre"
      }
    },
    {
      "type": "Feature",
      "geometry": {
        "type": "Point",
        "coordinates": [
          2.140992,
          41.381598
        ]
      },
      "properties": {
        "routes": [
          {
            "color": "#1EB53A",
            "long_name": "Zona Universitària - Trinitat Nova",
            "route_type": 1,
            "short_name": "L3",
            "text_color": "#FFFFFF"
          }
        ],
        "stop_id": "1.319",
        "stop_name": "Sants Estació"
      }
    },
    {
      "type": "Feature",
      "geometry": {
        "type": "Point",
        "coordinates": [
          2.140398,
          41.379955
        ]
      },
      "properties": {
        "routes": [
          {
            "color": "#005A97",
            "long_name": "Cornellà Centre - Vall d'Hebron",
            "route_type": 1,
            "short_name": "L5",
            "text_color": "#FFFFFF"
          }
        ],
        "stop_id": "1.518",
        "stop_name": "Sants Estació"
      }
    },
    {
      "type": "Feature",
      "geometry": {
        "type": "Point",
        "coordinates": [
          2.145336,
          41.378493
        ]
      },
      "properties": {
        "routes": [
          {
            "color": "#1EB53A",
            "long_name": "Zona Universitària - Trinitat Nova",
            "route_type": 1,
            "short_name": "L3",
            "text_color": "#FFFFFF"
          }
        ],
        "stop_id": "1.320",
        "stop_name": "Tarragona"
      }
    },
    {
      "type": "Feature",
      "geometry": {
        "type": "Point",
        "coordinates": [
          2.160245,
          41.374996
        ]
      },
      "properties": {
        "routes": [
          {
            "color": "#1EB53A",
            "long_name": "Zona Universitària - Trinitat Nova",
            "route_type": 1,
            "short_name": "L3",
            "text_color": "#FFFFFF"
          }
        ],
        "stop_id": "1.322",
        "stop_name": "Poble Sec"
      }
    },
    {
      "type": "Feature",
      "geometry": {
        "type": "Point",
        "coordinates": [
          2.175664,
          41.376538
        ]
      },
      "properties": {
        "routes": [
          {
            "color": "#1EB53A",
            "long_name": "Zona Universitària - Trinitat Nova",
            "route_type": 1,
            "short_name": "L3",
            "text_color": "#FFFFFF"
          }
        ],
        "stop_id": "1.324",
        "stop_name": "Drassanes"
      }
    },
    {
      "type": "Feature",
      "geometry": {
        "type": "Point",
        "coordinates": [
          2.17303,
          41.381445
        ]
      },
      "properties": {
        "routes": [
          {
            "color": "#1EB53A",
            "long_name": "Zona Universitària - Trinitat Nova",
            "route_type": 1,
            "short_name": "L3",
            "text_color": "#FFFFFF"
          }
        ],
        "stop_id": "1.325",
        "stop_name": "Liceu"
      }
    },
    {
      "type": "Feature",
      "geometry": {
        "type": "Point",
        "coordinates": [
          2.160047,
          41.395888
        ]
      },
      "properties": {
        "routes": [
          {
            "color": "#1EB53A",
            "long_name": "Zona Universitària - Trinitat Nova",
            "route_type": 1,
            "short_name": "L3",
            "text_color": "#FFFFFF"
          }
        ],
        "stop_id": "1.328",
        "stop_name": "Diagonal"
      }
    },
    {
      "type": "Feature",
      "geometry": {
        "type": "Point",
        "coordinates": [
          2.15883,
          41.394435
        ]
      },
      "properties": {
        "routes": [
          {
            "color": "#005A97",
            "long_name": "Cornellà Centre - Vall d'Hebron",
            "route_type": 1,
            "short_name": "L5",
            "text_color": "#FFFFFF"
          }
        ],
        "stop_id": "1.521",
        "stop_name": "Diagonal"
      }
    },
    {
      "type": "Feature",
      "geometry": {
        "type": "Point",
        "coordinates": [
          2.153022,
          41.402009
        ]
      },
      "properties": {
        "routes": [
          {
            "color": "#1EB53A",
            "long_name": "Zona Universitària - Trinitat Nova",
            "route_type": 1,
            "short_name": "L3",
            "text_color": "#FFFFFF"
          }
        ],
        "stop_id": "1.329",
        "stop_name": "Fontana"
      }
    },
    {
      "type": "Feature",
      "geometry": {
        "type": "Point",
        "coordinates": [
          2.150407,
          41.405738
        ]
      },
      "properties": {
        "routes": [
          {
            "color": "#1EB53A",
            "long_name": "Zona Universitària - Trinitat Nova",
            "route_type": 1,
            "short_name": "L3",
            "text_color": "#FFFFFF"
          }
        ],
        "stop_id": "1.330",
        "stop_name": "Lesseps"
      }
    },
    {
      "type": "Feature",
      "geometry": {
        "type": "Point",
        "coordinates": [
          2.144337,
          41.411975
        ]
      },
      "properties": {
        "routes": [
          {
            "color": "#1EB53A",
            "long_name": "Zona Universitària - Trinitat Nova",
            "route_type": 1,
            "short_name": "L3",
            "text_color": "#FFFFFF"
          }
        ],
        "stop_id": "1.331",
        "stop_name": "Vallcarca"
      }
    },
    {
      "type": "Feature",
      "geometry": {
        "type": "Point",
        "coordinates": [
          2.140972,
          41.418279
        ]
      },
      "properties": {
        "routes": [
          {
            "color": "#1EB53A",
            "long_name": "Zona Universitària - Trinitat Nova",
            "route_type": 1,
            "short_name": "L3",
            "text_color": "#FFFFFF"
          }
        ],
        "stop_id": "1.332",
        "stop_name": "Penitents"
      }
    },
    {
      "type": "Feature",
      "geometry": {
        "type": "Point",
        "coordinates": [
          2.192012,
          41.395107
        ]
      },
      "properties": {
        "routes": [
          {
            "color": "#F7A30E",
            "long_name": "La Pau - Trinitat Nova",
            "route_type": 1,
            "short_name": "L4",
            "text_color": "#000000"
          }
        ],
        "stop_id": "1.420",
        "stop_name": "Bogatell"
      }
    },
    {
      "type": "Feature",
      "geometry": {
        "type": "Point",
        "coordinates": [
          2.192991,
          41.386687
        ]
      },
      "properties": {
        "routes": [
          {
            "color": "#F7A30E",
            "long_name": "La Pau - Trinitat Nova",
            "route_type": 1,
            "short_name": "L4",
            "text_color": "#000000"
          }
        ],
        "stop_id": "1.421",
        "stop_name": "Ciutadella | Vila Olímpica"
      }
    },
    {
      "type": "Feature",
      "geometry": {
        "type": "Point",
        "coordinates": [
          2.184787,
          41.381811
        ]
      },
      "properties": {
        "routes": [
          {
            "color": "#F7A30E",
            "long_name": "La Pau - Trinitat Nova",
            "route_type": 1,
            "short_name": "L4",
            "text_color": "#000000"
          }
        ],
        "stop_id": "1.422",
        "stop_name": "Barceloneta"
      }
    },
    {
      "type": "Feature",
      "geometry": {
        "type": "Point",
        "coordinates": [
          2.178531,
          41.384126
        ]
      },
      "properties": {
        "routes": [
          {
            "color": "#F7A30E",
            "long_name": "La Pau - Trinitat Nova",
            "route_type": 1,
            "short_name": "L4",
            "text_color": "#000000"
          }
        ],
        "stop_id": "1.423",
        "stop_name": "Jaume I"
      }
    },
    {
      "type": "Feature",
      "geometry": {
        "type": "Point",
        "coordinates": [
          2.170825,
          41.39492
        ]
      },
      "properties": {
        "routes": [
          {
            "color": "#F7A30E",
            "long_name": "La Pau - Trinitat Nova",
            "route_type": 1,
            "short_name": "L4",
            "text_color": "#000000"
          }
        ],
        "stop_id": "1.426",
        "stop_name": "Girona"
      }
    },
    {
      "type": "Feature",
      "geometry": {
        "type": "Point",
        "coordinates": [
          2.16806,
          41.400365
        ]
      },
      "properties": {
        "routes": [
          {
            "color": "#F7A30E",
            "long_name": "La Pau - Trinitat Nova",
            "route_type": 1,
            "short_name": "L4",
            "text_color": "#000000"
          }
        ],
        "stop_id": "1.427",
        "stop_name": "Verdaguer"
      }
    },
    {
      "type": "Feature",
      "geometry": {
        "type": "Point",
        "coordinates": [
          2.167089,
          41.398952
        ]
      },
      "properties": {
        "routes": [
          {
            "color": "#005A97",
            "long_name": "Cornellà Centre - Vall d'Hebron",
            "route_type": 1,
            "short_name": "L5",
            "text_color": "#FFFFFF"
          }
        ],
        "stop_id": "1.522",
        "stop_name": "Verdaguer"
      }
    },
    {
      "type": "Feature",
      "geometry": {
        "type": "Point",
        "coordinates": [
          2.163225,
          41.406427
        ]
      },
      "properties": {
        "routes": [
          {
            "color": "#F7A30E",
            "long_name": "La Pau - Trinitat Nova",
            "route_type": 1,
            "short_name": "L4",
            "text_color": "#000000"
          }
        ],
        "stop_id": "1.428",
        "stop_name": "Joanic"
      }
    },
    {
      "type": "Feature",
      "geometry": {
        "type": "Point",
        "coordinates": [
          2.166382,
          41.412377
        ]
      },
      "properties": {
        "routes": [
          {
            "color": "#F7A30E",
            "long_name": "La Pau - Trinitat Nova",
            "route_type": 1,
            "short_name": "L4",
            "text_color": "#000000"
          }
        ],
        "stop_id": "1.429",
        "stop_name": "Alfons X"
      }
    },
    {
      "type": "Feature",
      "geometry": {
        "type": "Point",
        "coordinates": [
          2.070428,
          41.35729
        ]
      },
      "properties": {
        "routes": [
          {
            "color": "#005A97",
            "long_name": "Cornellà Centre - Vall d'Hebron",
            "route_type": 1,
            "short_name": "L5",
            "text_color": "#FFFFFF"
          }
        ],
        "stop_id": "1.509",
        "stop_name": "Cornellà Centre"
      }
    },
    {
      "type": "Feature",
      "geometry": {
        "type": "Point",
        "coordinates": [
          2.079269,
          41.357993
        ]
      },
      "properties": {
        "routes": [
          {
            "color": "#005A97",
            "long_name": "Cornellà Centre - Vall d'Hebron",
            "route_type": 1,
            "short_name": "L5",
            "text_color": "#FFFFFF"
          }
        ],
        "stop_id": "1.510",
        "stop_name": "Gavarra"
      }
    },
    {
      "type": "Feature",
      "geometry": {
        "type": "Point",
        "coordinates": [
          2.084393,
          41.363381
        ]
      },
      "properties": {
        "routes": [
          {
            "color": "#005A97",
            "long_name": "Cornellà Centre - Vall d'Hebron",
            "route_type": 1,
            "short_name": "L5",
            "text_color": "#FFFFFF"
          }
        ],
        "stop_id": "1.511",
        "stop_name": "Sant Ildefons"
      }
    },
    {
      "type": "Feature",
      "geometry": {
        "type": "Point",
        "coordinates": [
          2.091506,
          41.366571
        ]
      },
      "properties": {
        "routes": [
          {
            "color": "#005A97",
            "long_name": "Cornellà Centre - Vall d'Hebron",
            "route_type": 1,
            "short_name": "L5",
            "text_color": "#FFFFFF"
          }
        ],
        "stop_id": "1.512",
        "stop_name": "Can Boixeres"
      }
    },
    {
      "type": "Feature",
      "geometry": {
        "type": "Point",
        "coordinates": [
          2.099445,
          41.371279
        ]
      },
      "properties": {
        "routes": [
          {
            "color": "#005A97",
            "long_name": "Cornellà Centre - Vall d'Hebron",
            "route_type": 1,
            "short_name": "L5",
            "text_color": "#FFFFFF"
          }
        ],
        "stop_id": "1.513",
        "stop_name": "Can Vidalet"
      }
    },
    {
      "type": "Feature",
      "geometry": {
        "type": "Point",
        "coordinates": [
          2.107209,
          41.373838
        ]
      },
      "properties": {
        "routes": [
          {
            "color": "#005A97",
            "long_name": "Cornellà Centre - Vall d'Hebron",
            "route_type": 1,
            "short_name": "L5",
            "text_color": "#FFFFFF"
          }
        ],
        "stop_id": "1.514",
        "stop_name": "Pubilla Cases"
      }
    },
    {
      "type": "Feature",
      "geometry": {
        "type": "Point",
        "coordinates": [
          2.119195,
          41.375743
        ]
      },
      "properties": {
        "routes": [
          {
            "color": "#005A97",
            "long_name": "Cornellà Centre - Vall d'Hebron",
            "route_type": 1,
            "short_name": "L5",
            "text_color": "#FFFFFF"
          }
        ],
        "stop_id": "1.515",
        "stop_name": "Collblanc"
      }
    },
    {
      "type": "Feature",
      "geometry": {
        "type": "Point",
        "coordinates": [
          2.118397,
          41.376056
        ]
      },
      "properties": {
        "routes": [
          {
            "color": "#00A6D6",
            "long_name": "ZAL | Riu Vell - Collblanc",
            "route_type": 1,
            "short_name": "L10S",
            "text_color": "#FFFFFF"
          },
          {
            "color": "#FB712B",
            "long_name": "Aeroport T1 - Zona Universitària",
            "route_type": 1,
            "short_name": "L9S",
            "text_color": "#FFFFFF"
          }
        ],
        "stop_id": "1.916",
        "stop_name": "Collblanc"
      }
    },
    {
      "type": "Feature",
      "geometry": {
        "type": "Point",
        "coordinates": [
          2.127402,
          41.375581
        ]
      },
      "properties": {
        "routes": [
          {
            "color": "#005A97",
            "long_name": "Cornellà Centre - Vall d'Hebron",
            "route_type": 1,
            "short_name": "L5",
            "text_color": "#FFFFFF"
          }
        ],
        "stop_id": "1.516",
        "stop_name": "Badal"
      }
    },
    {
      "type": "Feature",
      "geometry": {
        "type": "Point",
        "coordinates": [
          2.145619,
          41.384467
        ]
      },
      "properties": {
        "routes": [
          {
            "color": "#005A97",
            "long_name": "Cornellà Centre - Vall d'Hebron",
            "route_type": 1,
            "short_name": "L5",
            "text_color": "#FFFFFF"
          }
        ],
        "stop_id": "1.519",
        "stop_name": "Entença"
      }
    },
    {
      "type": "Feature",
      "geometry": {
        "type": "Point",
        "coordinates": [
          2.151081,
          41.388608
        ]
      },
      "properties": {
        "routes": [
          {
            "color": "#005A97",
            "long_name": "Cornellà Centre - Vall d'Hebron",
            "route_type": 1,
            "short_name": "L5",
            "text_color": "#FFFFFF"
          }
        ],
        "stop_id": "1.520",
        "stop_name": "Hospital Clínic"
      }
    },
    {
      "type": "Feature",
      "geometry": {
        "type": "Point",
        "coordinates": [
          2.176016,
          41.410753
        ]
      },
      "properties": {
        "routes": [
          {
            "color": "#005A97",
            "long_name": "Cornellà Centre - Vall d'Hebron",
            "route_type": 1,
            "short_name": "L5",
            "text_color": "#FFFFFF"
          }
        ],
        "stop_id": "1.524",
        "stop_name": "Sant Pau | Dos de Maig"
      }
    },
    {
      "type": "Feature",
      "geometry": {
        "type": "Point",
        "coordinates": [
          2.181497,
          41.41506
        ]
      },
      "properties": {
        "routes": [
          {
            "color": "#005A97",
            "long_name": "Cornellà Centre - Vall d'Hebron",
            "route_type": 1,
            "short_name": "L5",
            "text_color": "#FFFFFF"
          }
        ],
        "stop_id": "1.525",
        "stop_name": "Camp de l'Arpa"
      }
    },
    {
      "type": "Feature",
      "geometry": {
        "type": "Point",
        "coordinates": [
          2.112027,
          41.375898
        ]
      },
      "properties": {
        "routes": [
          {
            "color": "#005A97",
            "long_name": "Cornellà Centre - Vall d'Hebron",
            "route_type": 1,
            "short_name": "L5",
            "text_color": "#FFFFFF"
          }
        ],
        "stop_id": "1.555",
        "stop_name": "Ernest Lluch"
      }
    },
    {
      "type": "Feature",
      "geometry": {
        "type": "Point",
        "coordinates": [
          2.073113,
          41.303823
        ]
      },
      "properties": {
        "routes": [
          {
            "color": "#FB712B",
            "long_name": "Aeroport T1 - Zona Universitària",
            "route_type": 1,
            "short_name": "L9S",
            "text_color": "#FFFFFF"
          }
        ],
        "stop_id": "1.903",
        "stop_name": "Aeroport T2"
      }
    },
    {
      "type": "Feature",
      "geometry": {
        "type": "Point",
        "coordinates": [
          2.093463,
          41.32225
        ]
      },
      "properties": {
        "routes": [
          {
            "color": "#FB712B",
            "long_name": "Aeroport T1 - Zona Universitària",
            "route_type": 1,
            "short_name": "L9S",
            "text_color": "#FFFFFF"
          }
        ],
        "stop_id": "1.906",
        "stop_name": "Cèntric"
      }
    },
    {
      "type": "Feature",
      "geometry": {
        "type": "Point",
        "coordinates": [
          2.089927,
          41.331993
        ]
      },
      "properties": {
        "routes": [
          {
            "color": "#FB712B",
            "long_name": "Aeroport T1 - Zona Universitària",
            "route_type": 1,
            "short_name": "L9S",
            "text_color": "#FFFFFF"
          }
        ],
        "stop_id": "1.907",
        "stop_name": "El Prat Estació"
      }
    },
    {
      "type": "Feature",
      "geometry": {
        "type": "Point",
        "coordinates": [
          2.103073,
          41.329119
        ]
      },
      "properties": {
        "routes": [
          {
            "color": "#FB712B",
            "long_name": "Aeroport T1 - Zona Universitària",
            "route_type": 1,
            "short_name": "L9S",
            "text_color": "#FFFFFF"
          }
        ],
        "stop_id": "1.909",
        "stop_name": "Les Moreres"
      }
    },
    {
      "type": "Feature",
      "geometry": {
        "type": "Point",
        "coordinates": [
          2.111254,
          41.333485
        ]
      },
      "properties": {
        "routes": [
          {
            "color": "#FB712B",
            "long_name": "Aeroport T1 - Zona Universitària",
            "route_type": 1,
            "short_name": "L9S",
            "text_color": "#FFFFFF"
          }
        ],
        "stop_id": "1.910",
        "stop_name": "Mercabarna"
      }
    },
    {
      "type": "Feature",
      "geometry": {
        "type": "Point",
        "coordinates": [
          2.127401,
          41.341664
        ]
      },
      "properties": {
        "routes": [
          {
            "color": "#FB712B",
            "long_name": "Aeroport T1 - Zona Universitària",
            "route_type": 1,
            "short_name": "L9S",
            "text_color": "#FFFFFF"
          }
        ],
        "stop_id": "1.911",
        "stop_name": "Parc Logístic"
      }
    },
    {
      "type": "Feature",
      "geometry": {
        "type": "Point",
        "coordinates": [
          2.130452,
          41.351988
        ]
      },
      "properties": {
        "routes": [
          {
            "color": "#FB712B",
            "long_name": "Aeroport T1 - Zona Universitària",
            "route_type": 1,
            "short_name": "L9S",
            "text_color": "#FFFFFF"
          }
        ],
        "stop_id": "1.912",
        "stop_name": "Fira"
      }
    },
    {
      "type": "Feature",
      "geometry": {
        "type": "Point",
        "coordinates": [
          2.125924,
          41.35756
        ]
      },
      "properties": {
        "routes": [
          {
            "color": "#FB712B",
            "long_name": "Aeroport T1 - Zona Universitària",
            "route_type": 1,
            "short_name": "L9S",
            "text_color": "#FFFFFF"
          }
        ],
        "stop_id": "1.913",
        "stop_name": "Europa | Fira"
      }
    },
    {
      "type": "Feature",
      "geometry": {
        "type": "Point",
        "coordinates": [
          2.117993,
          41.360894
        ]
      },
      "properties": {
        "routes": [
          {
            "color": "#00A6D6",
            "long_name": "ZAL | Riu Vell - Collblanc",
            "route_type": 1,
            "short_name": "L10S",
            "text_color": "#FFFFFF"
          },
          {
            "color": "#FB712B",
            "long_name": "Aeroport T1 - Zona Universitària",
            "route_type": 1,
            "short_name": "L9S",
            "text_color": "#FFFFFF"
          }
        ],
        "stop_id": "1.914",
        "stop_name": "Can Tries | Gornal"
      }
    },
    {
      "type": "Feature",
      "geometry": {
        "type": "Point",
        "coordinates": [
          2.133095,
          41.323706
        ]
      },
      "properties": {
        "routes": [
          {
            "color": "#00A6D6",
            "long_name": "ZAL | Riu Vell - Collblanc",
            "route_type": 1,
            "short_name": "L10S",
            "text_color": "#FFFFFF"
          }
        ],
        "stop_id": "1.951",
        "stop_name": "ZAL | Riu Vell"
      }
    },
    {
      "type": "Feature",
      "geometry": {
        "type": "Point",
        "coordinates": [
          2.137071,
          41.330159
        ]
      },
      "properties": {
        "routes": [
          {
            "color": "#00A6D6",
            "long_name": "ZAL | Riu Vell - Collblanc",
            "route_type": 1,
            "short_name": "L10S",
            "text_color": "#FFFFFF"
          }
        ],
        "stop_id": "1.952",
        "stop_name": "Ecoparc"
      }
    },
    {
      "type": "Feature",
      "geometry": {
        "type": "Point",
        "coordinates": [
          2.140657,
          41.335983
        ]
      },
      "properties": {
        "routes": [
          {
            "color": "#00A6D6",
            "long_name": "ZAL | Riu Vell - Collblanc",
            "route_type": 1,
            "short_name": "L10S",
            "text_color": "#FFFFFF"
          }
        ],
        "stop_id": "1.953",
        "stop_name": "Port Comercial | La Factoria"
      }
    },
    {
      "type": "Feature",
      "geometry": {
        "type": "Point",
        "coordinates": [
          2.144964,
          41.342976
        ]
      },
      "properties": {
        "routes": [
          {
            "color": "#00A6D6",
            "long_name": "ZAL | Riu Vell - Collblanc",
            "route_type": 1,
            "short_name": "L10S",
            "text_color": "#FFFFFF"
          }
        ],
        "stop_id": "1.954",
        "stop_name": "Zona Franca"
      }
    },
    {
      "type": "Feature",
      "geometry": {
        "type": "Point",
        "coordinates": [
          2.141804,
          41.356161
        ]
      },
      "properties": {
        "routes": [
          {
            "color": "#00A6D6",
            "long_name": "ZAL | Riu Vell - Collblanc",
            "route_type": 1,
            "short_name": "L10S",
            "text_color": "#FFFFFF"
          }
        ],
        "stop_id": "1.956",
        "stop_name": "Foc"
      }
    },
    {
      "type": "Feature",
      "geometry": {
        "type": "Point",
        "coordinates": [
          2.138229,
          41.361099
        ]
      },
      "properties": {
        "routes": [
          {
            "color": "#00A6D6",
            "long_name": "ZAL | Riu Vell - Collblanc",
            "route_type": 1,
            "short_name": "L10S",
            "text_color": "#FFFFFF"
          }
        ],
        "stop_id": "1.957",
        "stop_name": "Foneria"
      }
    },
    {
      "type": "Feature",
      "geometry": {
        "type": "Point",
        "coordinates": [
          2.132315,
          41.363137
        ]
      },
      "properties": {
        "routes": [
          {
            "color": "#00A6D6",
            "long_name": "ZAL | Riu Vell - Collblanc",
            "route_type": 1,
            "short_name": "L10S",
            "text_color": "#FFFFFF"
          }
        ],
        "stop_id": "1.958",
        "stop_name": "Ciutat de la Justícia"
      }
    },
    {
      "type": "Feature",
      "geometry": {
        "type": "Point",
        "coordinates": [
          2.1241,
          41.361354
        ]
      },
      "properties": {
        "routes": [
          {
            "color": "#00A6D6",
            "long_name": "ZAL | Riu Vell - Collblanc",
            "route_type": 1,
            "short_name": "L10S",
            "text_color": "#FFFFFF"
          }
        ],
        "stop_id": "1.959",
        "stop_name": "Provençana"
      }
    },
    {
      "type": "Feature",
      "geometry": {
        "type": "Point",
        "coordinates": [
          2.163269,
          41.368956
        ]
      },
      "properties": {
        "routes": [
          {
            "color": "#004C38",
            "long_name": "Paral·lel - Parc de Montjuïc",
            "route_type": 7,
            "short_name": "FM",
            "text_color": "#FFFFFF"
          }
        ],
        "stop_id": "1.9902",
        "stop_name": "Parc de Montjuïc"
      }
    },
    {
      "type": "Feature",
      "geometry": {
        "type": "Point",
        "coordinates": [
          2.157891,
          41.388546
        ]
      },
      "properties": {
        "routes": [
          {
            "color": "#DA291C",
            "long_name": "Pl.Catalunya / Sant Joan Despí",
            "route_type": 3,
            "short_name": "63",
            "text_color": "#FFFFFF"
          },
          {
            "color": "#003888",
            "long_name": "Pl. Sants / Olímpic de Badalona",
            "route_type": 3,
            "short_name": "H10",
            "text_color": "#FFFFFF"
          }
        ],
        "stop_id": "2.3.674788",
        "stop_name": "València - Muntaner"
      }
    },
    {
      "type": "Feature",
      "geometry": {
        "type": "Point",
        "coordinates": [
          2.158732,
          41.391021
        ]
      },
      "properties": {
        "routes": [
          {
            "color": "#003888",
            "long_name": "Pl. Sants / Olímpic de Badalona",
            "route_type": 3,
            "short_name": "H10",
            "text_color": "#FFFFFF"
          }
        ],
        "stop_id": "2.4.689821",
        "stop_name": "Mallorca - Balmes"
      }
    },
    {
      "type": "Feature",
      "geometry": {
        "type": "Point",
        "coordinates": [
          2.16331,
          41.385907
        ]
      },
      "properties": {
        "routes": [
          {
            "color": "#DA291C",
            "long_name": "Pl. Catalunya / Collblanc",
            "route_type": 3,
            "short_name": "52",
            "text_color": "#FFFFFF"
          },
          {
            "color": "#003888",
            "long_name": "Gornal / Besòs Verneda",
            "route_type": 3,
            "short_name": "H12",
            "text_color": "#FFFFFF"
          }
        ],
        "stop_id": "2.7.674433",
        "stop_name": "Pl Universitat"
      }
    },
    {
      "type": "Feature",
      "geometry": {
        "type": "Point",
        "coordinates": [
          2.150118,
          41.371045
        ]
      },
      "properties": {
        "routes": [
          {
            "color": "#DA291C",
            "long_name": "Mercat Sant Antoni / Parc de Montjuïc",
            "route_type": 3,
            "short_name": "13",
            "text_color": "#FFFFFF"
          },
          {
            "color": "#DA291C",
            "long_name": "Pl. Espanya / Castell de Montjuïc",
            "route_type": 3,
            "short_name": "150",
            "text_color": "#FFFFFF"
          },
          {
            "color": "#010101",
            "long_name": "Paral·lel - L'Hospitalet (Av. Carrilet)",
            "route_type": 3,
            "short_name": "X3",
            "text_color": "#FFFFFF"
          }
        ],
        "stop_id": "2.8.674595",
        "stop_name": "Pl de Carles Buïgas"
      }
    },
    {
      "type": "Feature",
      "geometry": {
        "type": "Point",
        "coordinates": [
          2.116137,
          41.385593
        ]
      },
      "properties": {
        "routes": [
          {
            "color": "#DA291C",
            "long_name": "La Mercè",
            "route_type": 3,
            "short_name": "113",
            "text_color": "#FFFFFF"
          },
          {
            "color": "#DA291C",
            "long_name": "Les Corts",
            "route_type": 3,
            "short_name": "175",
            "text_color": "#FFFFFF"
          },
          {
            "color": "#DA291C",
            "long_name": "Zona Universitària / Verneda",
            "route_type": 3,
            "short_name": "33",
            "text_color": "#FFFFFF"
          },
          {
            "color": "#DA291C",
            "long_name": "Pl. Catalunya / Cornellà",
            "route_type": 3,
            "short_name": "67",
            "text_color": "#FFFFFF"
          },
          {
            "color": "#DA291C",
            "long_name": "Fòrum / Zona Universitària",
            "route_type": 3,
            "short_name": "7",
            "text_color": "#FFFFFF"
          },
          {
            "color": "#003888",
            "long_name": "Zona Universitària / Onze de Setembre",
            "route_type": 3,
            "short_name": "H6",
            "text_color": "#FFFFFF"
          }
        ],
        "stop_id": "2.21.674475",
        "stop_name": "Palau Reial"
      }
    },
    {
      "type": "Feature",
      "geometry": {
        "type": "Point",
        "coordinates": [
          2.143973,
          41.411365
        ]
      },
      "properties": {
        "routes": [
          {
            "color": "#DA291C",
            "long_name": "Pl. Catalunya / El Carmel",
            "route_type": 3,
            "short_name": "22",
            "text_color": "#FFFFFF"
          },
          {
            "color": "#6AB023",
            "long_name": "Port Vell / Vall d'Hebron",
            "route_type": 3,
            "short_name": "V17",
            "text_color": "#FFFFFF"
          }
        ],
        "stop_id": "2.22.674825",
        "stop_name": "Av República Argentina - Vallcarca"
      }
    },
    {
      "type": "Feature",
      "geometry": {
        "type": "Point",
        "coordinates": [
          2.187549,
          41.394436
        ]
      },
      "properties": {
        "routes": [
          {
            "color": "#6AB023",
            "long_name": "Pg. Marítim / Montbau",
            "route_type": 3,
            "short_name": "V21",
            "text_color": "#FFFFFF"
          }
        ],
        "stop_id": "2.27.690647",
        "stop_name": "Metro Marina"
      }
    },
    {
      "type": "Feature",
      "geometry": {
        "type": "Point",
        "coordinates": [
          2.188084,
          41.40302
        ]
      },
      "properties": {
        "routes": [
          {
            "color": "#DA291C",
            "long_name": "Fòrum / Zona Universitària",
            "route_type": 3,
            "short_name": "7",
            "text_color": "#FFFFFF"
          },
          {
            "color": "#003888",
            "long_name": "Gornal / Besòs Verneda",
            "route_type": 3,
            "short_name": "H12",
            "text_color": "#FFFFFF"
          },
          {
            "color": "#010101",
            "long_name": "BCN Centre-F.Macià / BCN Centre-Glòries",
            "route_type": 3,
            "short_name": "X1",
            "text_color": "#FFFFFF"
          }
        ],
        "stop_id": "2.32.699579",
        "stop_name": "Metro Glòries"
      }
    },
    {
      "type": "Feature",
      "geometry": {
        "type": "Point",
        "coordinates": [
          2.187545,
          41.394153
        ]
      },
      "properties": {
        "routes": [
          {
            "color": "#6AB023",
            "long_name": "Pg. Marítim / Montbau",
            "route_type": 3,
            "short_name": "V21",
            "text_color": "#FFFFFF"
          }
        ],
        "stop_id": "2.36.690645",
        "stop_name": "Metro Marina"
      }
    },
    {
      "type": "Feature",
      "geometry": {
        "type": "Point",
        "coordinates": [
          2.182932,
          41.397709
        ]
      },
      "properties": {
        "routes": [
          {
            "color": "#DA291C",
            "long_name": "Estació del Nord / Cardenal Reig",
            "route_type": 3,
            "short_name": "54",
            "text_color": "#FFFFFF"
          },
          {
            "color": "#DA291C",
            "long_name": "Pg. Manuel Girona / Poblenou",
            "route_type": 3,
            "short_name": "6",
            "text_color": "#FFFFFF"
          },
          {
            "color": "#6AB023",
            "long_name": "Pg. Marítim / Montbau",
            "route_type": 3,
            "short_name": "V21",
            "text_color": "#FFFFFF"
          }
        ],
        "stop_id": "2.38.676833",
        "stop_name": "Marina - Ribes"
      }
    },
    {
      "type": "Feature",
      "geometry": {
        "type": "Point",
        "coordinates": [
          2.178787,
          41.392553
        ]
      },
      "properties": {
        "routes": [
          {
            "color": "#DA291C",
            "long_name": "Pl. Catalunya / Sant Genís",
            "route_type": 3,
            "short_name": "19",
            "text_color": "#FFFFFF"
          },
          {
            "color": "#DA291C",
            "long_name": "Estació del Nord / Cardenal Reig",
            "route_type": 3,
            "short_name": "54",
            "text_color": "#FFFFFF"
          },
          {
            "color": "#6AB023",
            "long_name": "Barceloneta / Pl. Alfonso Comín",
            "route_type": 3,
            "short_name": "V19",
            "text_color": "#FFFFFF"
          }
        ],
        "stop_id": "2.39.693539",
        "stop_name": "Pg de Sant Joan - Alí-Bei"
      }
    },
    {
      "type": "Feature",
      "geometry": {
        "type": "Point",
        "coordinates": [
          2.136322,
          41.39071
        ]
      },
      "properties": {
        "routes": [
          {
            "color": "#DA291C",
            "long_name": "Zona Universitària / Verneda",
            "route_type": 3,
            "short_name": "33",
            "text_color": "#FFFFFF"
          },
          {
            "color": "#DA291C",
            "long_name": "Pl.Catalunya / Sant Joan Despí",
            "route_type": 3,
            "short_name": "63",
            "text_color": "#FFFFFF"
          },
          {
            "color": "#DA291C",
            "long_name": "Pl. Catalunya / Cornellà",
            "route_type": 3,
            "short_name": "67",
            "text_color": "#FFFFFF"
          },
          {
            "color": "#DA291C",
            "long_name": "Fòrum / Zona Universitària",
            "route_type": 3,
            "short_name": "7",
            "text_color": "#FFFFFF"
          },
          {
            "color": "#DA291C",
            "long_name": "Estació de Sants / Sant Joan Despí",
            "route_type": 3,
            "short_name": "78",
            "text_color": "#FFFFFF"
          }
        ],
        "stop_id": "2.41.674471",
        "stop_name": "Diagonal - Doctor Fleming"
      }
    },
    {
      "type": "Feature",
      "geometry": {
        "type": "Point",
        "coordinates": [
          2.13359,
          41.389623
        ]
      },
      "properties": {
        "routes": [
          {
            "color": "#DA291C",
            "long_name": "Zona Universitària / Verneda",
            "route_type": 3,
            "short_name": "33",
            "text_color": "#FFFFFF"
          },
          {
            "color": "#DA291C",
            "long_name": "Pg. Manuel Girona / Pl. Virrei Amat",
            "route_type": 3,
            "short_name": "34",
            "text_color": "#FFFFFF"
          },
          {
            "color": "#DA291C",
            "long_name": "Pg. Manuel Girona / Poblenou",
            "route_type": 3,
            "short_name": "6",
            "text_color": "#FFFFFF"
          },
          {
            "color": "#DA291C",
            "long_name": "Pl.Catalunya / Sant Joan Despí",
            "route_type": 3,
            "short_name": "63",
            "text_color": "#FFFFFF"
          },
          {
            "color": "#DA291C",
            "long_name": "Pl. Catalunya / Cornellà",
            "route_type": 3,
            "short_name": "67",
            "text_color": "#FFFFFF"
          },
          {
            "color": "#DA291C",
            "long_name": "Fòrum / Zona Universitària",
            "route_type": 3,
            "short_name": "7",
            "text_color": "#FFFFFF"
          }
        ],
        "stop_id": "2.42.676832",
        "stop_name": "Diagonal - L'Illa Diagonal"
      }
    },
    {
      "type": "Feature",
      "geometry": {
        "type": "Point",
        "coordinates": [
          2.139079,
          41.359826
        ]
      },
      "properties": {
        "routes": [
          {
            "color": "#DA291C",
            "long_name": "Hospital Clínic / Polígon Zona Franca",
            "route_type": 3,
            "short_name": "109",
            "text_color": "#FFFFFF"
          },
          {
            "color": "#003888",
            "long_name": "Pg. Zona Franca / Fòrum Campus Besòs",
            "route_type": 3,
            "short_name": "H16",
            "text_color": "#FFFFFF"
          },
          {
            "color": "#6AB023",
            "long_name": "Zona Franca / Can Caralleu",
            "route_type": 3,
            "short_name": "V3",
            "text_color": "#FFFFFF"
          }
        ],
        "stop_id": "2.43.676644",
        "stop_name": "Pg Zona Franca - Foneria"
      }
    },
    {
      "type": "Feature",
      "geometry": {
        "type": "Point",
        "coordinates": [
          2.141539,
          41.356863
        ]
      },
      "properties": {
        "routes": [
          {
            "color": "#DA291C",
            "long_name": "Hospital Clínic / Polígon Zona Franca",
            "route_type": 3,
            "short_name": "109",
            "text_color": "#FFFFFF"
          },
          {
            "color": "#003888",
            "long_name": "Pg. Zona Franca / Fòrum Campus Besòs",
            "route_type": 3,
            "short_name": "H16",
            "text_color": "#FFFFFF"
          },
          {
            "color": "#6AB023",
            "long_name": "Zona Franca / Can Caralleu",
            "route_type": 3,
            "short_name": "V3",
            "text_color": "#FFFFFF"
          }
        ],
        "stop_id": "2.44.695313",
        "stop_name": "Pg Zona Franca - Foc"
      }
    },
    {
      "type": "Feature",
      "geometry": {
        "type": "Point",
        "coordinates": [
          2.155467,
          41.384574
        ]
      },
      "properties": {
        "routes": [
          {
            "color": "#6AB023",
            "long_name": "Estació Marítima (WTC) / Bonanova",
            "route_type": 3,
            "short_name": "V11",
            "text_color": "#FFFFFF"
          }
        ],
        "stop_id": "2.54.676582",
        "stop_name": "Comte d'Urgell - Aragó"
      }
    },
    {
      "type": "Feature",
      "geometry": {
        "type": "Point",
        "coordinates": [
          2.165503,
          41.3918
        ]
      },
      "properties": {
        "routes": [
          {
            "color": "#DA291C",
            "long_name": "Pl. Catalunya / El Carmel",
            "route_type": 3,
            "short_name": "22",
            "text_color": "#FFFFFF"
          },
          {
            "color": "#DA291C",
            "long_name": "Pl. Catalunya / El Carmel",
            "route_type": 3,
            "short_name": "24",
            "text_color": "#FFFFFF"
          },
          {
            "color": "#DA291C",
            "long_name": "Fòrum / Zona Universitària",
            "route_type": 3,
            "short_name": "7",
            "text_color": "#FFFFFF"
          },
          {
            "color": "#6AB023",
            "long_name": "Barceloneta / Av. Tibidabo",
            "route_type": 3,
            "short_name": "V15",
            "text_color": "#FFFFFF"
          }
        ],
        "stop_id": "2.55.687729",
        "stop_name": "Pg de Gràcia - Aragó"
      }
    },
    {
      "type": "Feature",
      "geometry": {
        "type": "Point",
        "coordinates": [
          2.158017,
          41.386039
        ]
      },
      "properties": {
        "routes": [
          {
            "color": "#DA291C",
            "long_name": "Poblenou / Pl. Reina Maria Cristina",
            "route_type": 3,
            "short_name": "59",
            "text_color": "#FFFFFF"
          }
        ],
        "stop_id": "2.56.674585",
        "stop_name": "Casanova - Aragó"
      }
    },
    {
      "type": "Feature",
      "geometry": {
        "type": "Point",
        "coordinates": [
          2.160079,
          41.387899
        ]
      },
      "properties": {
        "routes": [
          {
            "color": "#DA291C",
            "long_name": "Estació del Nord / Cardenal Reig",
            "route_type": 3,
            "short_name": "54",
            "text_color": "#FFFFFF"
          },
          {
            "color": "#DA291C",
            "long_name": "Pl.Catalunya / Sant Joan Despí",
            "route_type": 3,
            "short_name": "63",
            "text_color": "#FFFFFF"
          },
          {
            "color": "#DA291C",
            "long_name": "Pl. Catalunya / Cornellà",
            "route_type": 3,
            "short_name": "67",
            "text_color": "#FFFFFF"
          },
          {
            "color": "#6AB023",
            "long_name": "Pl. Catalunya / Av. Tibidabo",
            "route_type": 3,
            "short_name": "V13",
            "text_color": "#FFFFFF"
          }
        ],
        "stop_id": "2.58.676818",
        "stop_name": "Aribau - Aragó"
      }
    },
    {
      "type": "Feature",
      "geometry": {
        "type": "Point",
        "coordinates": [
          2.150088,
          41.380083
        ]
      },
      "properties": {
        "routes": [
          {
            "color": "#6AB023",
            "long_name": "Poble-sec / Sarrià",
            "route_type": 3,
            "short_name": "V9",
            "text_color": "#FFFFFF"
          }
        ],
        "stop_id": "2.59.674898",
        "stop_name": "Entença - Consell de Cent"
      }
    },
    {
      "type": "Feature",
      "geometry": {
        "type": "Point",
        "coordinates": [
          2.167925,
          41.393898
        ]
      },
      "properties": {
        "routes": [
          {
            "color": "#DA291C",
            "long_name": "Pl. Urquinaona / Pl. Catalana",
            "route_type": 3,
            "short_name": "39",
            "text_color": "#FFFFFF"
          },
          {
            "color": "#DA291C",
            "long_name": "Pg. Marítim / Canyelles",
            "route_type": 3,
            "short_name": "47",
            "text_color": "#FFFFFF"
          },
          {
            "color": "#6AB023",
            "long_name": "Port Vell / Vall d'Hebron",
            "route_type": 3,
            "short_name": "V17",
            "text_color": "#FFFFFF"
          }
        ],
        "stop_id": "2.60.675058",
        "stop_name": "Llúria - Aragó"
      }
    },
    {
      "type": "Feature",
      "geometry": {
        "type": "Point",
        "coordinates": [
          2.18503,
          41.40661
        ]
      },
      "properties": {
        "routes": [
          {
            "color": "#6AB023",
            "long_name": "Nova Icària / Can Marcet",
            "route_type": 3,
            "short_name": "V23",
            "text_color": "#FFFFFF"
          }
        ],
        "stop_id": "2.61.695673",
        "stop_name": "Independència - Consell de Cent"
      }
    },
    {
      "type": "Feature",
      "geometry": {
        "type": "Point",
        "coordinates": [
          2.172391,
          41.397386
        ]
      },
      "properties": {
        "routes": [
          {
            "color": "#DA291C",
            "long_name": "Pl. Catalunya / Sant Genís",
            "route_type": 3,
            "short_name": "19",
            "text_color": "#FFFFFF"
          },
          {
            "color": "#DA291C",
            "long_name": "Pg. Manuel Girona / Poblenou",
            "route_type": 3,
            "short_name": "6",
            "text_color": "#FFFFFF"
          },
          {
            "color": "#93107E",
            "long_name": "Paral·lel / Ciutat Meridiana",
            "route_type": 3,
            "short_name": "D50",
            "text_color": "#FFFFFF"
          },
          {
            "color": "#6AB023",
            "long_name": "Barceloneta / Pl. Alfonso Comín",
            "route_type": 3,
            "short_name": "V19",
            "text_color": "#FFFFFF"
          }
        ],
        "stop_id": "2.63.690907",
        "stop_name": "Pg de Sant Joan - Aragó"
      }
    },
    {
      "type": "Feature",
      "geometry": {
        "type": "Point",
        "coordinates": [
          2.061772,
          41.362755
        ]
      },
      "properties": {
        "routes": [
          {
            "color": "#DA291C",
            "long_name": "Circular Cornellà 1",
            "route_type": 3,
            "short_name": "95",
            "text_color": "#FFFFFF"
          }
        ],
        "stop_id": "2.64.693347",
        "stop_name": "Montserrat Roig - Lleó Fontova"
      }
    },
    {
      "type": "Feature",
      "geometry": {
        "type": "Point",
        "coordinates": [
          2.143749,
          41.391603
        ]
      },
      "properties": {
        "routes": [
          {
            "color": "#DA291C",
            "long_name": "Estació de Sants / Roquetes",
            "route_type": 3,
            "short_name": "27",
            "text_color": "#FFFFFF"
          },
          {
            "color": "#93107E",
            "long_name": "Pl. Espanya / Canyelles",
            "route_type": 3,
            "short_name": "D40",
            "text_color": "#FFFFFF"
          },
          {
            "color": "#003888",
            "long_name": "Ernest Lluch / Bon Pastor",
            "route_type": 3,
            "short_name": "H8",
            "text_color": "#FFFFFF"
          },
          {
            "color": "#6AB023",
            "long_name": "Poble-sec / Sarrià",
            "route_type": 3,
            "short_name": "V9",
            "text_color": "#FFFFFF"
          }
        ],
        "stop_id": "2.65.691710",
        "stop_name": "Josep Tarradellas - Francesc Macià"
      }
    },
    {
      "type": "Feature",
      "geometry": {
        "type": "Point",
        "coordinates": [
          2.075946,
          41.30293
        ]
      },
      "properties": {
        "routes": [
          {
            "color": "#DA291C",
            "long_name": "Pl. Espanya / Aeroport BCN",
            "route_type": 3,
            "short_name": "46",
            "text_color": "#FFFFFF"
          }
        ],
        "stop_id": "2.79.695088",
        "stop_name": "Aeroport T2B - Sortides"
      }
    },
    {
      "type": "Feature",
      "geometry": {
        "type": "Point",
        "coordinates": [
          2.079326,
          41.30415
        ]
      },
      "properties": {
        "routes": [
          {
            "color": "#DA291C",
            "long_name": "Pl. Espanya / Aeroport BCN",
            "route_type": 3,
            "short_name": "46",
            "text_color": "#FFFFFF"
          }
        ],
        "stop_id": "2.80.692816",
        "stop_name": "Aeroport T2B - Arribades"
      }
    },
    {
      "type": "Feature",
      "geometry": {
        "type": "Point",
        "coordinates": [
          2.081875,
          41.305032
        ]
      },
      "properties": {
        "routes": [
          {
            "color": "#DA291C",
            "long_name": "Pl. Espanya / Aeroport BCN",
            "route_type": 3,
            "short_name": "46",
            "text_color": "#FFFFFF"
          }
        ],
        "stop_id": "2.81.692819",
        "stop_name": "Aeroport T2C"
      }
    },
    {
      "type": "Feature",
      "geometry": {
        "type": "Point",
        "coordinates": [
          2.120214,
          41.352763
        ]
      },
      "properties": {
        "routes": [
          {
            "color": "#DA291C",
            "long_name": "Pl. Espanya / Aeroport BCN",
            "route_type": 3,
            "short_name": "46",
            "text_color": "#FFFFFF"
          },
          {
            "color": "#DA291C",
            "long_name": "Pl. Espanya / El Prat",
            "route_type": 3,
            "short_name": "65",
            "text_color": "#FFFFFF"
          },
          {
            "color": "#003888",
            "long_name": "Gornal / Besòs Verneda",
            "route_type": 3,
            "short_name": "H12",
            "text_color": "#FFFFFF"
          }
        ],
        "stop_id": "2.91.682021",
        "stop_name": "Av Granvia - Miguel Hernández"
      }
    },
    {
      "type": "Feature",
      "geometry": {
        "type": "Point",
        "coordinates": [
          2.126577,
          41.358353
        ]
      },
      "properties": {
        "routes": [
          {
            "color": "#DA291C",
            "long_name": "Pl. Espanya / Aeroport BCN",
            "route_type": 3,
            "short_name": "46",
            "text_color": "#FFFFFF"
          },
          {
            "color": "#DA291C",
            "long_name": "Pl. Espanya / El Prat",
            "route_type": 3,
            "short_name": "65",
            "text_color": "#FFFFFF"
          },
          {
            "color": "#003888",
            "long_name": "Gornal / Besòs Verneda",
            "route_type": 3,
            "short_name": "H12",
            "text_color": "#FFFFFF"
          }
        ],
        "stop_id": "2.92.681620",
        "stop_name": "Pl Europa"
      }
    },
    {
      "type": "Feature",
      "geometry": {
        "type": "Point",
        "coordinates": [
          2.155382,
          41.395404
        ]
      },
      "properties": {
        "routes": [
          {
            "color": "#DA291C",
            "long_name": "Zona Universitària / Verneda",
            "route_type": 3,
            "short_name": "33",
            "text_color": "#FFFFFF"
          },
          {
            "color": "#DA291C",
            "long_name": "Pg. Manuel Girona / Pl. Virrei Amat",
            "route_type": 3,
            "short_name": "34",
            "text_color": "#FFFFFF"
          },
          {
            "color": "#DA291C",
            "long_name": "Pg. Manuel Girona / Poblenou",
            "route_type": 3,
            "short_name": "6",
            "text_color": "#FFFFFF"
          },
          {
            "color": "#003888",
            "long_name": "Ernest Lluch / Bon Pastor",
            "route_type": 3,
            "short_name": "H8",
            "text_color": "#FFFFFF"
          }
        ],
        "stop_id": "2.94.691306",
        "stop_name": "Diagonal - Balmes"
      }
    },
    {
      "type": "Feature",
      "geometry": {
        "type": "Point",
        "coordinates": [
          2.165804,
          41.387854
        ]
      },
      "properties": {
        "routes": [
          {
            "color": "#003888",
            "long_name": "Gornal / Besòs Verneda",
            "route_type": 3,
            "short_name": "H12",
            "text_color": "#FFFFFF"
          }
        ],
        "stop_id": "2.95.690105",
        "stop_name": "Gran Via - Balmes"
      }
    },
    {
      "type": "Feature",
      "geometry": {
        "type": "Point",
        "coordinates": [
          2.160081,
          41.390198
        ]
      },
      "properties": {
        "routes": [
          {
            "color": "#DA291C",
            "long_name": "Pl.Catalunya / Sant Joan Despí",
            "route_type": 3,
            "short_name": "63",
            "text_color": "#FFFFFF"
          },
          {
            "color": "#003888",
            "long_name": "Pl. Sants / Olímpic de Badalona",
            "route_type": 3,
            "short_name": "H10",
            "text_color": "#FFFFFF"
          }
        ],
        "stop_id": "2.98.674789",
        "stop_name": "València - Balmes"
      }
    },
    {
      "type": "Feature",
      "geometry": {
        "type": "Point",
        "coordinates": [
          2.153392,
          41.393679
        ]
      },
      "properties": {
        "routes": [
          {
            "color": "#DA291C",
            "long_name": "Pl. Catalunya / Cornellà",
            "route_type": 3,
            "short_name": "67",
            "text_color": "#FFFFFF"
          }
        ],
        "stop_id": "2.100.696632",
        "stop_name": "París - Enric Granados"
      }
    },
    {
      "type": "Feature",
      "geometry": {
        "type": "Point",
        "coordinates": [
          2.195547,
          41.41497
        ]
      },
      "properties": {
        "routes": [
          {
            "color": "#DA291C",
            "long_name": "Zona Universitària / Verneda",
            "route_type": 3,
            "short_name": "33",
            "text_color": "#FFFFFF"
          },
          {
            "color": "#003888",
            "long_name": "Pl. Sants / Olímpic de Badalona",
            "route_type": 3,
            "short_name": "H10",
            "text_color": "#FFFFFF"
          }
        ],
        "stop_id": "2.105.689762",
        "stop_name": "Guipúscoa - Bac de Roda"
      }
    },
    {
      "type": "Feature",
      "geometry": {
        "type": "Point",
        "coordinates": [
          2.195057,
          41.415047
        ]
      },
      "properties": {
        "routes": [
          {
            "color": "#DA291C",
            "long_name": "Zona Universitària / Verneda",
            "route_type": 3,
            "short_name": "33",
            "text_color": "#FFFFFF"
          },
          {
            "color": "#003888",
            "long_name": "Pl. Sants / Olímpic de Badalona",
            "route_type": 3,
            "short_name": "H10",
            "text_color": "#FFFFFF"
          }
        ],
        "stop_id": "2.106.676815",
        "stop_name": "Guipúscoa - Bac de Roda"
      }
    },
    {
      "type": "Feature",
      "geometry": {
        "type": "Point",
        "coordinates": [
          2.147176,
          41.373762
        ]
      },
      "properties": {
        "routes": [
          {
            "color": "#DA291C",
            "long_name": "Hospital Clínic / Polígon Zona Franca",
            "route_type": 3,
            "short_name": "109",
            "text_color": "#FFFFFF"
          },
          {
            "color": "#DA291C",
            "long_name": "Pl. Espanya / Aeroport BCN",
            "route_type": 3,
            "short_name": "46",
            "text_color": "#FFFFFF"
          },
          {
            "color": "#DA291C",
            "long_name": "Pl. Espanya / El Prat",
            "route_type": 3,
            "short_name": "65",
            "text_color": "#FFFFFF"
          },
          {
            "color": "#003888",
            "long_name": "Gornal / Besòs Verneda",
            "route_type": 3,
            "short_name": "H12",
            "text_color": "#FFFFFF"
          },
          {
            "color": "#003888",
            "long_name": "Pg. Zona Franca / Fòrum Campus Besòs",
            "route_type": 3,
            "short_name": "H16",
            "text_color": "#FFFFFF"
          },
          {
            "color": "#010101",
            "long_name": "Prat XPRES (Pl. Espanya - Av. Remolar)",
            "route_type": 3,
            "short_name": "X2",
            "text_color": "#FFFFFF"
          }
        ],
        "stop_id": "2.108.698907",
        "stop_name": "Pl Espanya - FGC"
      }
    },
    {
      "type": "Feature",
      "geometry": {
        "type": "Point",
        "coordinates": [
          2.137456,
          41.384607
        ]
      },
      "properties": {
        "routes": [
          {
            "color": "#DA291C",
            "long_name": "Poblenou / Pl. Reina Maria Cristina",
            "route_type": 3,
            "short_name": "59",
            "text_color": "#FFFFFF"
          },
          {
            "color": "#DA291C",
            "long_name": "Estació de Sants / Sant Joan Despí",
            "route_type": 3,
            "short_name": "78",
            "text_color": "#FFFFFF"
          },
          {
            "color": "#003888",
            "long_name": "Ernest Lluch / Bon Pastor",
            "route_type": 3,
            "short_name": "H8",
            "text_color": "#FFFFFF"
          }
        ],
        "stop_id": "2.109.674688",
        "stop_name": "Numància - Marquès de Sentmenat"
      }
    },
    {
      "type": "Feature",
      "geometry": {
        "type": "Point",
        "coordinates": [
          2.141836,
          41.382902
        ]
      },
      "properties": {
        "routes": [
          {
            "color": "#DA291C",
            "long_name": "Estació de Sants / Sant Joan Despí",
            "route_type": 3,
            "short_name": "78",
            "text_color": "#FFFFFF"
          },
          {
            "color": "#6AB023",
            "long_name": "Pl. Espanya / Sarrià",
            "route_type": 3,
            "short_name": "V7",
            "text_color": "#FFFFFF"
          }
        ],
        "stop_id": "2.110.688004",
        "stop_name": "Nicaragua - Josep Tarradellas"
      }
    },
    {
      "type": "Feature",
      "geometry": {
        "type": "Point",
        "coordinates": [
          2.147712,
          41.409254
        ]
      },
      "properties": {
        "routes": [
          {
            "color": "#DA291C",
            "long_name": "Pl. Catalunya / El Carmel",
            "route_type": 3,
            "short_name": "22",
            "text_color": "#FFFFFF"
          },
          {
            "color": "#6AB023",
            "long_name": "Port Vell / Vall d'Hebron",
            "route_type": 3,
            "short_name": "V17",
            "text_color": "#FFFFFF"
          }
        ],
        "stop_id": "2.118.689793",
        "stop_name": "Bolívar - Ballester"
      }
    },
    {
      "type": "Feature",
      "geometry": {
        "type": "Point",
        "coordinates": [
          2.148951,
          41.408598
        ]
      },
      "properties": {
        "routes": [
          {
            "color": "#DA291C",
            "long_name": "Estació de Sants / Roquetes",
            "route_type": 3,
            "short_name": "27",
            "text_color": "#FFFFFF"
          }
        ],
        "stop_id": "2.119.692730",
        "stop_name": "Av de Vallcarca - Pl Lesseps"
      }
    },
    {
      "type": "Feature",
      "geometry": {
        "type": "Point",
        "coordinates": [
          2.15123,
          41.401525
        ]
      },
      "properties": {
        "routes": [
          {
            "color": "#DA291C",
            "long_name": "Pl. Catalunya / El Carmel",
            "route_type": 3,
            "short_name": "22",
            "text_color": "#FFFFFF"
          },
          {
            "color": "#DA291C",
            "long_name": "Pl. Catalunya / El Carmel",
            "route_type": 3,
            "short_name": "24",
            "text_color": "#FFFFFF"
          },
          {
            "color": "#DA291C",
            "long_name": "Estació de Sants / Roquetes",
            "route_type": 3,
            "short_name": "27",
            "text_color": "#FFFFFF"
          },
          {
            "color": "#93107E",
            "long_name": "Pl. Espanya / Canyelles",
            "route_type": 3,
            "short_name": "D40",
            "text_color": "#FFFFFF"
          },
          {
            "color": "#6AB023",
            "long_name": "Port Vell / Vall d'Hebron",
            "route_type": 3,
            "short_name": "V17",
            "text_color": "#FFFFFF"
          }
        ],
        "stop_id": "2.120.674630",
        "stop_name": "Av Riera de Cassoles - Rambla de Prat"
      }
    },
    {
      "type": "Feature",
      "geometry": {
        "type": "Point",
        "coordinates": [
          2.178718,
          41.391274
        ]
      },
      "properties": {
        "routes": [
          {
            "color": "#DA291C",
            "long_name": "Pl. Catalunya / Sant Genís",
            "route_type": 3,
            "short_name": "19",
            "text_color": "#FFFFFF"
          },
          {
            "color": "#003888",
            "long_name": "Pg. Zona Franca / Fòrum Campus Besòs",
            "route_type": 3,
            "short_name": "H16",
            "text_color": "#FFFFFF"
          },
          {
            "color": "#6AB023",
            "long_name": "Port Vell / Vall d'Hebron",
            "route_type": 3,
            "short_name": "V17",
            "text_color": "#FFFFFF"
          }
        ],
        "stop_id": "2.123.677959",
        "stop_name": "Arc de Triomf"
      }
    },
    {
      "type": "Feature",
      "geometry": {
        "type": "Point",
        "coordinates": [
          2.174219,
          41.39379
        ]
      },
      "properties": {
        "routes": [
          {
            "color": "#DA291C",
            "long_name": "Fòrum / Zona Universitària",
            "route_type": 3,
            "short_name": "7",
            "text_color": "#FFFFFF"
          },
          {
            "color": "#93107E",
            "long_name": "Paral·lel / Ciutat Meridiana",
            "route_type": 3,
            "short_name": "D50",
            "text_color": "#FFFFFF"
          },
          {
            "color": "#003888",
            "long_name": "Gornal / Besòs Verneda",
            "route_type": 3,
            "short_name": "H12",
            "text_color": "#FFFFFF"
          },
          {
            "color": "#010101",
            "long_name": "BCN Centre-F.Macià / BCN Centre-Glòries",
            "route_type": 3,
            "short_name": "X1",
            "text_color": "#FFFFFF"
          }
        ],
        "stop_id": "2.125.674376",
        "stop_name": "Metro Tetuan"
      }
    },
    {
      "type": "Feature",
      "geometry": {
        "type": "Point",
        "coordinates": [
          2.169109,
          41.396988
        ]
      },
      "properties": {
        "routes": [
          {
            "color": "#003888",
            "long_name": "Pl. Sants / Olímpic de Badalona",
            "route_type": 3,
            "short_name": "H10",
            "text_color": "#FFFFFF"
          }
        ],
        "stop_id": "2.126.675094",
        "stop_name": "Mercat de la Concepció"
      }
    },
    {
      "type": "Feature",
      "geometry": {
        "type": "Point",
        "coordinates": [
          2.147586,
          41.409658
        ]
      },
      "properties": {
        "routes": [
          {
            "color": "#DA291C",
            "long_name": "Estació de Sants / Roquetes",
            "route_type": 3,
            "short_name": "27",
            "text_color": "#FFFFFF"
          }
        ],
        "stop_id": "2.129.699542",
        "stop_name": "Av de Vallcarca - Ballester"
      }
    },
    {
      "type": "Feature",
      "geometry": {
        "type": "Point",
        "coordinates": [
          2.183528,
          41.389501
        ]
      },
      "properties": {
        "routes": [
          {
            "color": "#003888",
            "long_name": "Pg. Zona Franca / Fòrum Campus Besòs",
            "route_type": 3,
            "short_name": "H16",
            "text_color": "#FFFFFF"
          },
          {
            "color": "#6AB023",
            "long_name": "Port Vell / Vall d'Hebron",
            "route_type": 3,
            "short_name": "V17",
            "text_color": "#FFFFFF"
          },
          {
            "color": "#6AB023",
            "long_name": "Barceloneta / Pl. Alfonso Comín",
            "route_type": 3,
            "short_name": "V19",
            "text_color": "#FFFFFF"
          }
        ],
        "stop_id": "2.130.675030",
        "stop_name": "Pg Lluís Companys - Parc de la Ciutadella"
      }
    },
    {
      "type": "Feature",
      "geometry": {
        "type": "Point",
        "coordinates": [
          2.144053,
          41.390958
        ]
      },
      "properties": {
        "routes": [
          {
            "color": "#DA291C",
            "long_name": "Estació de Sants / Roquetes",
            "route_type": 3,
            "short_name": "27",
            "text_color": "#FFFFFF"
          },
          {
            "color": "#DA291C",
            "long_name": "Poblenou / Pl. Reina Maria Cristina",
            "route_type": 3,
            "short_name": "59",
            "text_color": "#FFFFFF"
          },
          {
            "color": "#93107E",
            "long_name": "Pl. Espanya / Canyelles",
            "route_type": 3,
            "short_name": "D40",
            "text_color": "#FFFFFF"
          }
        ],
        "stop_id": "2.136.674707",
        "stop_name": "Josep Tarradellas - Av de Sarrià"
      }
    },
    {
      "type": "Feature",
      "geometry": {
        "type": "Point",
        "coordinates": [
          2.158158,
          41.378171
        ]
      },
      "properties": {
        "routes": [
          {
            "color": "#DA291C",
            "long_name": "Ciutat Vella",
            "route_type": 3,
            "short_name": "120",
            "text_color": "#FFFFFF"
          },
          {
            "color": "#DA291C",
            "long_name": "Mercat Sant Antoni / Parc de Montjuïc",
            "route_type": 3,
            "short_name": "13",
            "text_color": "#FFFFFF"
          },
          {
            "color": "#DA291C",
            "long_name": "Pl. Urquinaona / Parc de Montjuïc",
            "route_type": 3,
            "short_name": "55",
            "text_color": "#FFFFFF"
          },
          {
            "color": "#DA291C",
            "long_name": "Manso / La Bordeta",
            "route_type": 3,
            "short_name": "91",
            "text_color": "#FFFFFF"
          },
          {
            "color": "#003888",
            "long_name": "Pg. Zona Franca / Fòrum Campus Besòs",
            "route_type": 3,
            "short_name": "H16",
            "text_color": "#FFFFFF"
          }
        ],
        "stop_id": "2.137.690549",
        "stop_name": "Floridablanca - Viladomat"
      }
    },
    {
      "type": "Feature",
      "geometry": {
        "type": "Point",
        "coordinates": [
          2.154537,
          41.38602
        ]
      },
      "properties": {
        "routes": [
          {
            "color": "#DA291C",
            "long_name": "Hospital Clínic / Polígon Zona Franca",
            "route_type": 3,
            "short_name": "109",
            "text_color": "#FFFFFF"
          },
          {
            "color": "#003888",
            "long_name": "Pl. Sants / Olímpic de Badalona",
            "route_type": 3,
            "short_name": "H10",
            "text_color": "#FFFFFF"
          },
          {
            "color": "#6AB023",
            "long_name": "Estació Marítima (WTC) / Bonanova",
            "route_type": 3,
            "short_name": "V11",
            "text_color": "#FFFFFF"
          }
        ],
        "stop_id": "2.138.692546",
        "stop_name": "València - Comte d'Urgell"
      }
    },
    {
      "type": "Feature",
      "geometry": {
        "type": "Point",
        "coordinates": [
          2.153119,
          41.386791
        ]
      },
      "properties": {
        "routes": [
          {
            "color": "#DA291C",
            "long_name": "Hospital Clínic / Polígon Zona Franca",
            "route_type": 3,
            "short_name": "109",
            "text_color": "#FFFFFF"
          },
          {
            "color": "#003888",
            "long_name": "Pl. Sants / Olímpic de Badalona",
            "route_type": 3,
            "short_name": "H10",
            "text_color": "#FFFFFF"
          }
        ],
        "stop_id": "2.139.692544",
        "stop_name": "Mallorca - Comte d'Urgell"
      }
    },
    {
      "type": "Feature",
      "geometry": {
        "type": "Point",
        "coordinates": [
          2.167171,
          41.375061
        ]
      },
      "properties": {
        "routes": [
          {
            "color": "#93107E",
            "long_name": "Pg. Marítim / Ernest Lluch",
            "route_type": 3,
            "short_name": "D20",
            "text_color": "#FFFFFF"
          }
        ],
        "stop_id": "2.140.691760",
        "stop_name": "Paral·lel - Ronda Sant Pau"
      }
    },
    {
      "type": "Feature",
      "geometry": {
        "type": "Point",
        "coordinates": [
          2.163744,
          41.398075
        ]
      },
      "properties": {
        "routes": [
          {
            "color": "#DA291C",
            "long_name": "Gràcia / Can Baró",
            "route_type": 3,
            "short_name": "114",
            "text_color": "#FFFFFF"
          },
          {
            "color": "#DA291C",
            "long_name": "Pl. Urquinaona / Pl. Catalana",
            "route_type": 3,
            "short_name": "39",
            "text_color": "#FFFFFF"
          },
          {
            "color": "#DA291C",
            "long_name": "Pg. Marítim / Canyelles",
            "route_type": 3,
            "short_name": "47",
            "text_color": "#FFFFFF"
          },
          {
            "color": "#003888",
            "long_name": "Ernest Lluch / Bon Pastor",
            "route_type": 3,
            "short_name": "H8",
            "text_color": "#FFFFFF"
          }
        ],
        "stop_id": "2.146.674792",
        "stop_name": "Rosselló - Bruc"
      }
    },
    {
      "type": "Feature",
      "geometry": {
        "type": "Point",
        "coordinates": [
          2.175962,
          41.390249
        ]
      },
      "properties": {
        "routes": [
          {
            "color": "#DA291C",
            "long_name": "Pl. Catalunya / Sant Genís",
            "route_type": 3,
            "short_name": "19",
            "text_color": "#FFFFFF"
          },
          {
            "color": "#93107E",
            "long_name": "Paral·lel / Ciutat Meridiana",
            "route_type": 3,
            "short_name": "D50",
            "text_color": "#FFFFFF"
          },
          {
            "color": "#003888",
            "long_name": "Pg. Zona Franca / Fòrum Campus Besòs",
            "route_type": 3,
            "short_name": "H16",
            "text_color": "#FFFFFF"
          },
          {
            "color": "#6AB023",
            "long_name": "Port Vell / Vall d'Hebron",
            "route_type": 3,
            "short_name": "V17",
            "text_color": "#FFFFFF"
          }
        ],
        "stop_id": "2.148.677961",
        "stop_name": "Ronda Sant Pere - Girona"
      }
    },
    {
      "type": "Feature",
      "geometry": {
        "type": "Point",
        "coordinates": [
          2.171675,
          41.39187
        ]
      },
      "properties": {
        "routes": [
          {
            "color": "#DA291C",
            "long_name": "Fòrum / Zona Universitària",
            "route_type": 3,
            "short_name": "7",
            "text_color": "#FFFFFF"
          },
          {
            "color": "#93107E",
            "long_name": "Paral·lel / Ciutat Meridiana",
            "route_type": 3,
            "short_name": "D50",
            "text_color": "#FFFFFF"
          },
          {
            "color": "#003888",
            "long_name": "Gornal / Besòs Verneda",
            "route_type": 3,
            "short_name": "H12",
            "text_color": "#FFFFFF"
          }
        ],
        "stop_id": "2.149.674375",
        "stop_name": "Gran Via - Llúria"
      }
    },
    {
      "type": "Feature",
      "geometry": {
        "type": "Point",
        "coordinates": [
          2.081109,
          41.369641
        ]
      },
      "properties": {
        "routes": [
          {
            "color": "#DA291C",
            "long_name": "Pl. Catalunya / Cornellà",
            "route_type": 3,
            "short_name": "67",
            "text_color": "#FFFFFF"
          },
          {
            "color": "#DA291C",
            "long_name": "Hospital Clínic / Cornellà",
            "route_type": 3,
            "short_name": "68",
            "text_color": "#FFFFFF"
          },
          {
            "color": "#DA291C",
            "long_name": "Estació de Sants / Sant Joan Despí",
            "route_type": 3,
            "short_name": "78",
            "text_color": "#FFFFFF"
          }
        ],
        "stop_id": "2.151.691562",
        "stop_name": "Av de Cornellà - Montesa"
      }
    },
    {
      "type": "Feature",
      "geometry": {
        "type": "Point",
        "coordinates": [
          2.188244,
          41.417606
        ]
      },
      "properties": {
        "routes": [
          {
            "color": "#6AB023",
            "long_name": "Pg. Marítim / Canyelles",
            "route_type": 3,
            "short_name": "V27",
            "text_color": "#FFFFFF"
          }
        ],
        "stop_id": "2.156.675349",
        "stop_name": "Espronceda - Pl Islàndia"
      }
    },
    {
      "type": "Feature",
      "geometry": {
        "type": "Point",
        "coordinates": [
          2.131036,
          41.373489
        ]
      },
      "properties": {
        "routes": [
          {
            "color": "#DA291C",
            "long_name": "Rambla de Badal / Bonanova",
            "route_type": 3,
            "short_name": "70",
            "text_color": "#FFFFFF"
          }
        ],
        "stop_id": "2.160.692083",
        "stop_name": "Badal - Canalejas - Final de trajecte"
      }
    },
    {
      "type": "Feature",
      "geometry": {
        "type": "Point",
        "coordinates": [
          2.130456,
          41.375049
        ]
      },
      "properties": {
        "routes": [
          {
            "color": "#DA291C",
            "long_name": "Rambla de Badal / Bonanova",
            "route_type": 3,
            "short_name": "70",
            "text_color": "#FFFFFF"
          }
        ],
        "stop_id": "2.161.675281",
        "stop_name": "Badal - Casteràs"
      }
    },
    {
      "type": "Feature",
      "geometry": {
        "type": "Point",
        "coordinates": [
          2.191488,
          41.417652
        ]
      },
      "properties": {
        "routes": [
          {
            "color": "#DA291C",
            "long_name": "Pg. Manuel Girona / Pl. Virrei Amat",
            "route_type": 3,
            "short_name": "34",
            "text_color": "#FFFFFF"
          }
        ],
        "stop_id": "2.162.674952",
        "stop_name": "Sagrera - Múrcia"
      }
    },
    {
      "type": "Feature",
      "geometry": {
        "type": "Point",
        "coordinates": [
          2.155608,
          41.386831
        ]
      },
      "properties": {
        "routes": [
          {
            "color": "#DA291C",
            "long_name": "Pl.Catalunya / Sant Joan Despí",
            "route_type": 3,
            "short_name": "63",
            "text_color": "#FFFFFF"
          }
        ],
        "stop_id": "2.165.674787",
        "stop_name": "València - Villarroel"
      }
    },
    {
      "type": "Feature",
      "geometry": {
        "type": "Point",
        "coordinates": [
          2.156721,
          41.389512
        ]
      },
      "properties": {
        "routes": [
          {
            "color": "#003888",
            "long_name": "Pl. Sants / Olímpic de Badalona",
            "route_type": 3,
            "short_name": "H10",
            "text_color": "#FFFFFF"
          }
        ],
        "stop_id": "2.166.692548",
        "stop_name": "Mallorca - Muntaner"
      }
    },
    {
      "type": "Feature",
      "geometry": {
        "type": "Point",
        "coordinates": [
          2.160999,
          41.38425
        ]
      },
      "properties": {
        "routes": [
          {
            "color": "#DA291C",
            "long_name": "Pl. Catalunya / Collblanc",
            "route_type": 3,
            "short_name": "52",
            "text_color": "#FFFFFF"
          },
          {
            "color": "#DA291C",
            "long_name": "Poblenou / Pl. Reina Maria Cristina",
            "route_type": 3,
            "short_name": "59",
            "text_color": "#FFFFFF"
          },
          {
            "color": "#003888",
            "long_name": "Gornal / Besòs Verneda",
            "route_type": 3,
            "short_name": "H12",
            "text_color": "#FFFFFF"
          }
        ],
        "stop_id": "2.167.688173",
        "stop_name": "Gran Via - Casanova"
      }
    },
    {
      "type": "Feature",
      "geometry": {
        "type": "Point",
        "coordinates": [
          2.146355,
          41.393118
        ]
      },
      "properties": {
        "routes": [
          {
            "color": "#DA291C",
            "long_name": "Zona Universitària / Verneda",
            "route_type": 3,
            "short_name": "33",
            "text_color": "#FFFFFF"
          },
          {
            "color": "#DA291C",
            "long_name": "Pg. Manuel Girona / Pl. Virrei Amat",
            "route_type": 3,
            "short_name": "34",
            "text_color": "#FFFFFF"
          },
          {
            "color": "#DA291C",
            "long_name": "Pg. Manuel Girona / Poblenou",
            "route_type": 3,
            "short_name": "6",
            "text_color": "#FFFFFF"
          },
          {
            "color": "#DA291C",
            "long_name": "Fòrum / Zona Universitària",
            "route_type": 3,
            "short_name": "7",
            "text_color": "#FFFFFF"
          },
          {
            "color": "#003888",
            "long_name": "Ernest Lluch / Bon Pastor",
            "route_type": 3,
            "short_name": "H8",
            "text_color": "#FFFFFF"
          }
        ],
        "stop_id": "2.168.691340",
        "stop_name": "Diagonal - Francesc Macià"
      }
    },
    {
      "type": "Feature",
      "geometry": {
        "type": "Point",
        "coordinates": [
          2.149974,
          41.391101
        ]
      },
      "properties": {
        "routes": [
          {
            "color": "#DA291C",
            "long_name": "Estació del Nord / Cardenal Reig",
            "route_type": 3,
            "short_name": "54",
            "text_color": "#FFFFFF"
          },
          {
            "color": "#DA291C",
            "long_name": "Pl. Catalunya / Cornellà",
            "route_type": 3,
            "short_name": "67",
            "text_color": "#FFFFFF"
          },
          {
            "color": "#DA291C",
            "long_name": "Hospital Clínic / Cornellà",
            "route_type": 3,
            "short_name": "68",
            "text_color": "#FFFFFF"
          }
        ],
        "stop_id": "2.171.675630",
        "stop_name": "París - Casanova"
      }
    },
    {
      "type": "Feature",
      "geometry": {
        "type": "Point",
        "coordinates": [
          2.156551,
          41.385291
        ]
      },
      "properties": {
        "routes": [
          {
            "color": "#DA291C",
            "long_name": "Esq. de l'Eixample",
            "route_type": 3,
            "short_name": "141",
            "text_color": "#FFFFFF"
          },
          {
            "color": "#DA291C",
            "long_name": "Poblenou / Pl. Reina Maria Cristina",
            "route_type": 3,
            "short_name": "59",
            "text_color": "#FFFFFF"
          },
          {
            "color": "#6AB023",
            "long_name": "Estació Marítima (WTC) / Bonanova",
            "route_type": 3,
            "short_name": "V11",
            "text_color": "#FFFFFF"
          }
        ],
        "stop_id": "2.173.674614",
        "stop_name": "Villarroel - Aragó"
      }
    },
    {
      "type": "Feature",
      "geometry": {
        "type": "Point",
        "coordinates": [
          2.166989,
          41.392751
        ]
      },
      "properties": {
        "routes": [
          {
            "color": "#DA291C",
            "long_name": "Pl. Urquinaona / Pl. Catalana",
            "route_type": 3,
            "short_name": "39",
            "text_color": "#FFFFFF"
          },
          {
            "color": "#DA291C",
            "long_name": "Pg. Marítim / Canyelles",
            "route_type": 3,
            "short_name": "47",
            "text_color": "#FFFFFF"
          },
          {
            "color": "#6AB023",
            "long_name": "Port Vell / Vall d'Hebron",
            "route_type": 3,
            "short_name": "V17",
            "text_color": "#FFFFFF"
          }
        ],
        "stop_id": "2.174.692851",
        "stop_name": "Pau Claris - Aragó"
      }
    },
    {
      "type": "Feature",
      "geometry": {
        "type": "Point",
        "coordinates": [
          2.1624,
          41.38938
        ]
      },
      "properties": {
        "routes": [
          {
            "color": "#DA291C",
            "long_name": "Pl.Catalunya / Sant Joan Despí",
            "route_type": 3,
            "short_name": "63",
            "text_color": "#FFFFFF"
          },
          {
            "color": "#DA291C",
            "long_name": "Pl. Catalunya / Cornellà",
            "route_type": 3,
            "short_name": "67",
            "text_color": "#FFFFFF"
          },
          {
            "color": "#DA291C",
            "long_name": "Fòrum / Zona Universitària",
            "route_type": 3,
            "short_name": "7",
            "text_color": "#FFFFFF"
          },
          {
            "color": "#6AB023",
            "long_name": "Barceloneta / Av. Tibidabo",
            "route_type": 3,
            "short_name": "V15",
            "text_color": "#FFFFFF"
          }
        ],
        "stop_id": "2.175.690780",
        "stop_name": "Balmes - Aragó"
      }
    },
    {
      "type": "Feature",
      "geometry": {
        "type": "Point",
        "coordinates": [
          2.139662,
          41.375257
        ]
      },
      "properties": {
        "routes": [
          {
            "color": "#DA291C",
            "long_name": "Pl. Catalunya / Collblanc",
            "route_type": 3,
            "short_name": "52",
            "text_color": "#FFFFFF"
          },
          {
            "color": "#93107E",
            "long_name": "Pg. Marítim / Ernest Lluch",
            "route_type": 3,
            "short_name": "D20",
            "text_color": "#FFFFFF"
          },
          {
            "color": "#6AB023",
            "long_name": "Mare de Déu de Port / Pedralbes",
            "route_type": 3,
            "short_name": "V5",
            "text_color": "#FFFFFF"
          }
        ],
        "stop_id": "2.179.675175",
        "stop_name": "Sants - Gayarre"
      }
    },
    {
      "type": "Feature",
      "geometry": {
        "type": "Point",
        "coordinates": [
          2.147537,
          41.375222
        ]
      },
      "properties": {
        "routes": [
          {
            "color": "#DA291C",
            "long_name": "Pl. Catalunya / Collblanc",
            "route_type": 3,
            "short_name": "52",
            "text_color": "#FFFFFF"
          },
          {
            "color": "#93107E",
            "long_name": "Pg. Marítim / Ernest Lluch",
            "route_type": 3,
            "short_name": "D20",
            "text_color": "#FFFFFF"
          }
        ],
        "stop_id": "2.180.674931",
        "stop_name": "Creu Coberta - Pl Espanya"
      }
    },
    {
      "type": "Feature",
      "geometry": {
        "type": "Point",
        "coordinates": [
          2.144563,
          41.375281
        ]
      },
      "properties": {
        "routes": [
          {
            "color": "#DA291C",
            "long_name": "Pl. Catalunya / Collblanc",
            "route_type": 3,
            "short_name": "52",
            "text_color": "#FFFFFF"
          },
          {
            "color": "#93107E",
            "long_name": "Pg. Marítim / Ernest Lluch",
            "route_type": 3,
            "short_name": "D20",
            "text_color": "#FFFFFF"
          }
        ],
        "stop_id": "2.181.678600",
        "stop_name": "Metro Hostafrancs"
      }
    },
    {
      "type": "Feature",
      "geometry": {
        "type": "Point",
        "coordinates": [
          2.16543,
          41.391615
        ]
      },
      "properties": {
        "routes": [
          {
            "color": "#DA291C",
            "long_name": "Pl. Catalunya / El Carmel",
            "route_type": 3,
            "short_name": "22",
            "text_color": "#FFFFFF"
          },
          {
            "color": "#DA291C",
            "long_name": "Pl. Catalunya / El Carmel",
            "route_type": 3,
            "short_name": "24",
            "text_color": "#FFFFFF"
          }
        ],
        "stop_id": "2.182.674834",
        "stop_name": "Pg de Gràcia - Consell de Cent"
      }
    },
    {
      "type": "Feature",
      "geometry": {
        "type": "Point",
        "coordinates": [
          2.13656,
          41.365826
        ]
      },
      "properties": {
        "routes": [
          {
            "color": "#DA291C",
            "long_name": "Hospital Clínic / Polígon Zona Franca",
            "route_type": 3,
            "short_name": "109",
            "text_color": "#FFFFFF"
          },
          {
            "color": "#DA291C",
            "long_name": "Pl. Espanya / Aeroport BCN",
            "route_type": 3,
            "short_name": "46",
            "text_color": "#FFFFFF"
          },
          {
            "color": "#DA291C",
            "long_name": "Pl. Espanya / El Prat",
            "route_type": 3,
            "short_name": "65",
            "text_color": "#FFFFFF"
          },
          {
            "color": "#003888",
            "long_name": "Gornal / Besòs Verneda",
            "route_type": 3,
            "short_name": "H12",
            "text_color": "#FFFFFF"
          },
          {
            "color": "#003888",
            "long_name": "Pg. Zona Franca / Fòrum Campus Besòs",
            "route_type": 3,
            "short_name": "H16",
            "text_color": "#FFFFFF"
          }
        ],
        "stop_id": "2.183.695524",
        "stop_name": "Gran Via - Ildefons Cerdà"
      }
    },
    {
      "type": "Feature",
      "geometry": {
        "type": "Point",
        "coordinates": [
          2.13196,
          41.361782
        ]
      },
      "properties": {
        "routes": [
          {
            "color": "#DA291C",
            "long_name": "Pl. Espanya / Aeroport BCN",
            "route_type": 3,
            "short_name": "46",
            "text_color": "#FFFFFF"
          },
          {
            "color": "#DA291C",
            "long_name": "Pl. Espanya / El Prat",
            "route_type": 3,
            "short_name": "65",
            "text_color": "#FFFFFF"
          },
          {
            "color": "#003888",
            "long_name": "Gornal / Besòs Verneda",
            "route_type": 3,
            "short_name": "H12",
            "text_color": "#FFFFFF"
          }
        ],
        "stop_id": "2.185.691628",
        "stop_name": "Av Granvia - Bloc I. Cerdà"
      }
    },
    {
      "type": "Feature",
      "geometry": {
        "type": "Point",
        "coordinates": [
          2.142976,
          41.354396
        ]
      },
      "properties": {
        "routes": [
          {
            "color": "#DA291C",
            "long_name": "Hospital Clínic / Polígon Zona Franca",
            "route_type": 3,
            "short_name": "109",
            "text_color": "#FFFFFF"
          },
          {
            "color": "#DA291C",
            "long_name": "Pl. Espanya / Parc Logístic",
            "route_type": 3,
            "short_name": "23",
            "text_color": "#FFFFFF"
          },
          {
            "color": "#003888",
            "long_name": "Pg. Zona Franca / Fòrum Campus Besòs",
            "route_type": 3,
            "short_name": "H16",
            "text_color": "#FFFFFF"
          },
          {
            "color": "#6AB023",
            "long_name": "Zona Franca / Can Caralleu",
            "route_type": 3,
            "short_name": "V3",
            "text_color": "#FFFFFF"
          }
        ],
        "stop_id": "2.199.675200",
        "stop_name": "Pg Zona Franca - Cisell"
      }
    },
    {
      "type": "Feature",
      "geometry": {
        "type": "Point",
        "coordinates": [
          2.145339,
          41.351695
        ]
      },
      "properties": {
        "routes": [
          {
            "color": "#DA291C",
            "long_name": "Hospital Clínic / Polígon Zona Franca",
            "route_type": 3,
            "short_name": "109",
            "text_color": "#FFFFFF"
          },
          {
            "color": "#DA291C",
            "long_name": "Pl. Espanya / Parc Logístic",
            "route_type": 3,
            "short_name": "23",
            "text_color": "#FFFFFF"
          },
          {
            "color": "#6AB023",
            "long_name": "Zona Franca / Can Caralleu",
            "route_type": 3,
            "short_name": "V3",
            "text_color": "#FFFFFF"
          }
        ],
        "stop_id": "2.200.687085",
        "stop_name": "Pg Zona Franca - Motors"
      }
    },
    {
      "type": "Feature",
      "geometry": {
        "type": "Point",
        "coordinates": [
          2.156056,
          41.376577
        ]
      },
      "properties": {
        "routes": [
          {
            "color": "#DA291C",
            "long_name": "Mercat Sant Antoni / Parc de Montjuïc",
            "route_type": 3,
            "short_name": "13",
            "text_color": "#FFFFFF"
          },
          {
            "color": "#DA291C",
            "long_name": "Pl. Urquinaona / Parc de Montjuïc",
            "route_type": 3,
            "short_name": "55",
            "text_color": "#FFFFFF"
          },
          {
            "color": "#DA291C",
            "long_name": "Manso / La Bordeta",
            "route_type": 3,
            "short_name": "91",
            "text_color": "#FFFFFF"
          },
          {
            "color": "#003888",
            "long_name": "Pg. Zona Franca / Fòrum Campus Besòs",
            "route_type": 3,
            "short_name": "H16",
            "text_color": "#FFFFFF"
          }
        ],
        "stop_id": "2.204.690547",
        "stop_name": "Floridablanca - Av Mistral"
      }
    },
    {
      "type": "Feature",
      "geometry": {
        "type": "Point",
        "coordinates": [
          2.157088,
          41.378211
        ]
      },
      "properties": {
        "routes": [
          {
            "color": "#DA291C",
            "long_name": "Esq. de l'Eixample",
            "route_type": 3,
            "short_name": "141",
            "text_color": "#FFFFFF"
          }
        ],
        "stop_id": "2.205.696826",
        "stop_name": "Calàbria - Floridablanca"
      }
    },
    {
      "type": "Feature",
      "geometry": {
        "type": "Point",
        "coordinates": [
          2.155512,
          41.38012
        ]
      },
      "properties": {
        "routes": [
          {
            "color": "#DA291C",
            "long_name": "Pl. Catalunya / Collblanc",
            "route_type": 3,
            "short_name": "52",
            "text_color": "#FFFFFF"
          },
          {
            "color": "#003888",
            "long_name": "Gornal / Besòs Verneda",
            "route_type": 3,
            "short_name": "H12",
            "text_color": "#FFFFFF"
          }
        ],
        "stop_id": "2.206.688225",
        "stop_name": "Gran Via - Calàbria"
      }
    },
    {
      "type": "Feature",
      "geometry": {
        "type": "Point",
        "coordinates": [
          2.150058,
          41.384497
        ]
      },
      "properties": {
        "routes": [
          {
            "color": "#DA291C",
            "long_name": "Hospital Clínic / Polígon Zona Franca",
            "route_type": 3,
            "short_name": "109",
            "text_color": "#FFFFFF"
          },
          {
            "color": "#003888",
            "long_name": "Pl. Sants / Olímpic de Badalona",
            "route_type": 3,
            "short_name": "H10",
            "text_color": "#FFFFFF"
          }
        ],
        "stop_id": "2.207.675132",
        "stop_name": "Mallorca - Viladomat"
      }
    },
    {
      "type": "Feature",
      "geometry": {
        "type": "Point",
        "coordinates": [
          2.145493,
          41.387722
        ]
      },
      "properties": {
        "routes": [
          {
            "color": "#DA291C",
            "long_name": "Esq. de l'Eixample",
            "route_type": 3,
            "short_name": "141",
            "text_color": "#FFFFFF"
          },
          {
            "color": "#DA291C",
            "long_name": "Estació del Nord / Cardenal Reig",
            "route_type": 3,
            "short_name": "54",
            "text_color": "#FFFFFF"
          }
        ],
        "stop_id": "2.208.696833",
        "stop_name": "París - Viladomat"
      }
    },
    {
      "type": "Feature",
      "geometry": {
        "type": "Point",
        "coordinates": [
          2.16372,
          41.375096
        ]
      },
      "properties": {
        "routes": [
          {
            "color": "#93107E",
            "long_name": "Pg. Marítim / Ernest Lluch",
            "route_type": 3,
            "short_name": "D20",
            "text_color": "#FFFFFF"
          }
        ],
        "stop_id": "2.209.691013",
        "stop_name": "Paral·lel - Marquès de Campo Sagrado"
      }
    },
    {
      "type": "Feature",
      "geometry": {
        "type": "Point",
        "coordinates": [
          2.174463,
          41.387092
        ]
      },
      "properties": {
        "routes": [
          {
            "color": "#DA291C",
            "long_name": "Pg. Marítim / Canyelles",
            "route_type": 3,
            "short_name": "47",
            "text_color": "#FFFFFF"
          },
          {
            "color": "#DA291C",
            "long_name": "Poblenou / Pl. Reina Maria Cristina",
            "route_type": 3,
            "short_name": "59",
            "text_color": "#FFFFFF"
          },
          {
            "color": "#6AB023",
            "long_name": "Barceloneta / Av. Tibidabo",
            "route_type": 3,
            "short_name": "V15",
            "text_color": "#FFFFFF"
          },
          {
            "color": "#6AB023",
            "long_name": "Port Vell / Vall d'Hebron",
            "route_type": 3,
            "short_name": "V17",
            "text_color": "#FFFFFF"
          }
        ],
        "stop_id": "2.211.690030",
        "stop_name": "Via Laietana - Comtal"
      }
    },
    {
      "type": "Feature",
      "geometry": {
        "type": "Point",
        "coordinates": [
          2.178475,
          41.412607
        ]
      },
      "properties": {
        "routes": [
          {
            "color": "#DA291C",
            "long_name": "Guinardó",
            "route_type": 3,
            "short_name": "117",
            "text_color": "#FFFFFF"
          },
          {
            "color": "#DA291C",
            "long_name": "Pl. Catalunya / Sant Genís",
            "route_type": 3,
            "short_name": "19",
            "text_color": "#FFFFFF"
          },
          {
            "color": "#DA291C",
            "long_name": "Pg. Marítim / Canyelles",
            "route_type": 3,
            "short_name": "47",
            "text_color": "#FFFFFF"
          },
          {
            "color": "#93107E",
            "long_name": "Paral·lel / Ciutat Meridiana",
            "route_type": 3,
            "short_name": "D50",
            "text_color": "#FFFFFF"
          },
          {
            "color": "#003888",
            "long_name": "Ernest Lluch / Bon Pastor",
            "route_type": 3,
            "short_name": "H8",
            "text_color": "#FFFFFF"
          }
        ],
        "stop_id": "2.212.689764",
        "stop_name": "Indústria - Independència"
      }
    },
    {
      "type": "Feature",
      "geometry": {
        "type": "Point",
        "coordinates": [
          2.165948,
          41.402428
        ]
      },
      "properties": {
        "routes": [
          {
            "color": "#DA291C",
            "long_name": "Gràcia / Can Baró",
            "route_type": 3,
            "short_name": "114",
            "text_color": "#FFFFFF"
          },
          {
            "color": "#DA291C",
            "long_name": "Pl. Urquinaona / Pl. Catalana",
            "route_type": 3,
            "short_name": "39",
            "text_color": "#FFFFFF"
          },
          {
            "color": "#DA291C",
            "long_name": "Pg. Marítim / Canyelles",
            "route_type": 3,
            "short_name": "47",
            "text_color": "#FFFFFF"
          },
          {
            "color": "#003888",
            "long_name": "Ernest Lluch / Bon Pastor",
            "route_type": 3,
            "short_name": "H8",
            "text_color": "#FFFFFF"
          },
          {
            "color": "#6AB023",
            "long_name": "Barceloneta / Pl. Alfonso Comín",
            "route_type": 3,
            "short_name": "V19",
            "text_color": "#FFFFFF"
          }
        ],
        "stop_id": "2.213.699757",
        "stop_name": "Pg de Sant Joan - Còrsega"
      }
    },
    {
      "type": "Feature",
      "geometry": {
        "type": "Point",
        "coordinates": [
          2.152571,
          41.390439
        ]
      },
      "properties": {
        "routes": [
          {
            "color": "#DA291C",
            "long_name": "Poblenou / Pl. Reina Maria Cristina",
            "route_type": 3,
            "short_name": "59",
            "text_color": "#FFFFFF"
          },
          {
            "color": "#DA291C",
            "long_name": "Pl.Catalunya / Sant Joan Despí",
            "route_type": 3,
            "short_name": "63",
            "text_color": "#FFFFFF"
          },
          {
            "color": "#6AB023",
            "long_name": "Estació Marítima (WTC) / Bonanova",
            "route_type": 3,
            "short_name": "V11",
            "text_color": "#FFFFFF"
          }
        ],
        "stop_id": "2.214.676830",
        "stop_name": "Casanova - Hospital Clínic"
      }
    },
    {
      "type": "Feature",
      "geometry": {
        "type": "Point",
        "coordinates": [
          2.176224,
          41.406497
        ]
      },
      "properties": {
        "routes": [
          {
            "color": "#DA291C",
            "long_name": "Pl. Catalunya / Sant Genís",
            "route_type": 3,
            "short_name": "19",
            "text_color": "#FFFFFF"
          },
          {
            "color": "#6AB023",
            "long_name": "Pg. Marítim / Montbau",
            "route_type": 3,
            "short_name": "V21",
            "text_color": "#FFFFFF"
          }
        ],
        "stop_id": "2.216.699736",
        "stop_name": "Padilla - Provença"
      }
    },
    {
      "type": "Feature",
      "geometry": {
        "type": "Point",
        "coordinates": [
          2.142701,
          41.382888
        ]
      },
      "properties": {
        "routes": [
          {
            "color": "#DA291C",
            "long_name": "Estació de Sants / Roquetes",
            "route_type": 3,
            "short_name": "27",
            "text_color": "#FFFFFF"
          },
          {
            "color": "#93107E",
            "long_name": "Pl. Espanya / Canyelles",
            "route_type": 3,
            "short_name": "D40",
            "text_color": "#FFFFFF"
          }
        ],
        "stop_id": "2.217.674706",
        "stop_name": "Josep Tarradellas - Rosselló"
      }
    },
    {
      "type": "Feature",
      "geometry": {
        "type": "Point",
        "coordinates": [
          2.160995,
          41.398688
        ]
      },
      "properties": {
        "routes": [
          {
            "color": "#DA291C",
            "long_name": "Gràcia / Can Baró",
            "route_type": 3,
            "short_name": "114",
            "text_color": "#FFFFFF"
          },
          {
            "color": "#DA291C",
            "long_name": "Pl. Urquinaona / Pl. Catalana",
            "route_type": 3,
            "short_name": "39",
            "text_color": "#FFFFFF"
          }
        ],
        "stop_id": "2.219.675119",
        "stop_name": "Torrent de l'Olla - Còrsega"
      }
    },
    {
      "type": "Feature",
      "geometry": {
        "type": "Point",
        "coordinates": [
          2.179503,
          41.410809
        ]
      },
      "properties": {
        "routes": [
          {
            "color": "#93107E",
            "long_name": "Paral·lel / Ciutat Meridiana",
            "route_type": 3,
            "short_name": "D50",
            "text_color": "#FFFFFF"
          },
          {
            "color": "#6AB023",
            "long_name": "Nova Icària / Can Marcet",
            "route_type": 3,
            "short_name": "V23",
            "text_color": "#FFFFFF"
          }
        ],
        "stop_id": "2.220.674385",
        "stop_name": "Independència - Freser"
      }
    },
    {
      "type": "Feature",
      "geometry": {
        "type": "Point",
        "coordinates": [
          2.156883,
          41.39356
        ]
      },
      "properties": {
        "routes": [
          {
            "color": "#DA291C",
            "long_name": "Pl. Catalunya / Cornellà",
            "route_type": 3,
            "short_name": "67",
            "text_color": "#FFFFFF"
          },
          {
            "color": "#DA291C",
            "long_name": "Fòrum / Zona Universitària",
            "route_type": 3,
            "short_name": "7",
            "text_color": "#FFFFFF"
          },
          {
            "color": "#6AB023",
            "long_name": "Barceloneta / Av. Tibidabo",
            "route_type": 3,
            "short_name": "V15",
            "text_color": "#FFFFFF"
          }
        ],
        "stop_id": "2.221.690728",
        "stop_name": "Balmes - Rosselló"
      }
    },
    {
      "type": "Feature",
      "geometry": {
        "type": "Point",
        "coordinates": [
          2.154319,
          41.392249
        ]
      },
      "properties": {
        "routes": [
          {
            "color": "#6AB023",
            "long_name": "Pl. Catalunya / Av. Tibidabo",
            "route_type": 3,
            "short_name": "V13",
            "text_color": "#FFFFFF"
          }
        ],
        "stop_id": "2.222.692489",
        "stop_name": "Aribau - Còrsega"
      }
    },
    {
      "type": "Feature",
      "geometry": {
        "type": "Point",
        "coordinates": [
          2.176939,
          41.41083
        ]
      },
      "properties": {
        "routes": [
          {
            "color": "#DA291C",
            "long_name": "Guinardó",
            "route_type": 3,
            "short_name": "117",
            "text_color": "#FFFFFF"
          }
        ],
        "stop_id": "2.224.683097",
        "stop_name": "Dos de Maig - Indústria"
      }
    },
    {
      "type": "Feature",
      "geometry": {
        "type": "Point",
        "coordinates": [
          2.169374,
          41.390946
        ]
      },
      "properties": {
        "routes": [
          {
            "color": "#DA291C",
            "long_name": "Pl. Urquinaona / Pl. Catalana",
            "route_type": 3,
            "short_name": "39",
            "text_color": "#FFFFFF"
          },
          {
            "color": "#DA291C",
            "long_name": "Pg. Marítim / Canyelles",
            "route_type": 3,
            "short_name": "47",
            "text_color": "#FFFFFF"
          },
          {
            "color": "#6AB023",
            "long_name": "Port Vell / Vall d'Hebron",
            "route_type": 3,
            "short_name": "V17",
            "text_color": "#FFFFFF"
          }
        ],
        "stop_id": "2.226.689795",
        "stop_name": "Pau Claris - Gran Via"
      }
    },
    {
      "type": "Feature",
      "geometry": {
        "type": "Point",
        "coordinates": [
          2.184323,
          41.396903
        ]
      },
      "properties": {
        "routes": [
          {
            "color": "#DA291C",
            "long_name": "Pg. Manuel Girona / Poblenou",
            "route_type": 3,
            "short_name": "6",
            "text_color": "#FFFFFF"
          },
          {
            "color": "#6AB023",
            "long_name": "Pg. Marítim / Montbau",
            "route_type": 3,
            "short_name": "V21",
            "text_color": "#FFFFFF"
          }
        ],
        "stop_id": "2.227.700442",
        "stop_name": "Marina - Ausiàs Marc"
      }
    },
    {
      "type": "Feature",
      "geometry": {
        "type": "Point",
        "coordinates": [
          2.172837,
          41.390187
        ]
      },
      "properties": {
        "routes": [
          {
            "color": "#DA291C",
            "long_name": "Pl. Urquinaona / Pl. Catalana",
            "route_type": 3,
            "short_name": "39",
            "text_color": "#FFFFFF"
          },
          {
            "color": "#DA291C",
            "long_name": "Pg. Marítim / Canyelles",
            "route_type": 3,
            "short_name": "47",
            "text_color": "#FFFFFF"
          },
          {
            "color": "#6AB023",
            "long_name": "Port Vell / Vall d'Hebron",
            "route_type": 3,
            "short_name": "V17",
            "text_color": "#FFFFFF"
          }
        ],
        "stop_id": "2.230.675033",
        "stop_name": "Llúria - Urquinaona"
      }
    },
    {
      "type": "Feature",
      "geometry": {
        "type": "Point",
        "coordinates": [
          2.176982,
          41.413257
        ]
      },
      "properties": {
        "routes": [
          {
            "color": "#DA291C",
            "long_name": "Guinardó",
            "route_type": 3,
            "short_name": "117",
            "text_color": "#FFFFFF"
          },
          {
            "color": "#DA291C",
            "long_name": "Pl. Catalunya / Sant Genís",
            "route_type": 3,
            "short_name": "19",
            "text_color": "#FFFFFF"
          },
          {
            "color": "#DA291C",
            "long_name": "Pl. Congrés / Can Baró",
            "route_type": 3,
            "short_name": "191",
            "text_color": "#FFFFFF"
          },
          {
            "color": "#DA291C",
            "long_name": "Poblenou / Hospital de Sant Pau",
            "route_type": 3,
            "short_name": "192",
            "text_color": "#FFFFFF"
          },
          {
            "color": "#DA291C",
            "long_name": "Pg. Marítim / Canyelles",
            "route_type": 3,
            "short_name": "47",
            "text_color": "#FFFFFF"
          },
          {
            "color": "#93107E",
            "long_name": "Paral·lel / Ciutat Meridiana",
            "route_type": 3,
            "short_name": "D50",
            "text_color": "#FFFFFF"
          },
          {
            "color": "#003888",
            "long_name": "Ernest Lluch / Bon Pastor",
            "route_type": 3,
            "short_name": "H8",
            "text_color": "#FFFFFF"
          },
          {
            "color": "#6AB023",
            "long_name": "Nova Icària / Can Marcet",
            "route_type": 3,
            "short_name": "V23",
            "text_color": "#FFFFFF"
          }
        ],
        "stop_id": "2.233.674421",
        "stop_name": "Sant Antoni Maria Claret - Independència"
      }
    },
    {
      "type": "Feature",
      "geometry": {
        "type": "Point",
        "coordinates": [
          2.180417,
          41.407311
        ]
      },
      "properties": {
        "routes": [
          {
            "color": "#DA291C",
            "long_name": "Zona Universitària / Verneda",
            "route_type": 3,
            "short_name": "33",
            "text_color": "#FFFFFF"
          },
          {
            "color": "#DA291C",
            "long_name": "Pg. Manuel Girona / Pl. Virrei Amat",
            "route_type": 3,
            "short_name": "34",
            "text_color": "#FFFFFF"
          },
          {
            "color": "#93107E",
            "long_name": "Paral·lel / Ciutat Meridiana",
            "route_type": 3,
            "short_name": "D50",
            "text_color": "#FFFFFF"
          },
          {
            "color": "#003888",
            "long_name": "Pl. Sants / Olímpic de Badalona",
            "route_type": 3,
            "short_name": "H10",
            "text_color": "#FFFFFF"
          },
          {
            "color": "#6AB023",
            "long_name": "Nova Icària / Can Marcet",
            "route_type": 3,
            "short_name": "V23",
            "text_color": "#FFFFFF"
          }
        ],
        "stop_id": "2.234.674424",
        "stop_name": "Mallorca - Dos de Maig"
      }
    },
    {
      "type": "Feature",
      "geometry": {
        "type": "Point",
        "coordinates": [
          2.182955,
          41.405834
        ]
      },
      "properties": {
        "routes": [
          {
            "color": "#010101",
            "long_name": "BCN Centre-F.Macià / BCN Centre-Glòries",
            "route_type": 3,
            "short_name": "X1",
            "text_color": "#FFFFFF"
          }
        ],
        "stop_id": "2.236.685297",
        "stop_name": "Aragó - Enamorats"
      }
    },
    {
      "type": "Feature",
      "geometry": {
        "type": "Point",
        "coordinates": [
          2.127386,
          41.388444
        ]
      },
      "properties": {
        "routes": [
          {
            "color": "#DA291C",
            "long_name": "Les Corts",
            "route_type": 3,
            "short_name": "175",
            "text_color": "#FFFFFF"
          },
          {
            "color": "#DA291C",
            "long_name": "Zona Universitària / Verneda",
            "route_type": 3,
            "short_name": "33",
            "text_color": "#FFFFFF"
          },
          {
            "color": "#DA291C",
            "long_name": "Pl.Catalunya / Sant Joan Despí",
            "route_type": 3,
            "short_name": "63",
            "text_color": "#FFFFFF"
          },
          {
            "color": "#DA291C",
            "long_name": "Pl. Catalunya / Cornellà",
            "route_type": 3,
            "short_name": "67",
            "text_color": "#FFFFFF"
          },
          {
            "color": "#DA291C",
            "long_name": "Fòrum / Zona Universitària",
            "route_type": 3,
            "short_name": "7",
            "text_color": "#FFFFFF"
          },
          {
            "color": "#DA291C",
            "long_name": "Estació de Sants / Sant Joan Despí",
            "route_type": 3,
            "short_name": "78",
            "text_color": "#FFFFFF"
          },
          {
            "color": "#6AB023",
            "long_name": "Mare de Déu de Port / Pedralbes",
            "route_type": 3,
            "short_name": "V5",
            "text_color": "#FFFFFF"
          }
        ],
        "stop_id": "2.237.679518",
        "stop_name": "Diagonal - Pl Reina Maria Cristina"
      }
    },
    {
      "type": "Feature",
      "geometry": {
        "type": "Point",
        "coordinates": [
          2.128123,
          41.392127
        ]
      },
      "properties": {
        "routes": [
          {
            "color": "#DA291C",
            "long_name": "Pg. Manuel Girona / Pl. Virrei Amat",
            "route_type": 3,
            "short_name": "34",
            "text_color": "#FFFFFF"
          },
          {
            "color": "#DA291C",
            "long_name": "Pg. Manuel Girona / Poblenou",
            "route_type": 3,
            "short_name": "6",
            "text_color": "#FFFFFF"
          },
          {
            "color": "#DA291C",
            "long_name": "Rambla de Badal / Bonanova",
            "route_type": 3,
            "short_name": "70",
            "text_color": "#FFFFFF"
          },
          {
            "color": "#003888",
            "long_name": "Zona Universitària / Onze de Setembre",
            "route_type": 3,
            "short_name": "H6",
            "text_color": "#FFFFFF"
          },
          {
            "color": "#6AB023",
            "long_name": "Zona Franca / Can Caralleu",
            "route_type": 3,
            "short_name": "V3",
            "text_color": "#FFFFFF"
          }
        ],
        "stop_id": "2.239.674465",
        "stop_name": "Manuel Girona - Carles III"
      }
    },
    {
      "type": "Feature",
      "geometry": {
        "type": "Point",
        "coordinates": [
          2.17348,
          41.41062
        ]
      },
      "properties": {
        "routes": [
          {
            "color": "#DA291C",
            "long_name": "Pl. Catalunya / Sant Genís",
            "route_type": 3,
            "short_name": "19",
            "text_color": "#FFFFFF"
          },
          {
            "color": "#DA291C",
            "long_name": "Pg. Marítim / Canyelles",
            "route_type": 3,
            "short_name": "47",
            "text_color": "#FFFFFF"
          },
          {
            "color": "#003888",
            "long_name": "Ernest Lluch / Bon Pastor",
            "route_type": 3,
            "short_name": "H8",
            "text_color": "#FFFFFF"
          }
        ],
        "stop_id": "2.243.674666",
        "stop_name": "Av Gaudí - Castillejos"
      }
    },
    {
      "type": "Feature",
      "geometry": {
        "type": "Point",
        "coordinates": [
          2.179403,
          41.404688
        ]
      },
      "properties": {
        "routes": [
          {
            "color": "#DA291C",
            "long_name": "Zona Universitària / Verneda",
            "route_type": 3,
            "short_name": "33",
            "text_color": "#FFFFFF"
          },
          {
            "color": "#DA291C",
            "long_name": "Pg. Manuel Girona / Pl. Virrei Amat",
            "route_type": 3,
            "short_name": "34",
            "text_color": "#FFFFFF"
          },
          {
            "color": "#93107E",
            "long_name": "Paral·lel / Ciutat Meridiana",
            "route_type": 3,
            "short_name": "D50",
            "text_color": "#FFFFFF"
          },
          {
            "color": "#003888",
            "long_name": "Pl. Sants / Olímpic de Badalona",
            "route_type": 3,
            "short_name": "H10",
            "text_color": "#FFFFFF"
          }
        ],
        "stop_id": "2.244.674382",
        "stop_name": "València - Padilla"
      }
    },
    {
      "type": "Feature",
      "geometry": {
        "type": "Point",
        "coordinates": [
          2.187093,
          41.402431
        ]
      },
      "properties": {
        "routes": [
          {
            "color": "#DA291C",
            "long_name": "Fòrum / Zona Universitària",
            "route_type": 3,
            "short_name": "7",
            "text_color": "#FFFFFF"
          },
          {
            "color": "#003888",
            "long_name": "Gornal / Besòs Verneda",
            "route_type": 3,
            "short_name": "H12",
            "text_color": "#FFFFFF"
          }
        ],
        "stop_id": "2.247.699788",
        "stop_name": "Metro Glòries"
      }
    },
    {
      "type": "Feature",
      "geometry": {
        "type": "Point",
        "coordinates": [
          2.110017,
          41.384044
        ]
      },
      "properties": {
        "routes": [
          {
            "color": "#DA291C",
            "long_name": "Pl. Catalunya / Cornellà",
            "route_type": 3,
            "short_name": "67",
            "text_color": "#FFFFFF"
          }
        ],
        "stop_id": "2.250.675313",
        "stop_name": "Diagonal - Manuel Ballbé"
      }
    },
    {
      "type": "Feature",
      "geometry": {
        "type": "Point",
        "coordinates": [
          2.108386,
          41.383631
        ]
      },
      "properties": {
        "routes": [
          {
            "color": "#DA291C",
            "long_name": "Pl. Catalunya / Cornellà",
            "route_type": 3,
            "short_name": "67",
            "text_color": "#FFFFFF"
          }
        ],
        "stop_id": "2.251.675311",
        "stop_name": "Diagonal - Parc de Cervantes"
      }
    },
    {
      "type": "Feature",
      "geometry": {
        "type": "Point",
        "coordinates": [
          2.178541,
          41.376695
        ]
      },
      "properties": {
        "routes": [
          {
            "color": "#DA291C",
            "long_name": "Ciutat Vella",
            "route_type": 3,
            "short_name": "120",
            "text_color": "#FFFFFF"
          },
          {
            "color": "#93107E",
            "long_name": "Pg. Marítim / Ernest Lluch",
            "route_type": 3,
            "short_name": "D20",
            "text_color": "#FFFFFF"
          },
          {
            "color": "#003888",
            "long_name": "Paral·lel / Sant Adrià",
            "route_type": 3,
            "short_name": "H14",
            "text_color": "#FFFFFF"
          }
        ],
        "stop_id": "2.252.674577",
        "stop_name": "Portal de la Pau"
      }
    },
    {
      "type": "Feature",
      "geometry": {
        "type": "Point",
        "coordinates": [
          2.180278,
          41.378845
        ]
      },
      "properties": {
        "routes": [
          {
            "color": "#DA291C",
            "long_name": "Ciutat Vella",
            "route_type": 3,
            "short_name": "120",
            "text_color": "#FFFFFF"
          },
          {
            "color": "#93107E",
            "long_name": "Pg. Marítim / Ernest Lluch",
            "route_type": 3,
            "short_name": "D20",
            "text_color": "#FFFFFF"
          },
          {
            "color": "#003888",
            "long_name": "Paral·lel / Sant Adrià",
            "route_type": 3,
            "short_name": "H14",
            "text_color": "#FFFFFF"
          }
        ],
        "stop_id": "2.253.674575",
        "stop_name": "Moll de la Fusta"
      }
    },
    {
      "type": "Feature",
      "geometry": {
        "type": "Point",
        "coordinates": [
          2.181921,
          41.380887
        ]
      },
      "properties": {
        "routes": [
          {
            "color": "#DA291C",
            "long_name": "Ciutat Vella",
            "route_type": 3,
            "short_name": "120",
            "text_color": "#FFFFFF"
          },
          {
            "color": "#93107E",
            "long_name": "Pg. Marítim / Ernest Lluch",
            "route_type": 3,
            "short_name": "D20",
            "text_color": "#FFFFFF"
          },
          {
            "color": "#003888",
            "long_name": "Paral·lel / Sant Adrià",
            "route_type": 3,
            "short_name": "H14",
            "text_color": "#FFFFFF"
          }
        ],
        "stop_id": "2.254.700352",
        "stop_name": "Pg Colom - Via Laietana"
      }
    },
    {
      "type": "Feature",
      "geometry": {
        "type": "Point",
        "coordinates": [
          2.181715,
          41.380746
        ]
      },
      "properties": {
        "routes": [
          {
            "color": "#DA291C",
            "long_name": "Poblenou / Pl. Reina Maria Cristina",
            "route_type": 3,
            "short_name": "59",
            "text_color": "#FFFFFF"
          },
          {
            "color": "#93107E",
            "long_name": "Pg. Marítim / Ernest Lluch",
            "route_type": 3,
            "short_name": "D20",
            "text_color": "#FFFFFF"
          },
          {
            "color": "#003888",
            "long_name": "Paral·lel / Sant Adrià",
            "route_type": 3,
            "short_name": "H14",
            "text_color": "#FFFFFF"
          }
        ],
        "stop_id": "2.255.700350",
        "stop_name": "Pg Colom - Via Laietana"
      }
    },
    {
      "type": "Feature",
      "geometry": {
        "type": "Point",
        "coordinates": [
          2.180379,
          41.379098
        ]
      },
      "properties": {
        "routes": [
          {
            "color": "#DA291C",
            "long_name": "Poblenou / Pl. Reina Maria Cristina",
            "route_type": 3,
            "short_name": "59",
            "text_color": "#FFFFFF"
          },
          {
            "color": "#93107E",
            "long_name": "Pg. Marítim / Ernest Lluch",
            "route_type": 3,
            "short_name": "D20",
            "text_color": "#FFFFFF"
          },
          {
            "color": "#003888",
            "long_name": "Paral·lel / Sant Adrià",
            "route_type": 3,
            "short_name": "H14",
            "text_color": "#FFFFFF"
          }
        ],
        "stop_id": "2.256.674574",
        "stop_name": "Moll de la Fusta"
      }
    },
    {
      "type": "Feature",
      "geometry": {
        "type": "Point",
        "coordinates": [
          2.178442,
          41.3767
        ]
      },
      "properties": {
        "routes": [
          {
            "color": "#DA291C",
            "long_name": "Poblenou / Pl. Reina Maria Cristina",
            "route_type": 3,
            "short_name": "59",
            "text_color": "#FFFFFF"
          },
          {
            "color": "#93107E",
            "long_name": "Pg. Marítim / Ernest Lluch",
            "route_type": 3,
            "short_name": "D20",
            "text_color": "#FFFFFF"
          },
          {
            "color": "#003888",
            "long_name": "Paral·lel / Sant Adrià",
            "route_type": 3,
            "short_name": "H14",
            "text_color": "#FFFFFF"
          }
        ],
        "stop_id": "2.257.674576",
        "stop_name": "Portal de la Pau"
      }
    },
    {
      "type": "Feature",
      "geometry": {
        "type": "Point",
        "coordinates": [
          2.142436,
          41.411609
        ]
      },
      "properties": {
        "routes": [
          {
            "color": "#6AB023",
            "long_name": "Port Vell / Vall d'Hebron",
            "route_type": 3,
            "short_name": "V17",
            "text_color": "#FFFFFF"
          },
          {
            "color": "#6AB023",
            "long_name": "Barceloneta / Pl. Alfonso Comín",
            "route_type": 3,
            "short_name": "V19",
            "text_color": "#FFFFFF"
          }
        ],
        "stop_id": "2.262.693284",
        "stop_name": "Av República Argentina - Baixada Gomis"
      }
    },
    {
      "type": "Feature",
      "geometry": {
        "type": "Point",
        "coordinates": [
          2.125151,
          41.377042
        ]
      },
      "properties": {
        "routes": [
          {
            "color": "#DA291C",
            "long_name": "Les Corts",
            "route_type": 3,
            "short_name": "175",
            "text_color": "#FFFFFF"
          },
          {
            "color": "#DA291C",
            "long_name": "Estació del Nord / Cardenal Reig",
            "route_type": 3,
            "short_name": "54",
            "text_color": "#FFFFFF"
          },
          {
            "color": "#93107E",
            "long_name": "Pg. Marítim / Ernest Lluch",
            "route_type": 3,
            "short_name": "D20",
            "text_color": "#FFFFFF"
          }
        ],
        "stop_id": "2.263.689819",
        "stop_name": "Av Madrid - Arizala"
      }
    },
    {
      "type": "Feature",
      "geometry": {
        "type": "Point",
        "coordinates": [
          2.149875,
          41.371168
        ]
      },
      "properties": {
        "routes": [
          {
            "color": "#DA291C",
            "long_name": "Mercat Sant Antoni / Parc de Montjuïc",
            "route_type": 3,
            "short_name": "13",
            "text_color": "#FFFFFF"
          },
          {
            "color": "#DA291C",
            "long_name": "Pl. Espanya / Castell de Montjuïc",
            "route_type": 3,
            "short_name": "150",
            "text_color": "#FFFFFF"
          },
          {
            "color": "#010101",
            "long_name": "Paral·lel - L'Hospitalet (Av. Carrilet)",
            "route_type": 3,
            "short_name": "X3",
            "text_color": "#FFFFFF"
          }
        ],
        "stop_id": "2.264.674565",
        "stop_name": "Av Ferrer i Guàrdia - Mèxic"
      }
    },
    {
      "type": "Feature",
      "geometry": {
        "type": "Point",
        "coordinates": [
          2.146283,
          41.369413
        ]
      },
      "properties": {
        "routes": [
          {
            "color": "#DA291C",
            "long_name": "Mercat Sant Antoni / Parc de Montjuïc",
            "route_type": 3,
            "short_name": "13",
            "text_color": "#FFFFFF"
          },
          {
            "color": "#DA291C",
            "long_name": "Pl. Espanya / Castell de Montjuïc",
            "route_type": 3,
            "short_name": "150",
            "text_color": "#FFFFFF"
          },
          {
            "color": "#DA291C",
            "long_name": "Pl. Espanya / Parc Logístic",
            "route_type": 3,
            "short_name": "23",
            "text_color": "#FFFFFF"
          }
        ],
        "stop_id": "2.265.679658",
        "stop_name": "Poble Espanyol"
      }
    },
    {
      "type": "Feature",
      "geometry": {
        "type": "Point",
        "coordinates": [
          2.071416,
          41.368876
        ]
      },
      "properties": {
        "routes": [
          {
            "color": "#DA291C",
            "long_name": "Estació de Sants / Sant Joan Despí",
            "route_type": 3,
            "short_name": "78",
            "text_color": "#FFFFFF"
          }
        ],
        "stop_id": "2.276.691697",
        "stop_name": "Centre Miquel Martí i Pol"
      }
    },
    {
      "type": "Feature",
      "geometry": {
        "type": "Point",
        "coordinates": [
          2.160474,
          41.371526
        ]
      },
      "properties": {
        "routes": [
          {
            "color": "#DA291C",
            "long_name": "Pl. Urquinaona / Parc de Montjuïc",
            "route_type": 3,
            "short_name": "55",
            "text_color": "#FFFFFF"
          }
        ],
        "stop_id": "2.278.675643",
        "stop_name": "Poble Sec"
      }
    },
    {
      "type": "Feature",
      "geometry": {
        "type": "Point",
        "coordinates": [
          2.159497,
          41.372163
        ]
      },
      "properties": {
        "routes": [
          {
            "color": "#DA291C",
            "long_name": "Poble Sec",
            "route_type": 3,
            "short_name": "121",
            "text_color": "#FFFFFF"
          },
          {
            "color": "#DA291C",
            "long_name": "Pl. Urquinaona / Parc de Montjuïc",
            "route_type": 3,
            "short_name": "55",
            "text_color": "#FFFFFF"
          }
        ],
        "stop_id": "2.279.675642",
        "stop_name": "França Xica - Concòrdia"
      }
    },
    {
      "type": "Feature",
      "geometry": {
        "type": "Point",
        "coordinates": [
          2.156342,
          41.372081
        ]
      },
      "properties": {
        "routes": [
          {
            "color": "#DA291C",
            "long_name": "Poble Sec",
            "route_type": 3,
            "short_name": "121",
            "text_color": "#FFFFFF"
          },
          {
            "color": "#DA291C",
            "long_name": "Pl. Urquinaona / Parc de Montjuïc",
            "route_type": 3,
            "short_name": "55",
            "text_color": "#FFFFFF"
          }
        ],
        "stop_id": "2.280.675641",
        "stop_name": "França Xica - Grases"
      }
    },
    {
      "type": "Feature",
      "geometry": {
        "type": "Point",
        "coordinates": [
          2.160125,
          41.39614
        ]
      },
      "properties": {
        "routes": [
          {
            "color": "#DA291C",
            "long_name": "Pl. Catalunya / El Carmel",
            "route_type": 3,
            "short_name": "22",
            "text_color": "#FFFFFF"
          },
          {
            "color": "#DA291C",
            "long_name": "Pl. Catalunya / El Carmel",
            "route_type": 3,
            "short_name": "24",
            "text_color": "#FFFFFF"
          },
          {
            "color": "#DA291C",
            "long_name": "Fòrum / Zona Universitària",
            "route_type": 3,
            "short_name": "7",
            "text_color": "#FFFFFF"
          },
          {
            "color": "#6AB023",
            "long_name": "Barceloneta / Av. Tibidabo",
            "route_type": 3,
            "short_name": "V15",
            "text_color": "#FFFFFF"
          }
        ],
        "stop_id": "2.281.691078",
        "stop_name": "Pg de Gràcia - Diagonal"
      }
    },
    {
      "type": "Feature",
      "geometry": {
        "type": "Point",
        "coordinates": [
          2.148577,
          41.393181
        ]
      },
      "properties": {
        "routes": [
          {
            "color": "#DA291C",
            "long_name": "Hospital Clínic / Cornellà",
            "route_type": 3,
            "short_name": "68",
            "text_color": "#FFFFFF"
          },
          {
            "color": "#6AB023",
            "long_name": "Estació Marítima (WTC) / Bonanova",
            "route_type": 3,
            "short_name": "V11",
            "text_color": "#FFFFFF"
          }
        ],
        "stop_id": "2.282.692564",
        "stop_name": "Casanova - Diagonal"
      }
    },
    {
      "type": "Feature",
      "geometry": {
        "type": "Point",
        "coordinates": [
          2.179261,
          41.40242
        ]
      },
      "properties": {
        "routes": [
          {
            "color": "#6AB023",
            "long_name": "Pg. Marítim / Montbau",
            "route_type": 3,
            "short_name": "V21",
            "text_color": "#FFFFFF"
          }
        ],
        "stop_id": "2.284.674518",
        "stop_name": "Lepant - Diagonal"
      }
    },
    {
      "type": "Feature",
      "geometry": {
        "type": "Point",
        "coordinates": [
          2.148915,
          41.394474
        ]
      },
      "properties": {
        "routes": [
          {
            "color": "#6AB023",
            "long_name": "Pl. Catalunya / Av. Tibidabo",
            "route_type": 3,
            "short_name": "V13",
            "text_color": "#FFFFFF"
          }
        ],
        "stop_id": "2.285.675331",
        "stop_name": "Muntaner - Diagonal"
      }
    },
    {
      "type": "Feature",
      "geometry": {
        "type": "Point",
        "coordinates": [
          2.155036,
          41.396421
        ]
      },
      "properties": {
        "routes": [
          {
            "color": "#DA291C",
            "long_name": "Pl. Catalunya / El Carmel",
            "route_type": 3,
            "short_name": "22",
            "text_color": "#FFFFFF"
          },
          {
            "color": "#DA291C",
            "long_name": "Pl. Catalunya / El Carmel",
            "route_type": 3,
            "short_name": "24",
            "text_color": "#FFFFFF"
          },
          {
            "color": "#6AB023",
            "long_name": "Port Vell / Vall d'Hebron",
            "route_type": 3,
            "short_name": "V17",
            "text_color": "#FFFFFF"
          }
        ],
        "stop_id": "2.286.693860",
        "stop_name": "Via Augusta - Diagonal"
      }
    },
    {
      "type": "Feature",
      "geometry": {
        "type": "Point",
        "coordinates": [
          2.144983,
          41.39346
        ]
      },
      "properties": {
        "routes": [
          {
            "color": "#DA291C",
            "long_name": "Hospital Clínic / Cornellà",
            "route_type": 3,
            "short_name": "68",
            "text_color": "#FFFFFF"
          },
          {
            "color": "#6AB023",
            "long_name": "Estació Marítima (WTC) / Bonanova",
            "route_type": 3,
            "short_name": "V11",
            "text_color": "#FFFFFF"
          }
        ],
        "stop_id": "2.287.691215",
        "stop_name": "Calvet - Diagonal"
      }
    },
    {
      "type": "Feature",
      "geometry": {
        "type": "Point",
        "coordinates": [
          2.154022,
          41.395776
        ]
      },
      "properties": {
        "routes": [
          {
            "color": "#6AB023",
            "long_name": "Barceloneta / Av. Tibidabo",
            "route_type": 3,
            "short_name": "V15",
            "text_color": "#FFFFFF"
          }
        ],
        "stop_id": "2.289.690878",
        "stop_name": "Balmes - Diagonal"
      }
    },
    {
      "type": "Feature",
      "geometry": {
        "type": "Point",
        "coordinates": [
          2.127519,
          41.38524
        ]
      },
      "properties": {
        "routes": [
          {
            "color": "#DA291C",
            "long_name": "Les Corts",
            "route_type": 3,
            "short_name": "175",
            "text_color": "#FFFFFF"
          },
          {
            "color": "#DA291C",
            "long_name": "Poblenou / Pl. Reina Maria Cristina",
            "route_type": 3,
            "short_name": "59",
            "text_color": "#FFFFFF"
          },
          {
            "color": "#DA291C",
            "long_name": "Rambla de Badal / Bonanova",
            "route_type": 3,
            "short_name": "70",
            "text_color": "#FFFFFF"
          },
          {
            "color": "#6AB023",
            "long_name": "Zona Franca / Can Caralleu",
            "route_type": 3,
            "short_name": "V3",
            "text_color": "#FFFFFF"
          },
          {
            "color": "#6AB023",
            "long_name": "Mare de Déu de Port / Pedralbes",
            "route_type": 3,
            "short_name": "V5",
            "text_color": "#FFFFFF"
          }
        ],
        "stop_id": "2.291.689805",
        "stop_name": "Carles III - Mejía Lequerica"
      }
    },
    {
      "type": "Feature",
      "geometry": {
        "type": "Point",
        "coordinates": [
          2.122614,
          41.385641
        ]
      },
      "properties": {
        "routes": [
          {
            "color": "#DA291C",
            "long_name": "La Mercè",
            "route_type": 3,
            "short_name": "113",
            "text_color": "#FFFFFF"
          }
        ],
        "stop_id": "2.293.675301",
        "stop_name": "Av Joan XXIII - Pl Pius XII"
      }
    },
    {
      "type": "Feature",
      "geometry": {
        "type": "Point",
        "coordinates": [
          2.108859,
          41.385765
        ]
      },
      "properties": {
        "routes": [
          {
            "color": "#DA291C",
            "long_name": "La Mercè",
            "route_type": 3,
            "short_name": "113",
            "text_color": "#FFFFFF"
          },
          {
            "color": "#DA291C",
            "long_name": "Les Corts",
            "route_type": 3,
            "short_name": "175",
            "text_color": "#FFFFFF"
          },
          {
            "color": "#003888",
            "long_name": "Zona Universitària / Bon Pastor",
            "route_type": 3,
            "short_name": "H4",
            "text_color": "#FFFFFF"
          },
          {
            "color": "#6AB023",
            "long_name": "Districte Gran Via l'Hospitalet / Av. Esplugues",
            "route_type": 3,
            "short_name": "V1",
            "text_color": "#FFFFFF"
          }
        ],
        "stop_id": "2.295.695620",
        "stop_name": "González Tablas - Sor Eulàlia d'Anzizu"
      }
    },
    {
      "type": "Feature",
      "geometry": {
        "type": "Point",
        "coordinates": [
          2.113965,
          41.382055
        ]
      },
      "properties": {
        "routes": [
          {
            "color": "#6AB023",
            "long_name": "Districte Gran Via l'Hospitalet / Av. Esplugues",
            "route_type": 3,
            "short_name": "V1",
            "text_color": "#FFFFFF"
          }
        ],
        "stop_id": "2.296.675306",
        "stop_name": "Av Doctor Marañón - Baldiri i Reixac"
      }
    },
    {
      "type": "Feature",
      "geometry": {
        "type": "Point",
        "coordinates": [
          2.118936,
          41.390002
        ]
      },
      "properties": {
        "routes": [
          {
            "color": "#DA291C",
            "long_name": "Pl.Catalunya / Sant Joan Despí",
            "route_type": 3,
            "short_name": "63",
            "text_color": "#FFFFFF"
          },
          {
            "color": "#DA291C",
            "long_name": "Estació de Sants / Sant Joan Despí",
            "route_type": 3,
            "short_name": "78",
            "text_color": "#FFFFFF"
          },
          {
            "color": "#6AB023",
            "long_name": "Mare de Déu de Port / Pedralbes",
            "route_type": 3,
            "short_name": "V5",
            "text_color": "#FFFFFF"
          }
        ],
        "stop_id": "2.297.694029",
        "stop_name": "Av Pedralbes - Pg Manuel Girona"
      }
    },
    {
      "type": "Feature",
      "geometry": {
        "type": "Point",
        "coordinates": [
          2.175154,
          41.410032
        ]
      },
      "properties": {
        "routes": [
          {
            "color": "#DA291C",
            "long_name": "Pl. Catalunya / Sant Genís",
            "route_type": 3,
            "short_name": "19",
            "text_color": "#FFFFFF"
          },
          {
            "color": "#DA291C",
            "long_name": "Pg. Marítim / Canyelles",
            "route_type": 3,
            "short_name": "47",
            "text_color": "#FFFFFF"
          },
          {
            "color": "#003888",
            "long_name": "Ernest Lluch / Bon Pastor",
            "route_type": 3,
            "short_name": "H8",
            "text_color": "#FFFFFF"
          }
        ],
        "stop_id": "2.307.689827",
        "stop_name": "Av Gaudí"
      }
    },
    {
      "type": "Feature",
      "geometry": {
        "type": "Point",
        "coordinates": [
          2.181804,
          41.406488
        ]
      },
      "properties": {
        "routes": [
          {
            "color": "#DA291C",
            "long_name": "Zona Universitària / Verneda",
            "route_type": 3,
            "short_name": "33",
            "text_color": "#FFFFFF"
          },
          {
            "color": "#DA291C",
            "long_name": "Pg. Manuel Girona / Pl. Virrei Amat",
            "route_type": 3,
            "short_name": "34",
            "text_color": "#FFFFFF"
          },
          {
            "color": "#93107E",
            "long_name": "Paral·lel / Ciutat Meridiana",
            "route_type": 3,
            "short_name": "D50",
            "text_color": "#FFFFFF"
          },
          {
            "color": "#003888",
            "long_name": "Pl. Sants / Olímpic de Badalona",
            "route_type": 3,
            "short_name": "H10",
            "text_color": "#FFFFFF"
          }
        ],
        "stop_id": "2.308.674383",
        "stop_name": "València - Dos de Maig"
      }
    },
    {
      "type": "Feature",
      "geometry": {
        "type": "Point",
        "coordinates": [
          2.107874,
          41.383268
        ]
      },
      "properties": {
        "routes": [
          {
            "color": "#DA291C",
            "long_name": "Pl. Catalunya / Cornellà",
            "route_type": 3,
            "short_name": "67",
            "text_color": "#FFFFFF"
          }
        ],
        "stop_id": "2.309.675312",
        "stop_name": "Diagonal - Complex Esportiu Universitari"
      }
    },
    {
      "type": "Feature",
      "geometry": {
        "type": "Point",
        "coordinates": [
          2.111612,
          41.384222
        ]
      },
      "properties": {
        "routes": [
          {
            "color": "#DA291C",
            "long_name": "Les Corts",
            "route_type": 3,
            "short_name": "175",
            "text_color": "#FFFFFF"
          },
          {
            "color": "#DA291C",
            "long_name": "Pl. Catalunya / Cornellà",
            "route_type": 3,
            "short_name": "67",
            "text_color": "#FFFFFF"
          },
          {
            "color": "#DA291C",
            "long_name": "Fòrum / Zona Universitària",
            "route_type": 3,
            "short_name": "7",
            "text_color": "#FFFFFF"
          }
        ],
        "stop_id": "2.310.690504",
        "stop_name": "Diagonal - Av Doctor Marañón"
      }
    },
    {
      "type": "Feature",
      "geometry": {
        "type": "Point",
        "coordinates": [
          2.157998,
          41.382668
        ]
      },
      "properties": {
        "routes": [
          {
            "color": "#6AB023",
            "long_name": "Estació Marítima (WTC) / Bonanova",
            "route_type": 3,
            "short_name": "V11",
            "text_color": "#FFFFFF"
          }
        ],
        "stop_id": "2.312.686778",
        "stop_name": "Comte d'Urgell - Gran Via"
      }
    },
    {
      "type": "Feature",
      "geometry": {
        "type": "Point",
        "coordinates": [
          2.16756,
          41.390138
        ]
      },
      "properties": {
        "routes": [
          {
            "color": "#DA291C",
            "long_name": "Pl. Catalunya / El Carmel",
            "route_type": 3,
            "short_name": "22",
            "text_color": "#FFFFFF"
          },
          {
            "color": "#DA291C",
            "long_name": "Pl. Catalunya / El Carmel",
            "route_type": 3,
            "short_name": "24",
            "text_color": "#FFFFFF"
          },
          {
            "color": "#DA291C",
            "long_name": "Fòrum / Zona Universitària",
            "route_type": 3,
            "short_name": "7",
            "text_color": "#FFFFFF"
          },
          {
            "color": "#6AB023",
            "long_name": "Barceloneta / Av. Tibidabo",
            "route_type": 3,
            "short_name": "V15",
            "text_color": "#FFFFFF"
          }
        ],
        "stop_id": "2.313.691074",
        "stop_name": "Pg de Gràcia - Gran Via"
      }
    },
    {
      "type": "Feature",
      "geometry": {
        "type": "Point",
        "coordinates": [
          2.154744,
          41.379979
        ]
      },
      "properties": {
        "routes": [
          {
            "color": "#DA291C",
            "long_name": "Esq. de l'Eixample",
            "route_type": 3,
            "short_name": "141",
            "text_color": "#FFFFFF"
          }
        ],
        "stop_id": "2.314.696828",
        "stop_name": "Calàbria - Gran Via"
      }
    },
    {
      "type": "Feature",
      "geometry": {
        "type": "Point",
        "coordinates": [
          2.174671,
          41.395419
        ]
      },
      "properties": {
        "routes": [
          {
            "color": "#DA291C",
            "long_name": "Pl. Catalunya / Sant Genís",
            "route_type": 3,
            "short_name": "19",
            "text_color": "#FFFFFF"
          },
          {
            "color": "#DA291C",
            "long_name": "Pg. Manuel Girona / Poblenou",
            "route_type": 3,
            "short_name": "6",
            "text_color": "#FFFFFF"
          },
          {
            "color": "#93107E",
            "long_name": "Paral·lel / Ciutat Meridiana",
            "route_type": 3,
            "short_name": "D50",
            "text_color": "#FFFFFF"
          },
          {
            "color": "#6AB023",
            "long_name": "Barceloneta / Pl. Alfonso Comín",
            "route_type": 3,
            "short_name": "V19",
            "text_color": "#FFFFFF"
          }
        ],
        "stop_id": "2.315.690407",
        "stop_name": "Pg de Sant Joan - Diputació"
      }
    },
    {
      "type": "Feature",
      "geometry": {
        "type": "Point",
        "coordinates": [
          2.162533,
          41.386042
        ]
      },
      "properties": {
        "routes": [
          {
            "color": "#DA291C",
            "long_name": "Estació del Nord / Cardenal Reig",
            "route_type": 3,
            "short_name": "54",
            "text_color": "#FFFFFF"
          },
          {
            "color": "#DA291C",
            "long_name": "Pl.Catalunya / Sant Joan Despí",
            "route_type": 3,
            "short_name": "63",
            "text_color": "#FFFFFF"
          },
          {
            "color": "#DA291C",
            "long_name": "Pl. Catalunya / Cornellà",
            "route_type": 3,
            "short_name": "67",
            "text_color": "#FFFFFF"
          },
          {
            "color": "#6AB023",
            "long_name": "Pl. Catalunya / Av. Tibidabo",
            "route_type": 3,
            "short_name": "V13",
            "text_color": "#FFFFFF"
          }
        ],
        "stop_id": "2.316.683100",
        "stop_name": "Aribau - Gran Via"
      }
    },
    {
      "type": "Feature",
      "geometry": {
        "type": "Point",
        "coordinates": [
          2.175272,
          41.395471
        ]
      },
      "properties": {
        "routes": [
          {
            "color": "#DA291C",
            "long_name": "Pl. Catalunya / Sant Genís",
            "route_type": 3,
            "short_name": "19",
            "text_color": "#FFFFFF"
          },
          {
            "color": "#DA291C",
            "long_name": "Pg. Manuel Girona / Poblenou",
            "route_type": 3,
            "short_name": "6",
            "text_color": "#FFFFFF"
          },
          {
            "color": "#93107E",
            "long_name": "Paral·lel / Ciutat Meridiana",
            "route_type": 3,
            "short_name": "D50",
            "text_color": "#FFFFFF"
          },
          {
            "color": "#6AB023",
            "long_name": "Barceloneta / Pl. Alfonso Comín",
            "route_type": 3,
            "short_name": "V19",
            "text_color": "#FFFFFF"
          }
        ],
        "stop_id": "2.317.690911",
        "stop_name": "Pl Tetuan - Pg de Sant Joan"
      }
    },
    {
      "type": "Feature",
      "geometry": {
        "type": "Point",
        "coordinates": [
          2.15235,
          41.378374
        ]
      },
      "properties": {
        "routes": [
          {
            "color": "#6AB023",
            "long_name": "Poble-sec / Sarrià",
            "route_type": 3,
            "short_name": "V9",
            "text_color": "#FFFFFF"
          }
        ],
        "stop_id": "2.319.674897",
        "stop_name": "Entença - Gran Via"
      }
    },
    {
      "type": "Feature",
      "geometry": {
        "type": "Point",
        "coordinates": [
          2.147419,
          41.376704
        ]
      },
      "properties": {
        "routes": [
          {
            "color": "#DA291C",
            "long_name": "Hospital Clínic / Polígon Zona Franca",
            "route_type": 3,
            "short_name": "109",
            "text_color": "#FFFFFF"
          },
          {
            "color": "#93107E",
            "long_name": "Pg. Marítim / Ernest Lluch",
            "route_type": 3,
            "short_name": "D20",
            "text_color": "#FFFFFF"
          }
        ],
        "stop_id": "2.320.674925",
        "stop_name": "Tarragona - Parc de Joan Miró"
      }
    },
    {
      "type": "Feature",
      "geometry": {
        "type": "Point",
        "coordinates": [
          2.170423,
          41.392009
        ]
      },
      "properties": {
        "routes": [
          {
            "color": "#DA291C",
            "long_name": "Pl. Urquinaona / Pl. Catalana",
            "route_type": 3,
            "short_name": "39",
            "text_color": "#FFFFFF"
          },
          {
            "color": "#DA291C",
            "long_name": "Pg. Marítim / Canyelles",
            "route_type": 3,
            "short_name": "47",
            "text_color": "#FFFFFF"
          },
          {
            "color": "#6AB023",
            "long_name": "Port Vell / Vall d'Hebron",
            "route_type": 3,
            "short_name": "V17",
            "text_color": "#FFFFFF"
          }
        ],
        "stop_id": "2.321.675034",
        "stop_name": "Llúria - Gran Via"
      }
    },
    {
      "type": "Feature",
      "geometry": {
        "type": "Point",
        "coordinates": [
          2.105988,
          41.375966
        ]
      },
      "properties": {
        "routes": [
          {
            "color": "#DA291C",
            "long_name": "Collblanc / Sant Joan Despí",
            "route_type": 3,
            "short_name": "157",
            "text_color": "#FFFFFF"
          }
        ],
        "stop_id": "2.324.683123",
        "stop_name": "Can Rigal"
      }
    },
    {
      "type": "Feature",
      "geometry": {
        "type": "Point",
        "coordinates": [
          2.11336,
          41.347448
        ]
      },
      "properties": {
        "routes": [
          {
            "color": "#DA291C",
            "long_name": "Pl. Espanya / Aeroport BCN",
            "route_type": 3,
            "short_name": "46",
            "text_color": "#FFFFFF"
          },
          {
            "color": "#DA291C",
            "long_name": "Pl. Espanya / El Prat",
            "route_type": 3,
            "short_name": "65",
            "text_color": "#FFFFFF"
          },
          {
            "color": "#010101",
            "long_name": "Paral·lel - L'Hospitalet (Av. Carrilet)",
            "route_type": 3,
            "short_name": "X3",
            "text_color": "#FFFFFF"
          }
        ],
        "stop_id": "2.334.675736",
        "stop_name": "Av Granvia - Ctra Antiga del Prat"
      }
    },
    {
      "type": "Feature",
      "geometry": {
        "type": "Point",
        "coordinates": [
          2.111589,
          41.386981
        ]
      },
      "properties": {
        "routes": [
          {
            "color": "#DA291C",
            "long_name": "La Mercè",
            "route_type": 3,
            "short_name": "113",
            "text_color": "#FFFFFF"
          },
          {
            "color": "#DA291C",
            "long_name": "Les Corts",
            "route_type": 3,
            "short_name": "175",
            "text_color": "#FFFFFF"
          },
          {
            "color": "#003888",
            "long_name": "Zona Universitària / Bon Pastor",
            "route_type": 3,
            "short_name": "H4",
            "text_color": "#FFFFFF"
          }
        ],
        "stop_id": "2.335.675309",
        "stop_name": "Gran Capità - Av de l'Exèrcit"
      }
    },
    {
      "type": "Feature",
      "geometry": {
        "type": "Point",
        "coordinates": [
          2.188089,
          41.411226
        ]
      },
      "properties": {
        "routes": [
          {
            "color": "#DA291C",
            "long_name": "Zona Universitària / Verneda",
            "route_type": 3,
            "short_name": "33",
            "text_color": "#FFFFFF"
          },
          {
            "color": "#DA291C",
            "long_name": "Pg. Manuel Girona / Pl. Virrei Amat",
            "route_type": 3,
            "short_name": "34",
            "text_color": "#FFFFFF"
          },
          {
            "color": "#003888",
            "long_name": "Pl. Sants / Olímpic de Badalona",
            "route_type": 3,
            "short_name": "H10",
            "text_color": "#FFFFFF"
          }
        ],
        "stop_id": "2.337.674937",
        "stop_name": "València - Muntanya"
      }
    },
    {
      "type": "Feature",
      "geometry": {
        "type": "Point",
        "coordinates": [
          2.144752,
          41.366328
        ]
      },
      "properties": {
        "routes": [
          {
            "color": "#DA291C",
            "long_name": "Pl. Espanya / Castell de Montjuïc",
            "route_type": 3,
            "short_name": "150",
            "text_color": "#FFFFFF"
          },
          {
            "color": "#DA291C",
            "long_name": "Pl. Espanya / Parc Logístic",
            "route_type": 3,
            "short_name": "23",
            "text_color": "#FFFFFF"
          },
          {
            "color": "#010101",
            "long_name": "Paral·lel - L'Hospitalet (Av. Carrilet)",
            "route_type": 3,
            "short_name": "X3",
            "text_color": "#FFFFFF"
          }
        ],
        "stop_id": "2.343.675198",
        "stop_name": "Pl de Sant Jordi"
      }
    },
    {
      "type": "Feature",
      "geometry": {
        "type": "Point",
        "coordinates": [
          2.151358,
          41.366472
        ]
      },
      "properties": {
        "routes": [
          {
            "color": "#DA291C",
            "long_name": "La Marina",
            "route_type": 3,
            "short_name": "125",
            "text_color": "#FFFFFF"
          },
          {
            "color": "#DA291C",
            "long_name": "Pl. Espanya / Castell de Montjuïc",
            "route_type": 3,
            "short_name": "150",
            "text_color": "#FFFFFF"
          }
        ],
        "stop_id": "2.344.676581",
        "stop_name": "Piscines Picornell - Museu Nacional"
      }
    },
    {
      "type": "Feature",
      "geometry": {
        "type": "Point",
        "coordinates": [
          2.154544,
          41.366002
        ]
      },
      "properties": {
        "routes": [
          {
            "color": "#DA291C",
            "long_name": "La Marina",
            "route_type": 3,
            "short_name": "125",
            "text_color": "#FFFFFF"
          },
          {
            "color": "#DA291C",
            "long_name": "Pl. Espanya / Castell de Montjuïc",
            "route_type": 3,
            "short_name": "150",
            "text_color": "#FFFFFF"
          }
        ],
        "stop_id": "2.345.675194",
        "stop_name": "Av de l'Estadi - Estadi Olímpic"
      }
    },
    {
      "type": "Feature",
      "geometry": {
        "type": "Point",
        "coordinates": [
          2.155317,
          41.366164
        ]
      },
      "properties": {
        "routes": [
          {
            "color": "#DA291C",
            "long_name": "Pl. Espanya / Castell de Montjuïc",
            "route_type": 3,
            "short_name": "150",
            "text_color": "#FFFFFF"
          }
        ],
        "stop_id": "2.346.675195",
        "stop_name": "Estadi Olímpic"
      }
    },
    {
      "type": "Feature",
      "geometry": {
        "type": "Point",
        "coordinates": [
          2.151718,
          41.366539
        ]
      },
      "properties": {
        "routes": [
          {
            "color": "#DA291C",
            "long_name": "Pl. Espanya / Castell de Montjuïc",
            "route_type": 3,
            "short_name": "150",
            "text_color": "#FFFFFF"
          }
        ],
        "stop_id": "2.347.675196",
        "stop_name": "Piscines Picornell - Museu Nacional"
      }
    },
    {
      "type": "Feature",
      "geometry": {
        "type": "Point",
        "coordinates": [
          2.147373,
          41.365477
        ]
      },
      "properties": {
        "routes": [
          {
            "color": "#DA291C",
            "long_name": "La Marina",
            "route_type": 3,
            "short_name": "125",
            "text_color": "#FFFFFF"
          },
          {
            "color": "#DA291C",
            "long_name": "Pl. Espanya / Castell de Montjuïc",
            "route_type": 3,
            "short_name": "150",
            "text_color": "#FFFFFF"
          }
        ],
        "stop_id": "2.348.676588",
        "stop_name": "Av Estadi - INEFC"
      }
    },
    {
      "type": "Feature",
      "geometry": {
        "type": "Point",
        "coordinates": [
          2.146807,
          41.36553
        ]
      },
      "properties": {
        "routes": [
          {
            "color": "#DA291C",
            "long_name": "Pl. Espanya / Castell de Montjuïc",
            "route_type": 3,
            "short_name": "150",
            "text_color": "#FFFFFF"
          }
        ],
        "stop_id": "2.349.675197",
        "stop_name": "Av Estadi - INEFC"
      }
    },
    {
      "type": "Feature",
      "geometry": {
        "type": "Point",
        "coordinates": [
          2.14701,
          41.410385
        ]
      },
      "properties": {
        "routes": [
          {
            "color": "#DA291C",
            "long_name": "Estació de Sants / Roquetes",
            "route_type": 3,
            "short_name": "27",
            "text_color": "#FFFFFF"
          }
        ],
        "stop_id": "2.350.686514",
        "stop_name": "Av de Vallcarca - Baixada de la Glòria"
      }
    },
    {
      "type": "Feature",
      "geometry": {
        "type": "Point",
        "coordinates": [
          2.083071,
          41.365512
        ]
      },
      "properties": {
        "routes": [
          {
            "color": "#DA291C",
            "long_name": "Pl. Catalunya / Cornellà",
            "route_type": 3,
            "short_name": "67",
            "text_color": "#FFFFFF"
          },
          {
            "color": "#DA291C",
            "long_name": "Circular Cornellà 1",
            "route_type": 3,
            "short_name": "95",
            "text_color": "#FFFFFF"
          }
        ],
        "stop_id": "2.352.691707",
        "stop_name": "Av de Sant Ildefons - Cirerer"
      }
    },
    {
      "type": "Feature",
      "geometry": {
        "type": "Point",
        "coordinates": [
          2.077241,
          41.359655
        ]
      },
      "properties": {
        "routes": [
          {
            "color": "#DA291C",
            "long_name": "Pl. Catalunya / Cornellà",
            "route_type": 3,
            "short_name": "67",
            "text_color": "#FFFFFF"
          },
          {
            "color": "#DA291C",
            "long_name": "Circular Cornellà 2",
            "route_type": 3,
            "short_name": "94",
            "text_color": "#FFFFFF"
          }
        ],
        "stop_id": "2.353.683763",
        "stop_name": "Av del Parc - Pl Catalunya"
      }
    },
    {
      "type": "Feature",
      "geometry": {
        "type": "Point",
        "coordinates": [
          2.074945,
          41.359391
        ]
      },
      "properties": {
        "routes": [
          {
            "color": "#DA291C",
            "long_name": "Pl. Catalunya / Cornellà",
            "route_type": 3,
            "short_name": "67",
            "text_color": "#FFFFFF"
          },
          {
            "color": "#DA291C",
            "long_name": "Circular Cornellà 2",
            "route_type": 3,
            "short_name": "94",
            "text_color": "#FFFFFF"
          }
        ],
        "stop_id": "2.354.675522",
        "stop_name": "Av del Parc - Ptge de Les Delícies"
      }
    },
    {
      "type": "Feature",
      "geometry": {
        "type": "Point",
        "coordinates": [
          2.072941,
          41.359194
        ]
      },
      "properties": {
        "routes": [
          {
            "color": "#DA291C",
            "long_name": "Pl. Catalunya / Cornellà",
            "route_type": 3,
            "short_name": "67",
            "text_color": "#FFFFFF"
          },
          {
            "color": "#DA291C",
            "long_name": "Circular Cornellà 2",
            "route_type": 3,
            "short_name": "94",
            "text_color": "#FFFFFF"
          }
        ],
        "stop_id": "2.355.681448",
        "stop_name": "Av del Parc - Mossèn Joaquim Palet"
      }
    },
    {
      "type": "Feature",
      "geometry": {
        "type": "Point",
        "coordinates": [
          2.078227,
          41.355046
        ]
      },
      "properties": {
        "routes": [
          {
            "color": "#DA291C",
            "long_name": "Pl. Catalunya / Cornellà",
            "route_type": 3,
            "short_name": "67",
            "text_color": "#FFFFFF"
          },
          {
            "color": "#DA291C",
            "long_name": "Hospital Clínic / Cornellà",
            "route_type": 3,
            "short_name": "68",
            "text_color": "#FFFFFF"
          }
        ],
        "stop_id": "2.357.699414",
        "stop_name": "Av dels Alps - Tanatori"
      }
    },
    {
      "type": "Feature",
      "geometry": {
        "type": "Point",
        "coordinates": [
          2.073255,
          41.356433
        ]
      },
      "properties": {
        "routes": [
          {
            "color": "#DA291C",
            "long_name": "Pl. Catalunya / Cornellà",
            "route_type": 3,
            "short_name": "67",
            "text_color": "#FFFFFF"
          },
          {
            "color": "#DA291C",
            "long_name": "Hospital Clínic / Cornellà",
            "route_type": 3,
            "short_name": "68",
            "text_color": "#FFFFFF"
          }
        ],
        "stop_id": "2.358.691786",
        "stop_name": "Av dels Alps - Ctra d'Esplugues"
      }
    },
    {
      "type": "Feature",
      "geometry": {
        "type": "Point",
        "coordinates": [
          2.163064,
          41.406304
        ]
      },
      "properties": {
        "routes": [
          {
            "color": "#6AB023",
            "long_name": "Barceloneta / Pl. Alfonso Comín",
            "route_type": 3,
            "short_name": "V19",
            "text_color": "#FFFFFF"
          }
        ],
        "stop_id": "2.369.699474",
        "stop_name": "Pi i Margall - Metro Joanic"
      }
    },
    {
      "type": "Feature",
      "geometry": {
        "type": "Point",
        "coordinates": [
          2.136405,
          41.390339
        ]
      },
      "properties": {
        "routes": [
          {
            "color": "#DA291C",
            "long_name": "Zona Universitària / Verneda",
            "route_type": 3,
            "short_name": "33",
            "text_color": "#FFFFFF"
          },
          {
            "color": "#DA291C",
            "long_name": "Pg. Manuel Girona / Pl. Virrei Amat",
            "route_type": 3,
            "short_name": "34",
            "text_color": "#FFFFFF"
          },
          {
            "color": "#DA291C",
            "long_name": "Pg. Manuel Girona / Poblenou",
            "route_type": 3,
            "short_name": "6",
            "text_color": "#FFFFFF"
          },
          {
            "color": "#DA291C",
            "long_name": "Pl.Catalunya / Sant Joan Despí",
            "route_type": 3,
            "short_name": "63",
            "text_color": "#FFFFFF"
          },
          {
            "color": "#DA291C",
            "long_name": "Pl. Catalunya / Cornellà",
            "route_type": 3,
            "short_name": "67",
            "text_color": "#FFFFFF"
          },
          {
            "color": "#DA291C",
            "long_name": "Fòrum / Zona Universitària",
            "route_type": 3,
            "short_name": "7",
            "text_color": "#FFFFFF"
          }
        ],
        "stop_id": "2.373.676779",
        "stop_name": "Diagonal - Entença"
      }
    },
    {
      "type": "Feature",
      "geometry": {
        "type": "Point",
        "coordinates": [
          2.143136,
          41.389507
        ]
      },
      "properties": {
        "routes": [
          {
            "color": "#DA291C",
            "long_name": "Estació de Sants / Roquetes",
            "route_type": 3,
            "short_name": "27",
            "text_color": "#FFFFFF"
          },
          {
            "color": "#93107E",
            "long_name": "Pl. Espanya / Canyelles",
            "route_type": 3,
            "short_name": "D40",
            "text_color": "#FFFFFF"
          }
        ],
        "stop_id": "2.375.693972",
        "stop_name": "Josep Tarradellas - Av Sarrià"
      }
    },
    {
      "type": "Feature",
      "geometry": {
        "type": "Point",
        "coordinates": [
          2.140634,
          41.390115
        ]
      },
      "properties": {
        "routes": [
          {
            "color": "#DA291C",
            "long_name": "Poblenou / Pl. Reina Maria Cristina",
            "route_type": 3,
            "short_name": "59",
            "text_color": "#FFFFFF"
          },
          {
            "color": "#003888",
            "long_name": "Ernest Lluch / Bon Pastor",
            "route_type": 3,
            "short_name": "H8",
            "text_color": "#FFFFFF"
          }
        ],
        "stop_id": "2.376.692695",
        "stop_name": "Les Corts - Pl Dr Ignasi Barraquer"
      }
    },
    {
      "type": "Feature",
      "geometry": {
        "type": "Point",
        "coordinates": [
          2.1594,
          41.375108
        ]
      },
      "properties": {
        "routes": [
          {
            "color": "#93107E",
            "long_name": "Pg. Marítim / Ernest Lluch",
            "route_type": 3,
            "short_name": "D20",
            "text_color": "#FFFFFF"
          },
          {
            "color": "#6AB023",
            "long_name": "Poble-sec / Sarrià",
            "route_type": 3,
            "short_name": "V9",
            "text_color": "#FFFFFF"
          },
          {
            "color": "#010101",
            "long_name": "Paral·lel - L'Hospitalet (Av. Carrilet)",
            "route_type": 3,
            "short_name": "X3",
            "text_color": "#FFFFFF"
          }
        ],
        "stop_id": "2.377.691503",
        "stop_name": "Paral·lel - Rocafort"
      }
    },
    {
      "type": "Feature",
      "geometry": {
        "type": "Point",
        "coordinates": [
          2.146274,
          41.382013
        ]
      },
      "properties": {
        "routes": [
          {
            "color": "#DA291C",
            "long_name": "Hospital Clínic / Polígon Zona Franca",
            "route_type": 3,
            "short_name": "109",
            "text_color": "#FFFFFF"
          },
          {
            "color": "#003888",
            "long_name": "Pl. Sants / Olímpic de Badalona",
            "route_type": 3,
            "short_name": "H10",
            "text_color": "#FFFFFF"
          }
        ],
        "stop_id": "2.378.689780",
        "stop_name": "Av de Roma - Entença"
      }
    },
    {
      "type": "Feature",
      "geometry": {
        "type": "Point",
        "coordinates": [
          2.147948,
          41.381048
        ]
      },
      "properties": {
        "routes": [
          {
            "color": "#DA291C",
            "long_name": "Hospital Clínic / Polígon Zona Franca",
            "route_type": 3,
            "short_name": "109",
            "text_color": "#FFFFFF"
          },
          {
            "color": "#003888",
            "long_name": "Pl. Sants / Olímpic de Badalona",
            "route_type": 3,
            "short_name": "H10",
            "text_color": "#FFFFFF"
          }
        ],
        "stop_id": "2.380.675091",
        "stop_name": "València - Entença"
      }
    },
    {
      "type": "Feature",
      "geometry": {
        "type": "Point",
        "coordinates": [
          2.190631,
          41.413988
        ]
      },
      "properties": {
        "routes": [
          {
            "color": "#DA291C",
            "long_name": "Pg. Manuel Girona / Pl. Virrei Amat",
            "route_type": 3,
            "short_name": "34",
            "text_color": "#FFFFFF"
          }
        ],
        "stop_id": "2.381.684674",
        "stop_name": "Clot - Biscaia"
      }
    },
    {
      "type": "Feature",
      "geometry": {
        "type": "Point",
        "coordinates": [
          2.185972,
          41.419915
        ]
      },
      "properties": {
        "routes": [
          {
            "color": "#003888",
            "long_name": "Ernest Lluch / Bon Pastor",
            "route_type": 3,
            "short_name": "H8",
            "text_color": "#FFFFFF"
          }
        ],
        "stop_id": "2.384.676957",
        "stop_name": "Sant Antoni Maria Claret - Espronceda"
      }
    },
    {
      "type": "Feature",
      "geometry": {
        "type": "Point",
        "coordinates": [
          2.190514,
          41.414917
        ]
      },
      "properties": {
        "routes": [
          {
            "color": "#DA291C",
            "long_name": "Zona Universitària / Verneda",
            "route_type": 3,
            "short_name": "33",
            "text_color": "#FFFFFF"
          },
          {
            "color": "#DA291C",
            "long_name": "Pg. Manuel Girona / Pl. Virrei Amat",
            "route_type": 3,
            "short_name": "34",
            "text_color": "#FFFFFF"
          },
          {
            "color": "#003888",
            "long_name": "Pl. Sants / Olímpic de Badalona",
            "route_type": 3,
            "short_name": "H10",
            "text_color": "#FFFFFF"
          }
        ],
        "stop_id": "2.387.689760",
        "stop_name": "Mallorca - Clot"
      }
    },
    {
      "type": "Feature",
      "geometry": {
        "type": "Point",
        "coordinates": [
          2.148575,
          41.374291
        ]
      },
      "properties": {
        "routes": [
          {
            "color": "#003888",
            "long_name": "Gornal / Besòs Verneda",
            "route_type": 3,
            "short_name": "H12",
            "text_color": "#FFFFFF"
          }
        ],
        "stop_id": "2.389.675716",
        "stop_name": "Pl Espanya - FGC"
      }
    },
    {
      "type": "Feature",
      "geometry": {
        "type": "Point",
        "coordinates": [
          2.144895,
          41.375153
        ]
      },
      "properties": {
        "routes": [
          {
            "color": "#DA291C",
            "long_name": "Pl. Catalunya / Collblanc",
            "route_type": 3,
            "short_name": "52",
            "text_color": "#FFFFFF"
          },
          {
            "color": "#93107E",
            "long_name": "Pg. Marítim / Ernest Lluch",
            "route_type": 3,
            "short_name": "D20",
            "text_color": "#FFFFFF"
          }
        ],
        "stop_id": "2.391.675181",
        "stop_name": "Metro Hostafrancs"
      }
    },
    {
      "type": "Feature",
      "geometry": {
        "type": "Point",
        "coordinates": [
          2.146854,
          41.37512
        ]
      },
      "properties": {
        "routes": [
          {
            "color": "#DA291C",
            "long_name": "Pl. Catalunya / Collblanc",
            "route_type": 3,
            "short_name": "52",
            "text_color": "#FFFFFF"
          },
          {
            "color": "#93107E",
            "long_name": "Pg. Marítim / Ernest Lluch",
            "route_type": 3,
            "short_name": "D20",
            "text_color": "#FFFFFF"
          }
        ],
        "stop_id": "2.392.697238",
        "stop_name": "Creu Coberta - Pl Espanya"
      }
    },
    {
      "type": "Feature",
      "geometry": {
        "type": "Point",
        "coordinates": [
          2.150107,
          41.373821
        ]
      },
      "properties": {
        "routes": [
          {
            "color": "#DA291C",
            "long_name": "Mercat Sant Antoni / Parc de Montjuïc",
            "route_type": 3,
            "short_name": "13",
            "text_color": "#FFFFFF"
          },
          {
            "color": "#010101",
            "long_name": "Paral·lel - L'Hospitalet (Av. Carrilet)",
            "route_type": 3,
            "short_name": "X3",
            "text_color": "#FFFFFF"
          }
        ],
        "stop_id": "2.393.697164",
        "stop_name": "Av Reina Maria Cristina - Pl Espanya"
      }
    },
    {
      "type": "Feature",
      "geometry": {
        "type": "Point",
        "coordinates": [
          2.141561,
          41.385421
        ]
      },
      "properties": {
        "routes": [
          {
            "color": "#DA291C",
            "long_name": "Estació del Nord / Cardenal Reig",
            "route_type": 3,
            "short_name": "54",
            "text_color": "#FFFFFF"
          }
        ],
        "stop_id": "2.395.675333",
        "stop_name": "Marquès de Sentmenat - Equador"
      }
    },
    {
      "type": "Feature",
      "geometry": {
        "type": "Point",
        "coordinates": [
          2.140793,
          41.384129
        ]
      },
      "properties": {
        "routes": [
          {
            "color": "#DA291C",
            "long_name": "Estació del Nord / Cardenal Reig",
            "route_type": 3,
            "short_name": "54",
            "text_color": "#FFFFFF"
          },
          {
            "color": "#DA291C",
            "long_name": "Poblenou / Pl. Reina Maria Cristina",
            "route_type": 3,
            "short_name": "59",
            "text_color": "#FFFFFF"
          },
          {
            "color": "#003888",
            "long_name": "Ernest Lluch / Bon Pastor",
            "route_type": 3,
            "short_name": "H8",
            "text_color": "#FFFFFF"
          }
        ],
        "stop_id": "2.396.696837",
        "stop_name": "Berlín - Nicaragua"
      }
    },
    {
      "type": "Feature",
      "geometry": {
        "type": "Point",
        "coordinates": [
          2.142477,
          41.386403
        ]
      },
      "properties": {
        "routes": [
          {
            "color": "#DA291C",
            "long_name": "Estació de Sants / Roquetes",
            "route_type": 3,
            "short_name": "27",
            "text_color": "#FFFFFF"
          },
          {
            "color": "#93107E",
            "long_name": "Pl. Espanya / Canyelles",
            "route_type": 3,
            "short_name": "D40",
            "text_color": "#FFFFFF"
          }
        ],
        "stop_id": "2.397.693970",
        "stop_name": "Josep Tarradellas - Entença"
      }
    },
    {
      "type": "Feature",
      "geometry": {
        "type": "Point",
        "coordinates": [
          2.142903,
          41.413423
        ]
      },
      "properties": {
        "routes": [
          {
            "color": "#DA291C",
            "long_name": "Bonanova Alta",
            "route_type": 3,
            "short_name": "123",
            "text_color": "#FFFFFF"
          },
          {
            "color": "#DA291C",
            "long_name": "Estació de Sants / Roquetes",
            "route_type": 3,
            "short_name": "27",
            "text_color": "#FFFFFF"
          }
        ],
        "stop_id": "2.400.674905",
        "stop_name": "Hospital Delfos"
      }
    },
    {
      "type": "Feature",
      "geometry": {
        "type": "Point",
        "coordinates": [
          2.128008,
          41.381833
        ]
      },
      "properties": {
        "routes": [
          {
            "color": "#DA291C",
            "long_name": "Rambla de Badal / Bonanova",
            "route_type": 3,
            "short_name": "70",
            "text_color": "#FFFFFF"
          },
          {
            "color": "#6AB023",
            "long_name": "Zona Franca / Can Caralleu",
            "route_type": 3,
            "short_name": "V3",
            "text_color": "#FFFFFF"
          }
        ],
        "stop_id": "2.412.675137",
        "stop_name": "Carles III - Les Corts"
      }
    },
    {
      "type": "Feature",
      "geometry": {
        "type": "Point",
        "coordinates": [
          2.194843,
          41.386258
        ]
      },
      "properties": {
        "routes": [
          {
            "color": "#DA291C",
            "long_name": "Pg. Marítim / Verneda",
            "route_type": 3,
            "short_name": "136",
            "text_color": "#FFFFFF"
          },
          {
            "color": "#DA291C",
            "long_name": "Poblenou / Pl. Reina Maria Cristina",
            "route_type": 3,
            "short_name": "59",
            "text_color": "#FFFFFF"
          }
        ],
        "stop_id": "2.413.690240",
        "stop_name": "Av Litoral - Trelawny"
      }
    },
    {
      "type": "Feature",
      "geometry": {
        "type": "Point",
        "coordinates": [
          2.147294,
          41.360712
        ]
      },
      "properties": {
        "routes": [
          {
            "color": "#DA291C",
            "long_name": "La Marina",
            "route_type": 3,
            "short_name": "125",
            "text_color": "#FFFFFF"
          },
          {
            "color": "#DA291C",
            "long_name": "Mercat Sant Antoni / Parc de Montjuïc",
            "route_type": 3,
            "short_name": "13",
            "text_color": "#FFFFFF"
          }
        ],
        "stop_id": "2.420.674570",
        "stop_name": "Can Clos"
      }
    },
    {
      "type": "Feature",
      "geometry": {
        "type": "Point",
        "coordinates": [
          2.14495,
          41.371993
        ]
      },
      "properties": {
        "routes": [
          {
            "color": "#DA291C",
            "long_name": "Hospital Clínic / Polígon Zona Franca",
            "route_type": 3,
            "short_name": "109",
            "text_color": "#FFFFFF"
          },
          {
            "color": "#DA291C",
            "long_name": "Pl. Espanya / Aeroport BCN",
            "route_type": 3,
            "short_name": "46",
            "text_color": "#FFFFFF"
          },
          {
            "color": "#DA291C",
            "long_name": "Pl. Espanya / El Prat",
            "route_type": 3,
            "short_name": "65",
            "text_color": "#FFFFFF"
          },
          {
            "color": "#003888",
            "long_name": "Gornal / Besòs Verneda",
            "route_type": 3,
            "short_name": "H12",
            "text_color": "#FFFFFF"
          },
          {
            "color": "#003888",
            "long_name": "Pg. Zona Franca / Fòrum Campus Besòs",
            "route_type": 3,
            "short_name": "H16",
            "text_color": "#FFFFFF"
          }
        ],
        "stop_id": "2.421.690922",
        "stop_name": "Gran Via - Farell"
      }
    },
    {
      "type": "Feature",
      "geometry": {
        "type": "Point",
        "coordinates": [
          2.160363,
          41.380886
        ]
      },
      "properties": {
        "routes": [
          {
            "color": "#6AB023",
            "long_name": "Estació Marítima (WTC) / Bonanova",
            "route_type": 3,
            "short_name": "V11",
            "text_color": "#FFFFFF"
          }
        ],
        "stop_id": "2.442.692577",
        "stop_name": "Comte d'Urgell - Floridablanca"
      }
    },
    {
      "type": "Feature",
      "geometry": {
        "type": "Point",
        "coordinates": [
          2.155956,
          41.37565
        ]
      },
      "properties": {
        "routes": [
          {
            "color": "#DA291C",
            "long_name": "Pl. Urquinaona / Parc de Montjuïc",
            "route_type": 3,
            "short_name": "55",
            "text_color": "#FFFFFF"
          }
        ],
        "stop_id": "2.444.675202",
        "stop_name": "Entença - Floridablanca"
      }
    },
    {
      "type": "Feature",
      "geometry": {
        "type": "Point",
        "coordinates": [
          2.13745,
          41.36207
        ]
      },
      "properties": {
        "routes": [
          {
            "color": "#DA291C",
            "long_name": "Hospital Clínic / Polígon Zona Franca",
            "route_type": 3,
            "short_name": "109",
            "text_color": "#FFFFFF"
          },
          {
            "color": "#003888",
            "long_name": "Pg. Zona Franca / Fòrum Campus Besòs",
            "route_type": 3,
            "short_name": "H16",
            "text_color": "#FFFFFF"
          },
          {
            "color": "#6AB023",
            "long_name": "Zona Franca / Can Caralleu",
            "route_type": 3,
            "short_name": "V3",
            "text_color": "#FFFFFF"
          }
        ],
        "stop_id": "2.449.684593",
        "stop_name": "Pg Zona Franca - Ctra del Prat"
      }
    },
    {
      "type": "Feature",
      "geometry": {
        "type": "Point",
        "coordinates": [
          2.139622,
          41.359573
        ]
      },
      "properties": {
        "routes": [
          {
            "color": "#DA291C",
            "long_name": "Hospital Clínic / Polígon Zona Franca",
            "route_type": 3,
            "short_name": "109",
            "text_color": "#FFFFFF"
          },
          {
            "color": "#003888",
            "long_name": "Pg. Zona Franca / Fòrum Campus Besòs",
            "route_type": 3,
            "short_name": "H16",
            "text_color": "#FFFFFF"
          },
          {
            "color": "#6AB023",
            "long_name": "Zona Franca / Can Caralleu",
            "route_type": 3,
            "short_name": "V3",
            "text_color": "#FFFFFF"
          }
        ],
        "stop_id": "2.450.678031",
        "stop_name": "Pg Zona Franca - Foneria"
      }
    },
    {
      "type": "Feature",
      "geometry": {
        "type": "Point",
        "coordinates": [
          2.191082,
          41.423025
        ]
      },
      "properties": {
        "routes": [
          {
            "color": "#DA291C",
            "long_name": "Sant Andreu",
            "route_type": 3,
            "short_name": "126",
            "text_color": "#FFFFFF"
          },
          {
            "color": "#DA291C",
            "long_name": "Pg. Manuel Girona / Pl. Virrei Amat",
            "route_type": 3,
            "short_name": "34",
            "text_color": "#FFFFFF"
          },
          {
            "color": "#003888",
            "long_name": "Ernest Lluch / Bon Pastor",
            "route_type": 3,
            "short_name": "H8",
            "text_color": "#FFFFFF"
          },
          {
            "color": "#6AB023",
            "long_name": "Diagonal Mar / Roquetes",
            "route_type": 3,
            "short_name": "V29",
            "text_color": "#FFFFFF"
          }
        ],
        "stop_id": "2.454.690258",
        "stop_name": "Sagrera - Martí Molins"
      }
    },
    {
      "type": "Feature",
      "geometry": {
        "type": "Point",
        "coordinates": [
          2.121553,
          41.386964
        ]
      },
      "properties": {
        "routes": [
          {
            "color": "#DA291C",
            "long_name": "Zona Universitària / Verneda",
            "route_type": 3,
            "short_name": "33",
            "text_color": "#FFFFFF"
          },
          {
            "color": "#DA291C",
            "long_name": "Fòrum / Zona Universitària",
            "route_type": 3,
            "short_name": "7",
            "text_color": "#FFFFFF"
          },
          {
            "color": "#003888",
            "long_name": "Zona Universitària / Onze de Setembre",
            "route_type": 3,
            "short_name": "H6",
            "text_color": "#FFFFFF"
          }
        ],
        "stop_id": "2.458.674474",
        "stop_name": "Pl Pius XII"
      }
    },
    {
      "type": "Feature",
      "geometry": {
        "type": "Point",
        "coordinates": [
          2.126404,
          41.357419
        ]
      },
      "properties": {
        "routes": [
          {
            "color": "#DA291C",
            "long_name": "Pl. Espanya / Aeroport BCN",
            "route_type": 3,
            "short_name": "46",
            "text_color": "#FFFFFF"
          },
          {
            "color": "#DA291C",
            "long_name": "Pl. Espanya / El Prat",
            "route_type": 3,
            "short_name": "65",
            "text_color": "#FFFFFF"
          },
          {
            "color": "#003888",
            "long_name": "Gornal / Besòs Verneda",
            "route_type": 3,
            "short_name": "H12",
            "text_color": "#FFFFFF"
          }
        ],
        "stop_id": "2.472.682017",
        "stop_name": "Pl Europa - Fira"
      }
    },
    {
      "type": "Feature",
      "geometry": {
        "type": "Point",
        "coordinates": [
          2.128468,
          41.378931
        ]
      },
      "properties": {
        "routes": [
          {
            "color": "#DA291C",
            "long_name": "Estació del Nord / Cardenal Reig",
            "route_type": 3,
            "short_name": "54",
            "text_color": "#FFFFFF"
          },
          {
            "color": "#93107E",
            "long_name": "Pg. Marítim / Ernest Lluch",
            "route_type": 3,
            "short_name": "D20",
            "text_color": "#FFFFFF"
          }
        ],
        "stop_id": "2.479.679806",
        "stop_name": "Av Madrid - Carles III"
      }
    },
    {
      "type": "Feature",
      "geometry": {
        "type": "Point",
        "coordinates": [
          2.128028,
          41.389326
        ]
      },
      "properties": {
        "routes": [
          {
            "color": "#DA291C",
            "long_name": "Rambla de Badal / Bonanova",
            "route_type": 3,
            "short_name": "70",
            "text_color": "#FFFFFF"
          },
          {
            "color": "#003888",
            "long_name": "Zona Universitària / Onze de Setembre",
            "route_type": 3,
            "short_name": "H6",
            "text_color": "#FFFFFF"
          },
          {
            "color": "#6AB023",
            "long_name": "Zona Franca / Can Caralleu",
            "route_type": 3,
            "short_name": "V3",
            "text_color": "#FFFFFF"
          }
        ],
        "stop_id": "2.481.679483",
        "stop_name": "Maria Cristina - Carles III"
      }
    },
    {
      "type": "Feature",
      "geometry": {
        "type": "Point",
        "coordinates": [
          2.126648,
          41.381215
        ]
      },
      "properties": {
        "routes": [
          {
            "color": "#003888",
            "long_name": "Ernest Lluch / Bon Pastor",
            "route_type": 3,
            "short_name": "H8",
            "text_color": "#FFFFFF"
          }
        ],
        "stop_id": "2.482.678032",
        "stop_name": "Les Corts - Maternitat"
      }
    },
    {
      "type": "Feature",
      "geometry": {
        "type": "Point",
        "coordinates": [
          2.131617,
          41.389513
        ]
      },
      "properties": {
        "routes": [
          {
            "color": "#DA291C",
            "long_name": "Zona Universitària / Verneda",
            "route_type": 3,
            "short_name": "33",
            "text_color": "#FFFFFF"
          },
          {
            "color": "#DA291C",
            "long_name": "Pl.Catalunya / Sant Joan Despí",
            "route_type": 3,
            "short_name": "63",
            "text_color": "#FFFFFF"
          },
          {
            "color": "#DA291C",
            "long_name": "Pl. Catalunya / Cornellà",
            "route_type": 3,
            "short_name": "67",
            "text_color": "#FFFFFF"
          },
          {
            "color": "#DA291C",
            "long_name": "Fòrum / Zona Universitària",
            "route_type": 3,
            "short_name": "7",
            "text_color": "#FFFFFF"
          },
          {
            "color": "#DA291C",
            "long_name": "Estació de Sants / Sant Joan Despí",
            "route_type": 3,
            "short_name": "78",
            "text_color": "#FFFFFF"
          }
        ],
        "stop_id": "2.483.674472",
        "stop_name": "Diagonal - Numància"
      }
    },
    {
      "type": "Feature",
      "geometry": {
        "type": "Point",
        "coordinates": [
          2.132725,
          41.385515
        ]
      },
      "properties": {
        "routes": [
          {
            "color": "#DA291C",
            "long_name": "Poblenou / Pl. Reina Maria Cristina",
            "route_type": 3,
            "short_name": "59",
            "text_color": "#FFFFFF"
          },
          {
            "color": "#003888",
            "long_name": "Ernest Lluch / Bon Pastor",
            "route_type": 3,
            "short_name": "H8",
            "text_color": "#FFFFFF"
          }
        ],
        "stop_id": "2.484.674676",
        "stop_name": "Les Corts - Vallespir"
      }
    },
    {
      "type": "Feature",
      "geometry": {
        "type": "Point",
        "coordinates": [
          2.129908,
          41.383691
        ]
      },
      "properties": {
        "routes": [
          {
            "color": "#DA291C",
            "long_name": "Poblenou / Pl. Reina Maria Cristina",
            "route_type": 3,
            "short_name": "59",
            "text_color": "#FFFFFF"
          },
          {
            "color": "#003888",
            "long_name": "Ernest Lluch / Bon Pastor",
            "route_type": 3,
            "short_name": "H8",
            "text_color": "#FFFFFF"
          },
          {
            "color": "#6AB023",
            "long_name": "Mare de Déu de Port / Pedralbes",
            "route_type": 3,
            "short_name": "V5",
            "text_color": "#FFFFFF"
          }
        ],
        "stop_id": "2.485.674677",
        "stop_name": "Mercat de Les Corts"
      }
    },
    {
      "type": "Feature",
      "geometry": {
        "type": "Point",
        "coordinates": [
          2.131301,
          41.393274
        ]
      },
      "properties": {
        "routes": [
          {
            "color": "#DA291C",
            "long_name": "Rambla de Badal / Bonanova",
            "route_type": 3,
            "short_name": "70",
            "text_color": "#FFFFFF"
          },
          {
            "color": "#003888",
            "long_name": "Zona Universitària / Onze de Setembre",
            "route_type": 3,
            "short_name": "H6",
            "text_color": "#FFFFFF"
          }
        ],
        "stop_id": "2.487.674730",
        "stop_name": "Mitre - Prat de la Riba"
      }
    },
    {
      "type": "Feature",
      "geometry": {
        "type": "Point",
        "coordinates": [
          2.128122,
          41.388026
        ]
      },
      "properties": {
        "routes": [
          {
            "color": "#DA291C",
            "long_name": "Rambla de Badal / Bonanova",
            "route_type": 3,
            "short_name": "70",
            "text_color": "#FFFFFF"
          },
          {
            "color": "#6AB023",
            "long_name": "Zona Franca / Can Caralleu",
            "route_type": 3,
            "short_name": "V3",
            "text_color": "#FFFFFF"
          }
        ],
        "stop_id": "2.491.675295",
        "stop_name": "Diagonal - Joan Güell"
      }
    },
    {
      "type": "Feature",
      "geometry": {
        "type": "Point",
        "coordinates": [
          2.122985,
          41.386932
        ]
      },
      "properties": {
        "routes": [
          {
            "color": "#DA291C",
            "long_name": "Les Corts",
            "route_type": 3,
            "short_name": "175",
            "text_color": "#FFFFFF"
          },
          {
            "color": "#DA291C",
            "long_name": "Zona Universitària / Verneda",
            "route_type": 3,
            "short_name": "33",
            "text_color": "#FFFFFF"
          },
          {
            "color": "#DA291C",
            "long_name": "Pl.Catalunya / Sant Joan Despí",
            "route_type": 3,
            "short_name": "63",
            "text_color": "#FFFFFF"
          },
          {
            "color": "#DA291C",
            "long_name": "Pl. Catalunya / Cornellà",
            "route_type": 3,
            "short_name": "67",
            "text_color": "#FFFFFF"
          },
          {
            "color": "#DA291C",
            "long_name": "Fòrum / Zona Universitària",
            "route_type": 3,
            "short_name": "7",
            "text_color": "#FFFFFF"
          },
          {
            "color": "#DA291C",
            "long_name": "Estació de Sants / Sant Joan Despí",
            "route_type": 3,
            "short_name": "78",
            "text_color": "#FFFFFF"
          },
          {
            "color": "#6AB023",
            "long_name": "Mare de Déu de Port / Pedralbes",
            "route_type": 3,
            "short_name": "V5",
            "text_color": "#FFFFFF"
          }
        ],
        "stop_id": "2.492.679465",
        "stop_name": "Diagonal - Av Joan XXIII"
      }
    },
    {
      "type": "Feature",
      "geometry": {
        "type": "Point",
        "coordinates": [
          2.125577,
          41.387589
        ]
      },
      "properties": {
        "routes": [
          {
            "color": "#DA291C",
            "long_name": "Zona Universitària / Verneda",
            "route_type": 3,
            "short_name": "33",
            "text_color": "#FFFFFF"
          },
          {
            "color": "#DA291C",
            "long_name": "Pl.Catalunya / Sant Joan Despí",
            "route_type": 3,
            "short_name": "63",
            "text_color": "#FFFFFF"
          },
          {
            "color": "#DA291C",
            "long_name": "Pl. Catalunya / Cornellà",
            "route_type": 3,
            "short_name": "67",
            "text_color": "#FFFFFF"
          },
          {
            "color": "#DA291C",
            "long_name": "Fòrum / Zona Universitària",
            "route_type": 3,
            "short_name": "7",
            "text_color": "#FFFFFF"
          },
          {
            "color": "#DA291C",
            "long_name": "Estació de Sants / Sant Joan Despí",
            "route_type": 3,
            "short_name": "78",
            "text_color": "#FFFFFF"
          }
        ],
        "stop_id": "2.493.683438",
        "stop_name": "Diagonal - Gran Via Carles III"
      }
    },
    {
      "type": "Feature",
      "geometry": {
        "type": "Point",
        "coordinates": [
          2.128934,
          41.388443
        ]
      },
      "properties": {
        "routes": [
          {
            "color": "#DA291C",
            "long_name": "Zona Universitària / Verneda",
            "route_type": 3,
            "short_name": "33",
            "text_color": "#FFFFFF"
          },
          {
            "color": "#DA291C",
            "long_name": "Pg. Manuel Girona / Pl. Virrei Amat",
            "route_type": 3,
            "short_name": "34",
            "text_color": "#FFFFFF"
          },
          {
            "color": "#DA291C",
            "long_name": "Pg. Manuel Girona / Poblenou",
            "route_type": 3,
            "short_name": "6",
            "text_color": "#FFFFFF"
          },
          {
            "color": "#DA291C",
            "long_name": "Pl.Catalunya / Sant Joan Despí",
            "route_type": 3,
            "short_name": "63",
            "text_color": "#FFFFFF"
          },
          {
            "color": "#DA291C",
            "long_name": "Pl. Catalunya / Cornellà",
            "route_type": 3,
            "short_name": "67",
            "text_color": "#FFFFFF"
          },
          {
            "color": "#DA291C",
            "long_name": "Fòrum / Zona Universitària",
            "route_type": 3,
            "short_name": "7",
            "text_color": "#FFFFFF"
          },
          {
            "color": "#DA291C",
            "long_name": "Estació de Sants / Sant Joan Despí",
            "route_type": 3,
            "short_name": "78",
            "text_color": "#FFFFFF"
          }
        ],
        "stop_id": "2.494.674437",
        "stop_name": "Diagonal - Gandesa"
      }
    },
    {
      "type": "Feature",
      "geometry": {
        "type": "Point",
        "coordinates": [
          2.183267,
          41.400389
        ]
      },
      "properties": {
        "routes": [
          {
            "color": "#DA291C",
            "long_name": "Fòrum / Zona Universitària",
            "route_type": 3,
            "short_name": "7",
            "text_color": "#FFFFFF"
          },
          {
            "color": "#003888",
            "long_name": "Gornal / Besòs Verneda",
            "route_type": 3,
            "short_name": "H12",
            "text_color": "#FFFFFF"
          },
          {
            "color": "#010101",
            "long_name": "BCN Centre-F.Macià / BCN Centre-Glòries",
            "route_type": 3,
            "short_name": "X1",
            "text_color": "#FFFFFF"
          }
        ],
        "stop_id": "2.499.697568",
        "stop_name": "Gran Via - Padilla"
      }
    },
    {
      "type": "Feature",
      "geometry": {
        "type": "Point",
        "coordinates": [
          2.173666,
          41.393762
        ]
      },
      "properties": {
        "routes": [
          {
            "color": "#DA291C",
            "long_name": "Estació del Nord / Cardenal Reig",
            "route_type": 3,
            "short_name": "54",
            "text_color": "#FFFFFF"
          },
          {
            "color": "#DA291C",
            "long_name": "Fòrum / Zona Universitària",
            "route_type": 3,
            "short_name": "7",
            "text_color": "#FFFFFF"
          },
          {
            "color": "#003888",
            "long_name": "Gornal / Besòs Verneda",
            "route_type": 3,
            "short_name": "H12",
            "text_color": "#FFFFFF"
          }
        ],
        "stop_id": "2.503.688160",
        "stop_name": "Metro Tetuan"
      }
    },
    {
      "type": "Feature",
      "geometry": {
        "type": "Point",
        "coordinates": [
          2.167922,
          41.397948
        ]
      },
      "properties": {
        "routes": [
          {
            "color": "#003888",
            "long_name": "Pl. Sants / Olímpic de Badalona",
            "route_type": 3,
            "short_name": "H10",
            "text_color": "#FFFFFF"
          }
        ],
        "stop_id": "2.504.696964",
        "stop_name": "Mallorca - Girona"
      }
    },
    {
      "type": "Feature",
      "geometry": {
        "type": "Point",
        "coordinates": [
          2.153526,
          41.408841
        ]
      },
      "properties": {
        "routes": [
          {
            "color": "#DA291C",
            "long_name": "Pl. Catalunya / El Carmel",
            "route_type": 3,
            "short_name": "24",
            "text_color": "#FFFFFF"
          },
          {
            "color": "#93107E",
            "long_name": "Pl. Espanya / Canyelles",
            "route_type": 3,
            "short_name": "D40",
            "text_color": "#FFFFFF"
          },
          {
            "color": "#003888",
            "long_name": "Zona Universitària / Onze de Setembre",
            "route_type": 3,
            "short_name": "H6",
            "text_color": "#FFFFFF"
          }
        ],
        "stop_id": "2.505.693450",
        "stop_name": "Trav de Dalt - La Granja"
      }
    },
    {
      "type": "Feature",
      "geometry": {
        "type": "Point",
        "coordinates": [
          2.182623,
          41.42356
        ]
      },
      "properties": {
        "routes": [
          {
            "color": "#DA291C",
            "long_name": "Pl. Congrés / Can Baró",
            "route_type": 3,
            "short_name": "191",
            "text_color": "#FFFFFF"
          },
          {
            "color": "#6AB023",
            "long_name": "Pg. Marítim / Canyelles",
            "route_type": 3,
            "short_name": "V27",
            "text_color": "#FFFFFF"
          }
        ],
        "stop_id": "2.508.678025",
        "stop_name": "Pl dels Indians"
      }
    },
    {
      "type": "Feature",
      "geometry": {
        "type": "Point",
        "coordinates": [
          2.182839,
          41.4236
        ]
      },
      "properties": {
        "routes": [
          {
            "color": "#DA291C",
            "long_name": "Pl. Congrés / Can Baró",
            "route_type": 3,
            "short_name": "191",
            "text_color": "#FFFFFF"
          },
          {
            "color": "#6AB023",
            "long_name": "Pg. Marítim / Canyelles",
            "route_type": 3,
            "short_name": "V27",
            "text_color": "#FFFFFF"
          }
        ],
        "stop_id": "2.509.690714",
        "stop_name": "Pl dels Indians"
      }
    },
    {
      "type": "Feature",
      "geometry": {
        "type": "Point",
        "coordinates": [
          2.132754,
          41.392242
        ]
      },
      "properties": {
        "routes": [
          {
            "color": "#DA291C",
            "long_name": "Pg. Manuel Girona / Pl. Virrei Amat",
            "route_type": 3,
            "short_name": "34",
            "text_color": "#FFFFFF"
          },
          {
            "color": "#DA291C",
            "long_name": "Pg. Manuel Girona / Poblenou",
            "route_type": 3,
            "short_name": "6",
            "text_color": "#FFFFFF"
          }
        ],
        "stop_id": "2.512.676783",
        "stop_name": "Av de Sarrià - Mestre Villa"
      }
    },
    {
      "type": "Feature",
      "geometry": {
        "type": "Point",
        "coordinates": [
          2.129244,
          41.391686
        ]
      },
      "properties": {
        "routes": [
          {
            "color": "#DA291C",
            "long_name": "Rambla de Badal / Bonanova",
            "route_type": 3,
            "short_name": "70",
            "text_color": "#FFFFFF"
          },
          {
            "color": "#003888",
            "long_name": "Zona Universitària / Onze de Setembre",
            "route_type": 3,
            "short_name": "H6",
            "text_color": "#FFFFFF"
          },
          {
            "color": "#6AB023",
            "long_name": "Zona Franca / Can Caralleu",
            "route_type": 3,
            "short_name": "V3",
            "text_color": "#FFFFFF"
          }
        ],
        "stop_id": "2.516.674734",
        "stop_name": "Carles III - Numància"
      }
    },
    {
      "type": "Feature",
      "geometry": {
        "type": "Point",
        "coordinates": [
          2.1444,
          41.411882
        ]
      },
      "properties": {
        "routes": [
          {
            "color": "#DA291C",
            "long_name": "Estació de Sants / Roquetes",
            "route_type": 3,
            "short_name": "27",
            "text_color": "#FFFFFF"
          }
        ],
        "stop_id": "2.533.675346",
        "stop_name": "Av de Vallcarca - Gomis"
      }
    },
    {
      "type": "Feature",
      "geometry": {
        "type": "Point",
        "coordinates": [
          2.111443,
          41.384729
        ]
      },
      "properties": {
        "routes": [
          {
            "color": "#DA291C",
            "long_name": "Fòrum / Zona Universitària",
            "route_type": 3,
            "short_name": "7",
            "text_color": "#FFFFFF"
          }
        ],
        "stop_id": "2.547.688937",
        "stop_name": "Metro Zona Universitària - Final de trajecte"
      }
    },
    {
      "type": "Feature",
      "geometry": {
        "type": "Point",
        "coordinates": [
          2.111024,
          41.384695
        ]
      },
      "properties": {
        "routes": [
          {
            "color": "#DA291C",
            "long_name": "La Mercè",
            "route_type": 3,
            "short_name": "113",
            "text_color": "#FFFFFF"
          },
          {
            "color": "#DA291C",
            "long_name": "Les Corts",
            "route_type": 3,
            "short_name": "175",
            "text_color": "#FFFFFF"
          },
          {
            "color": "#DA291C",
            "long_name": "Zona Universitària / Verneda",
            "route_type": 3,
            "short_name": "33",
            "text_color": "#FFFFFF"
          },
          {
            "color": "#6AB023",
            "long_name": "Districte Gran Via l'Hospitalet / Av. Esplugues",
            "route_type": 3,
            "short_name": "V1",
            "text_color": "#FFFFFF"
          }
        ],
        "stop_id": "2.548.686737",
        "stop_name": "Zona Universitària - Facultat d'Economia i Empresa"
      }
    },
    {
      "type": "Feature",
      "geometry": {
        "type": "Point",
        "coordinates": [
          2.111625,
          41.392138
        ]
      },
      "properties": {
        "routes": [
          {
            "color": "#DA291C",
            "long_name": "Pl.Catalunya / Sant Joan Despí",
            "route_type": 3,
            "short_name": "63",
            "text_color": "#FFFFFF"
          },
          {
            "color": "#DA291C",
            "long_name": "Hospital Clínic / Cornellà",
            "route_type": 3,
            "short_name": "68",
            "text_color": "#FFFFFF"
          },
          {
            "color": "#DA291C",
            "long_name": "Estació de Sants / Sant Joan Despí",
            "route_type": 3,
            "short_name": "78",
            "text_color": "#FFFFFF"
          },
          {
            "color": "#003888",
            "long_name": "Zona Universitària / Bon Pastor",
            "route_type": 3,
            "short_name": "H4",
            "text_color": "#FFFFFF"
          }
        ],
        "stop_id": "2.549.692526",
        "stop_name": "Av d'Esplugues - Av Pearson"
      }
    },
    {
      "type": "Feature",
      "geometry": {
        "type": "Point",
        "coordinates": [
          2.109029,
          41.38994
        ]
      },
      "properties": {
        "routes": [
          {
            "color": "#DA291C",
            "long_name": "Pl.Catalunya / Sant Joan Despí",
            "route_type": 3,
            "short_name": "63",
            "text_color": "#FFFFFF"
          },
          {
            "color": "#DA291C",
            "long_name": "Hospital Clínic / Cornellà",
            "route_type": 3,
            "short_name": "68",
            "text_color": "#FFFFFF"
          },
          {
            "color": "#DA291C",
            "long_name": "Estació de Sants / Sant Joan Despí",
            "route_type": 3,
            "short_name": "78",
            "text_color": "#FFFFFF"
          },
          {
            "color": "#003888",
            "long_name": "Zona Universitària / Bon Pastor",
            "route_type": 3,
            "short_name": "H4",
            "text_color": "#FFFFFF"
          }
        ],
        "stop_id": "2.550.675399",
        "stop_name": "Av d'Esplugues - Dr Joaquim Albarrán"
      }
    },
    {
      "type": "Feature",
      "geometry": {
        "type": "Point",
        "coordinates": [
          2.106576,
          41.387881
        ]
      },
      "properties": {
        "routes": [
          {
            "color": "#DA291C",
            "long_name": "La Mercè",
            "route_type": 3,
            "short_name": "113",
            "text_color": "#FFFFFF"
          },
          {
            "color": "#DA291C",
            "long_name": "Pl.Catalunya / Sant Joan Despí",
            "route_type": 3,
            "short_name": "63",
            "text_color": "#FFFFFF"
          },
          {
            "color": "#DA291C",
            "long_name": "Hospital Clínic / Cornellà",
            "route_type": 3,
            "short_name": "68",
            "text_color": "#FFFFFF"
          },
          {
            "color": "#DA291C",
            "long_name": "Estació de Sants / Sant Joan Despí",
            "route_type": 3,
            "short_name": "78",
            "text_color": "#FFFFFF"
          },
          {
            "color": "#003888",
            "long_name": "Av. Esplugues / Trinitat Nova",
            "route_type": 3,
            "short_name": "H2",
            "text_color": "#FFFFFF"
          },
          {
            "color": "#003888",
            "long_name": "Zona Universitària / Bon Pastor",
            "route_type": 3,
            "short_name": "H4",
            "text_color": "#FFFFFF"
          }
        ],
        "stop_id": "2.552.692826",
        "stop_name": "Av d'Esplugues - Eduard Toldrà"
      }
    },
    {
      "type": "Feature",
      "geometry": {
        "type": "Point",
        "coordinates": [
          2.108666,
          41.387035
        ]
      },
      "properties": {
        "routes": [
          {
            "color": "#DA291C",
            "long_name": "Les Corts",
            "route_type": 3,
            "short_name": "175",
            "text_color": "#FFFFFF"
          },
          {
            "color": "#003888",
            "long_name": "Zona Universitària / Bon Pastor",
            "route_type": 3,
            "short_name": "H4",
            "text_color": "#FFFFFF"
          }
        ],
        "stop_id": "2.554.684732",
        "stop_name": "Sor Eulàlia d'Anzizu - González Tablas"
      }
    },
    {
      "type": "Feature",
      "geometry": {
        "type": "Point",
        "coordinates": [
          2.110914,
          41.384595
        ]
      },
      "properties": {
        "routes": [
          {
            "color": "#003888",
            "long_name": "Zona Universitària / Onze de Setembre",
            "route_type": 3,
            "short_name": "H6",
            "text_color": "#FFFFFF"
          }
        ],
        "stop_id": "2.556.688934",
        "stop_name": "Zona Universitària - Final de trajecte"
      }
    },
    {
      "type": "Feature",
      "geometry": {
        "type": "Point",
        "coordinates": [
          2.149836,
          41.406118
        ]
      },
      "properties": {
        "routes": [
          {
            "color": "#DA291C",
            "long_name": "Pl. Catalunya / El Carmel",
            "route_type": 3,
            "short_name": "22",
            "text_color": "#FFFFFF"
          },
          {
            "color": "#DA291C",
            "long_name": "Estació de Sants / Roquetes",
            "route_type": 3,
            "short_name": "27",
            "text_color": "#FFFFFF"
          },
          {
            "color": "#6AB023",
            "long_name": "Port Vell / Vall d'Hebron",
            "route_type": 3,
            "short_name": "V17",
            "text_color": "#FFFFFF"
          }
        ],
        "stop_id": "2.557.694237",
        "stop_name": "Pl Lesseps - Av Riera de Cassoles"
      }
    },
    {
      "type": "Feature",
      "geometry": {
        "type": "Point",
        "coordinates": [
          2.159201,
          41.38329
        ]
      },
      "properties": {
        "routes": [
          {
            "color": "#DA291C",
            "long_name": "Esq. de l'Eixample",
            "route_type": 3,
            "short_name": "141",
            "text_color": "#FFFFFF"
          },
          {
            "color": "#DA291C",
            "long_name": "Poblenou / Pl. Reina Maria Cristina",
            "route_type": 3,
            "short_name": "59",
            "text_color": "#FFFFFF"
          },
          {
            "color": "#6AB023",
            "long_name": "Estació Marítima (WTC) / Bonanova",
            "route_type": 3,
            "short_name": "V11",
            "text_color": "#FFFFFF"
          }
        ],
        "stop_id": "2.560.674615",
        "stop_name": "Villarroel - Gran Via"
      }
    },
    {
      "type": "Feature",
      "geometry": {
        "type": "Point",
        "coordinates": [
          2.169251,
          41.388912
        ]
      },
      "properties": {
        "routes": [
          {
            "color": "#DA291C",
            "long_name": "Pl. Catalunya / El Carmel",
            "route_type": 3,
            "short_name": "22",
            "text_color": "#FFFFFF"
          },
          {
            "color": "#6AB023",
            "long_name": "Barceloneta / Av. Tibidabo",
            "route_type": 3,
            "short_name": "V15",
            "text_color": "#FFFFFF"
          }
        ],
        "stop_id": "2.561.676020",
        "stop_name": "Pg de Gràcia - Casp"
      }
    },
    {
      "type": "Feature",
      "geometry": {
        "type": "Point",
        "coordinates": [
          2.164736,
          41.387613
        ]
      },
      "properties": {
        "routes": [
          {
            "color": "#DA291C",
            "long_name": "Pl.Catalunya / Sant Joan Despí",
            "route_type": 3,
            "short_name": "63",
            "text_color": "#FFFFFF"
          },
          {
            "color": "#6AB023",
            "long_name": "Barceloneta / Av. Tibidabo",
            "route_type": 3,
            "short_name": "V15",
            "text_color": "#FFFFFF"
          }
        ],
        "stop_id": "2.562.690784",
        "stop_name": "Balmes - Gran Via"
      }
    },
    {
      "type": "Feature",
      "geometry": {
        "type": "Point",
        "coordinates": [
          2.159951,
          41.38614
        ]
      },
      "properties": {
        "routes": [
          {
            "color": "#DA291C",
            "long_name": "Estació del Nord / Cardenal Reig",
            "route_type": 3,
            "short_name": "54",
            "text_color": "#FFFFFF"
          },
          {
            "color": "#6AB023",
            "long_name": "Pl. Catalunya / Av. Tibidabo",
            "route_type": 3,
            "short_name": "V13",
            "text_color": "#FFFFFF"
          }
        ],
        "stop_id": "2.564.692568",
        "stop_name": "Muntaner - Diputació"
      }
    },
    {
      "type": "Feature",
      "geometry": {
        "type": "Point",
        "coordinates": [
          2.142975,
          41.371723
        ]
      },
      "properties": {
        "routes": [
          {
            "color": "#DA291C",
            "long_name": "Manso / La Bordeta",
            "route_type": 3,
            "short_name": "91",
            "text_color": "#FFFFFF"
          }
        ],
        "stop_id": "2.571.681291",
        "stop_name": "Sant Pere d'Abanto - Moianès"
      }
    },
    {
      "type": "Feature",
      "geometry": {
        "type": "Point",
        "coordinates": [
          2.16752,
          41.389919
        ]
      },
      "properties": {
        "routes": [
          {
            "color": "#DA291C",
            "long_name": "Pl. Catalunya / El Carmel",
            "route_type": 3,
            "short_name": "22",
            "text_color": "#FFFFFF"
          },
          {
            "color": "#DA291C",
            "long_name": "Pl. Catalunya / El Carmel",
            "route_type": 3,
            "short_name": "24",
            "text_color": "#FFFFFF"
          }
        ],
        "stop_id": "2.577.690788",
        "stop_name": "Metro Pg de Gràcia"
      }
    },
    {
      "type": "Feature",
      "geometry": {
        "type": "Point",
        "coordinates": [
          2.11121,
          41.349912
        ]
      },
      "properties": {
        "routes": [
          {
            "color": "#010101",
            "long_name": "Paral·lel - L'Hospitalet (Av. Carrilet)",
            "route_type": 3,
            "short_name": "X3",
            "text_color": "#FFFFFF"
          }
        ],
        "stop_id": "2.581.690941",
        "stop_name": "Parc de Bellvitge"
      }
    },
    {
      "type": "Feature",
      "geometry": {
        "type": "Point",
        "coordinates": [
          2.13681,
          41.375312
        ]
      },
      "properties": {
        "routes": [
          {
            "color": "#DA291C",
            "long_name": "Pl. Catalunya / Collblanc",
            "route_type": 3,
            "short_name": "52",
            "text_color": "#FFFFFF"
          },
          {
            "color": "#93107E",
            "long_name": "Pg. Marítim / Ernest Lluch",
            "route_type": 3,
            "short_name": "D20",
            "text_color": "#FFFFFF"
          },
          {
            "color": "#6AB023",
            "long_name": "Mare de Déu de Port / Pedralbes",
            "route_type": 3,
            "short_name": "V5",
            "text_color": "#FFFFFF"
          }
        ],
        "stop_id": "2.584.675844",
        "stop_name": "Metro Pl de Sants"
      }
    },
    {
      "type": "Feature",
      "geometry": {
        "type": "Point",
        "coordinates": [
          2.092859,
          41.37709
        ]
      },
      "properties": {
        "routes": [
          {
            "color": "#DA291C",
            "long_name": "Collblanc / Sant Joan Despí",
            "route_type": 3,
            "short_name": "157",
            "text_color": "#FFFFFF"
          }
        ],
        "stop_id": "2.590.691537",
        "stop_name": "Can Clota"
      }
    },
    {
      "type": "Feature",
      "geometry": {
        "type": "Point",
        "coordinates": [
          2.103973,
          41.384924
        ]
      },
      "properties": {
        "routes": [
          {
            "color": "#DA291C",
            "long_name": "Pl.Catalunya / Sant Joan Despí",
            "route_type": 3,
            "short_name": "63",
            "text_color": "#FFFFFF"
          }
        ],
        "stop_id": "2.591.675821",
        "stop_name": "Av d'Esplugues - Hospital Sant Joan de Déu"
      }
    },
    {
      "type": "Feature",
      "geometry": {
        "type": "Point",
        "coordinates": [
          2.086646,
          41.377485
        ]
      },
      "properties": {
        "routes": [
          {
            "color": "#DA291C",
            "long_name": "Collblanc / Sant Joan Despí",
            "route_type": 3,
            "short_name": "157",
            "text_color": "#FFFFFF"
          },
          {
            "color": "#DA291C",
            "long_name": "Pl.Catalunya / Sant Joan Despí",
            "route_type": 3,
            "short_name": "63",
            "text_color": "#FFFFFF"
          }
        ],
        "stop_id": "2.592.688544",
        "stop_name": "Laureà Miró - Josep Campreciós"
      }
    },
    {
      "type": "Feature",
      "geometry": {
        "type": "Point",
        "coordinates": [
          2.079924,
          41.35382
        ]
      },
      "properties": {
        "routes": [
          {
            "color": "#DA291C",
            "long_name": "Pl. Catalunya / Cornellà",
            "route_type": 3,
            "short_name": "67",
            "text_color": "#FFFFFF"
          },
          {
            "color": "#DA291C",
            "long_name": "Hospital Clínic / Cornellà",
            "route_type": 3,
            "short_name": "68",
            "text_color": "#FFFFFF"
          }
        ],
        "stop_id": "2.597.694855",
        "stop_name": "Ctra de L'Hospitalet - Av Fama"
      }
    },
    {
      "type": "Feature",
      "geometry": {
        "type": "Point",
        "coordinates": [
          2.084528,
          41.355783
        ]
      },
      "properties": {
        "routes": [
          {
            "color": "#DA291C",
            "long_name": "Circular Cornellà 1",
            "route_type": 3,
            "short_name": "95",
            "text_color": "#FFFFFF"
          }
        ],
        "stop_id": "2.598.675542",
        "stop_name": "Parc de Can Mercader"
      }
    },
    {
      "type": "Feature",
      "geometry": {
        "type": "Point",
        "coordinates": [
          2.163356,
          41.406435
        ]
      },
      "properties": {
        "routes": [
          {
            "color": "#6AB023",
            "long_name": "Barceloneta / Pl. Alfonso Comín",
            "route_type": 3,
            "short_name": "V19",
            "text_color": "#FFFFFF"
          }
        ],
        "stop_id": "2.604.699490",
        "stop_name": "Pi i Margall - Metro Joanic"
      }
    },
    {
      "type": "Feature",
      "geometry": {
        "type": "Point",
        "coordinates": [
          2.0736,
          41.35251
        ]
      },
      "properties": {
        "routes": [
          {
            "color": "#DA291C",
            "long_name": "Pl. Catalunya / Cornellà",
            "route_type": 3,
            "short_name": "67",
            "text_color": "#FFFFFF"
          },
          {
            "color": "#DA291C",
            "long_name": "Hospital Clínic / Cornellà",
            "route_type": 3,
            "short_name": "68",
            "text_color": "#FFFFFF"
          }
        ],
        "stop_id": "2.609.699420",
        "stop_name": "Rubió i Ors - Sant Isidre"
      }
    },
    {
      "type": "Feature",
      "geometry": {
        "type": "Point",
        "coordinates": [
          2.194212,
          41.414991
        ]
      },
      "properties": {
        "routes": [
          {
            "color": "#6AB023",
            "long_name": "Pg. Marítim / Canyelles",
            "route_type": 3,
            "short_name": "V27",
            "text_color": "#FFFFFF"
          }
        ],
        "stop_id": "2.621.675244",
        "stop_name": "Bac de Roda - Rambla de Guipúscoa"
      }
    },
    {
      "type": "Feature",
      "geometry": {
        "type": "Point",
        "coordinates": [
          2.144036,
          41.388473
        ]
      },
      "properties": {
        "routes": [
          {
            "color": "#DA291C",
            "long_name": "Estació del Nord / Cardenal Reig",
            "route_type": 3,
            "short_name": "54",
            "text_color": "#FFFFFF"
          }
        ],
        "stop_id": "2.627.675334",
        "stop_name": "Londres - Calàbria"
      }
    },
    {
      "type": "Feature",
      "geometry": {
        "type": "Point",
        "coordinates": [
          2.14319,
          41.385991
        ]
      },
      "properties": {
        "routes": [
          {
            "color": "#DA291C",
            "long_name": "Estació del Nord / Cardenal Reig",
            "route_type": 3,
            "short_name": "54",
            "text_color": "#FFFFFF"
          }
        ],
        "stop_id": "2.628.696835",
        "stop_name": "París - Josep Tarradellas"
      }
    },
    {
      "type": "Feature",
      "geometry": {
        "type": "Point",
        "coordinates": [
          2.139451,
          41.382759
        ]
      },
      "properties": {
        "routes": [
          {
            "color": "#DA291C",
            "long_name": "Estació de Sants / Sant Joan Despí",
            "route_type": 3,
            "short_name": "78",
            "text_color": "#FFFFFF"
          },
          {
            "color": "#93107E",
            "long_name": "Pg. Marítim / Ernest Lluch",
            "route_type": 3,
            "short_name": "D20",
            "text_color": "#FFFFFF"
          },
          {
            "color": "#6AB023",
            "long_name": "Pl. Espanya / Sarrià",
            "route_type": 3,
            "short_name": "V7",
            "text_color": "#FFFFFF"
          }
        ],
        "stop_id": "2.629.675090",
        "stop_name": "Numància - Berlín"
      }
    },
    {
      "type": "Feature",
      "geometry": {
        "type": "Point",
        "coordinates": [
          2.144807,
          41.390403
        ]
      },
      "properties": {
        "routes": [
          {
            "color": "#DA291C",
            "long_name": "Esq. de l'Eixample",
            "route_type": 3,
            "short_name": "141",
            "text_color": "#FFFFFF"
          },
          {
            "color": "#DA291C",
            "long_name": "Poblenou / Pl. Reina Maria Cristina",
            "route_type": 3,
            "short_name": "59",
            "text_color": "#FFFFFF"
          }
        ],
        "stop_id": "2.630.681507",
        "stop_name": "Av de Sarrià - Josep Tarradellas"
      }
    },
    {
      "type": "Feature",
      "geometry": {
        "type": "Point",
        "coordinates": [
          2.17157,
          41.408205
        ]
      },
      "properties": {
        "routes": [
          {
            "color": "#DA291C",
            "long_name": "Pl. Catalunya / Sant Genís",
            "route_type": 3,
            "short_name": "19",
            "text_color": "#FFFFFF"
          },
          {
            "color": "#6AB023",
            "long_name": "Pg. Marítim / Montbau",
            "route_type": 3,
            "short_name": "V21",
            "text_color": "#FFFFFF"
          }
        ],
        "stop_id": "2.634.674516",
        "stop_name": "Lepant - Sant Antoni Maria Claret"
      }
    },
    {
      "type": "Feature",
      "geometry": {
        "type": "Point",
        "coordinates": [
          2.175979,
          41.41157
        ]
      },
      "properties": {
        "routes": [
          {
            "color": "#DA291C",
            "long_name": "Guinardó",
            "route_type": 3,
            "short_name": "117",
            "text_color": "#FFFFFF"
          },
          {
            "color": "#93107E",
            "long_name": "Paral·lel / Ciutat Meridiana",
            "route_type": 3,
            "short_name": "D50",
            "text_color": "#FFFFFF"
          },
          {
            "color": "#6AB023",
            "long_name": "Nova Icària / Can Marcet",
            "route_type": 3,
            "short_name": "V23",
            "text_color": "#FFFFFF"
          }
        ],
        "stop_id": "2.635.674422",
        "stop_name": "Dos de Maig - Sant Antoni Maria Claret"
      }
    },
    {
      "type": "Feature",
      "geometry": {
        "type": "Point",
        "coordinates": [
          2.078232,
          41.36002
        ]
      },
      "properties": {
        "routes": [
          {
            "color": "#DA291C",
            "long_name": "Pl. Catalunya / Cornellà",
            "route_type": 3,
            "short_name": "67",
            "text_color": "#FFFFFF"
          },
          {
            "color": "#DA291C",
            "long_name": "Circular Cornellà 1",
            "route_type": 3,
            "short_name": "95",
            "text_color": "#FFFFFF"
          }
        ],
        "stop_id": "2.642.691693",
        "stop_name": "La Miranda - Pl Catalunya"
      }
    },
    {
      "type": "Feature",
      "geometry": {
        "type": "Point",
        "coordinates": [
          2.079059,
          41.367586
        ]
      },
      "properties": {
        "routes": [
          {
            "color": "#DA291C",
            "long_name": "Hospital Clínic / Cornellà",
            "route_type": 3,
            "short_name": "68",
            "text_color": "#FFFFFF"
          },
          {
            "color": "#DA291C",
            "long_name": "Circular Cornellà 2",
            "route_type": 3,
            "short_name": "94",
            "text_color": "#FFFFFF"
          }
        ],
        "stop_id": "2.643.691589",
        "stop_name": "Ctra d'Esplugues - Les Garrigues"
      }
    },
    {
      "type": "Feature",
      "geometry": {
        "type": "Point",
        "coordinates": [
          2.082928,
          41.371856
        ]
      },
      "properties": {
        "routes": [
          {
            "color": "#DA291C",
            "long_name": "Pl. Catalunya / Cornellà",
            "route_type": 3,
            "short_name": "67",
            "text_color": "#FFFFFF"
          },
          {
            "color": "#DA291C",
            "long_name": "Hospital Clínic / Cornellà",
            "route_type": 3,
            "short_name": "68",
            "text_color": "#FFFFFF"
          },
          {
            "color": "#DA291C",
            "long_name": "Estació de Sants / Sant Joan Despí",
            "route_type": 3,
            "short_name": "78",
            "text_color": "#FFFFFF"
          }
        ],
        "stop_id": "2.644.691685",
        "stop_name": "Av de Cornellà - Milà i Pi"
      }
    },
    {
      "type": "Feature",
      "geometry": {
        "type": "Point",
        "coordinates": [
          2.080805,
          41.369715
        ]
      },
      "properties": {
        "routes": [
          {
            "color": "#DA291C",
            "long_name": "Pl. Catalunya / Cornellà",
            "route_type": 3,
            "short_name": "67",
            "text_color": "#FFFFFF"
          },
          {
            "color": "#DA291C",
            "long_name": "Hospital Clínic / Cornellà",
            "route_type": 3,
            "short_name": "68",
            "text_color": "#FFFFFF"
          },
          {
            "color": "#DA291C",
            "long_name": "Estació de Sants / Sant Joan Despí",
            "route_type": 3,
            "short_name": "78",
            "text_color": "#FFFFFF"
          }
        ],
        "stop_id": "2.645.691701",
        "stop_name": "Av de Cornellà - Gall"
      }
    },
    {
      "type": "Feature",
      "geometry": {
        "type": "Point",
        "coordinates": [
          2.111914,
          41.349755
        ]
      },
      "properties": {
        "routes": [
          {
            "color": "#010101",
            "long_name": "Paral·lel - L'Hospitalet (Av. Carrilet)",
            "route_type": 3,
            "short_name": "X3",
            "text_color": "#FFFFFF"
          }
        ],
        "stop_id": "2.647.675738",
        "stop_name": "Rambla Marina - Av Granvia"
      }
    },
    {
      "type": "Feature",
      "geometry": {
        "type": "Point",
        "coordinates": [
          2.159774,
          41.36777
        ]
      },
      "properties": {
        "routes": [
          {
            "color": "#DA291C",
            "long_name": "Pl. Espanya / Castell de Montjuïc",
            "route_type": 3,
            "short_name": "150",
            "text_color": "#FFFFFF"
          },
          {
            "color": "#DA291C",
            "long_name": "Pl. Urquinaona / Parc de Montjuïc",
            "route_type": 3,
            "short_name": "55",
            "text_color": "#FFFFFF"
          }
        ],
        "stop_id": "2.654.675192",
        "stop_name": "Av Miramar - Fundació Joan Miró"
      }
    },
    {
      "type": "Feature",
      "geometry": {
        "type": "Point",
        "coordinates": [
          2.162943,
          41.368876
        ]
      },
      "properties": {
        "routes": [
          {
            "color": "#DA291C",
            "long_name": "Pl. Espanya / Castell de Montjuïc",
            "route_type": 3,
            "short_name": "150",
            "text_color": "#FFFFFF"
          },
          {
            "color": "#DA291C",
            "long_name": "Pl. Urquinaona / Parc de Montjuïc",
            "route_type": 3,
            "short_name": "55",
            "text_color": "#FFFFFF"
          }
        ],
        "stop_id": "2.655.683046",
        "stop_name": "Av Miramar - Estació del Funicular"
      }
    },
    {
      "type": "Feature",
      "geometry": {
        "type": "Point",
        "coordinates": [
          2.161944,
          41.368937
        ]
      },
      "properties": {
        "routes": [
          {
            "color": "#DA291C",
            "long_name": "Pl. Espanya / Castell de Montjuïc",
            "route_type": 3,
            "short_name": "150",
            "text_color": "#FFFFFF"
          },
          {
            "color": "#DA291C",
            "long_name": "Pl. Urquinaona / Parc de Montjuïc",
            "route_type": 3,
            "short_name": "55",
            "text_color": "#FFFFFF"
          }
        ],
        "stop_id": "2.656.675193",
        "stop_name": "Av Miramar - Escoles del Bosc"
      }
    },
    {
      "type": "Feature",
      "geometry": {
        "type": "Point",
        "coordinates": [
          2.159631,
          41.367861
        ]
      },
      "properties": {
        "routes": [
          {
            "color": "#DA291C",
            "long_name": "Pl. Espanya / Castell de Montjuïc",
            "route_type": 3,
            "short_name": "150",
            "text_color": "#FFFFFF"
          },
          {
            "color": "#DA291C",
            "long_name": "Pl. Urquinaona / Parc de Montjuïc",
            "route_type": 3,
            "short_name": "55",
            "text_color": "#FFFFFF"
          },
          {
            "color": "#937500",
            "long_name": "Llançadora Funicular",
            "route_type": 3,
            "short_name": "983",
            "text_color": "#FFFFFF"
          }
        ],
        "stop_id": "2.657.675191",
        "stop_name": "Fundació Joan Miró - Pl Neptú"
      }
    },
    {
      "type": "Feature",
      "geometry": {
        "type": "Point",
        "coordinates": [
          2.071682,
          41.356136
        ]
      },
      "properties": {
        "routes": [
          {
            "color": "#DA291C",
            "long_name": "Pl. Catalunya / Cornellà",
            "route_type": 3,
            "short_name": "67",
            "text_color": "#FFFFFF"
          },
          {
            "color": "#DA291C",
            "long_name": "Hospital Clínic / Cornellà",
            "route_type": 3,
            "short_name": "68",
            "text_color": "#FFFFFF"
          },
          {
            "color": "#DA291C",
            "long_name": "Circular Cornellà 1",
            "route_type": 3,
            "short_name": "95",
            "text_color": "#FFFFFF"
          }
        ],
        "stop_id": "2.659.693332",
        "stop_name": "Ctra d'Esplugues - Can Maragall"
      }
    },
    {
      "type": "Feature",
      "geometry": {
        "type": "Point",
        "coordinates": [
          2.195587,
          41.388373
        ]
      },
      "properties": {
        "routes": [
          {
            "color": "#DA291C",
            "long_name": "Pg. Marítim / Verneda",
            "route_type": 3,
            "short_name": "136",
            "text_color": "#FFFFFF"
          },
          {
            "color": "#DA291C",
            "long_name": "Poblenou / Pl. Reina Maria Cristina",
            "route_type": 3,
            "short_name": "59",
            "text_color": "#FFFFFF"
          },
          {
            "color": "#6AB023",
            "long_name": "Pg. Marítim / Montbau",
            "route_type": 3,
            "short_name": "V21",
            "text_color": "#FFFFFF"
          },
          {
            "color": "#6AB023",
            "long_name": "Pg. Marítim / Canyelles",
            "route_type": 3,
            "short_name": "V27",
            "text_color": "#FFFFFF"
          }
        ],
        "stop_id": "2.662.674482",
        "stop_name": "Ciutadella - Vila Olímpica"
      }
    },
    {
      "type": "Feature",
      "geometry": {
        "type": "Point",
        "coordinates": [
          2.179706,
          41.383147
        ]
      },
      "properties": {
        "routes": [
          {
            "color": "#DA291C",
            "long_name": "Ciutat Vella",
            "route_type": 3,
            "short_name": "120",
            "text_color": "#FFFFFF"
          },
          {
            "color": "#DA291C",
            "long_name": "Pg. Marítim / Canyelles",
            "route_type": 3,
            "short_name": "47",
            "text_color": "#FFFFFF"
          },
          {
            "color": "#DA291C",
            "long_name": "Poblenou / Pl. Reina Maria Cristina",
            "route_type": 3,
            "short_name": "59",
            "text_color": "#FFFFFF"
          },
          {
            "color": "#6AB023",
            "long_name": "Barceloneta / Av. Tibidabo",
            "route_type": 3,
            "short_name": "V15",
            "text_color": "#FFFFFF"
          },
          {
            "color": "#6AB023",
            "long_name": "Port Vell / Vall d'Hebron",
            "route_type": 3,
            "short_name": "V17",
            "text_color": "#FFFFFF"
          }
        ],
        "stop_id": "2.667.699828",
        "stop_name": "Via Laietana - Salvador Aulet"
      }
    },
    {
      "type": "Feature",
      "geometry": {
        "type": "Point",
        "coordinates": [
          2.190915,
          41.395974
        ]
      },
      "properties": {
        "routes": [
          {
            "color": "#DA291C",
            "long_name": "Pg. Manuel Girona / Poblenou",
            "route_type": 3,
            "short_name": "6",
            "text_color": "#FFFFFF"
          },
          {
            "color": "#003888",
            "long_name": "Paral·lel / Sant Adrià",
            "route_type": 3,
            "short_name": "H14",
            "text_color": "#FFFFFF"
          }
        ],
        "stop_id": "2.697.693413",
        "stop_name": "Pallars - Zamora"
      }
    },
    {
      "type": "Feature",
      "geometry": {
        "type": "Point",
        "coordinates": [
          2.12624,
          41.393853
        ]
      },
      "properties": {
        "routes": [
          {
            "color": "#DA291C",
            "long_name": "Can Caralleu",
            "route_type": 3,
            "short_name": "130",
            "text_color": "#FFFFFF"
          },
          {
            "color": "#DA291C",
            "long_name": "Pg. Manuel Girona / Pl. Virrei Amat",
            "route_type": 3,
            "short_name": "34",
            "text_color": "#FFFFFF"
          },
          {
            "color": "#6AB023",
            "long_name": "Zona Franca / Can Caralleu",
            "route_type": 3,
            "short_name": "V3",
            "text_color": "#FFFFFF"
          }
        ],
        "stop_id": "2.699.679562",
        "stop_name": "Benet Mateu - Manuel de Falla"
      }
    },
    {
      "type": "Feature",
      "geometry": {
        "type": "Point",
        "coordinates": [
          2.125619,
          41.395547
        ]
      },
      "properties": {
        "routes": [
          {
            "color": "#DA291C",
            "long_name": "Can Caralleu",
            "route_type": 3,
            "short_name": "130",
            "text_color": "#FFFFFF"
          }
        ],
        "stop_id": "2.702.675321",
        "stop_name": "Pl Artós"
      }
    },
    {
      "type": "Feature",
      "geometry": {
        "type": "Point",
        "coordinates": [
          2.163775,
          41.383044
        ]
      },
      "properties": {
        "routes": [
          {
            "color": "#DA291C",
            "long_name": "Pl. Urquinaona / Parc de Montjuïc",
            "route_type": 3,
            "short_name": "55",
            "text_color": "#FFFFFF"
          },
          {
            "color": "#93107E",
            "long_name": "Paral·lel / Ciutat Meridiana",
            "route_type": 3,
            "short_name": "D50",
            "text_color": "#FFFFFF"
          },
          {
            "color": "#003888",
            "long_name": "Pg. Zona Franca / Fòrum Campus Besòs",
            "route_type": 3,
            "short_name": "H16",
            "text_color": "#FFFFFF"
          }
        ],
        "stop_id": "2.703.674839",
        "stop_name": "Ronda Sant Antoni - Pl Goya"
      }
    },
    {
      "type": "Feature",
      "geometry": {
        "type": "Point",
        "coordinates": [
          2.187082,
          41.417945
        ]
      },
      "properties": {
        "routes": [
          {
            "color": "#DA291C",
            "long_name": "\u003cM\u003e Clot / Ciutat Meridiana",
            "route_type": 3,
            "short_name": "62",
            "text_color": "#FFFFFF"
          },
          {
            "color": "#003888",
            "long_name": "Ernest Lluch / Bon Pastor",
            "route_type": 3,
            "short_name": "H8",
            "text_color": "#FFFFFF"
          }
        ],
        "stop_id": "2.705.698920",
        "stop_name": "Meridiana - Josep Estivill"
      }
    },
    {
      "type": "Feature",
      "geometry": {
        "type": "Point",
        "coordinates": [
          2.13188,
          41.375418
        ]
      },
      "properties": {
        "routes": [
          {
            "color": "#DA291C",
            "long_name": "Pl. Catalunya / Collblanc",
            "route_type": 3,
            "short_name": "52",
            "text_color": "#FFFFFF"
          },
          {
            "color": "#93107E",
            "long_name": "Pg. Marítim / Ernest Lluch",
            "route_type": 3,
            "short_name": "D20",
            "text_color": "#FFFFFF"
          }
        ],
        "stop_id": "2.707.675283",
        "stop_name": "Sants - Badal"
      }
    },
    {
      "type": "Feature",
      "geometry": {
        "type": "Point",
        "coordinates": [
          2.134317,
          41.375368
        ]
      },
      "properties": {
        "routes": [
          {
            "color": "#DA291C",
            "long_name": "Pl. Catalunya / Collblanc",
            "route_type": 3,
            "short_name": "52",
            "text_color": "#FFFFFF"
          },
          {
            "color": "#93107E",
            "long_name": "Pg. Marítim / Ernest Lluch",
            "route_type": 3,
            "short_name": "D20",
            "text_color": "#FFFFFF"
          }
        ],
        "stop_id": "2.708.675172",
        "stop_name": "Pl de Sants"
      }
    },
    {
      "type": "Feature",
      "geometry": {
        "type": "Point",
        "coordinates": [
          2.128836,
          41.382732
        ]
      },
      "properties": {
        "routes": [
          {
            "color": "#DA291C",
            "long_name": "Poblenou / Pl. Reina Maria Cristina",
            "route_type": 3,
            "short_name": "59",
            "text_color": "#FFFFFF"
          },
          {
            "color": "#003888",
            "long_name": "Ernest Lluch / Bon Pastor",
            "route_type": 3,
            "short_name": "H8",
            "text_color": "#FFFFFF"
          },
          {
            "color": "#6AB023",
            "long_name": "Mare de Déu de Port / Pedralbes",
            "route_type": 3,
            "short_name": "V5",
            "text_color": "#FFFFFF"
          }
        ],
        "stop_id": "2.709.689839",
        "stop_name": "Les Corts - Carles III"
      }
    },
    {
      "type": "Feature",
      "geometry": {
        "type": "Point",
        "coordinates": [
          2.11118,
          41.385674
        ]
      },
      "properties": {
        "routes": [
          {
            "color": "#003888",
            "long_name": "Zona Universitària / Bon Pastor",
            "route_type": 3,
            "short_name": "H4",
            "text_color": "#FFFFFF"
          }
        ],
        "stop_id": "2.712.674934",
        "stop_name": "Av de l'Exèrcit - Trias i Giró - Final de trajecte"
      }
    },
    {
      "type": "Feature",
      "geometry": {
        "type": "Point",
        "coordinates": [
          2.175363,
          41.373072
        ]
      },
      "properties": {
        "routes": [
          {
            "color": "#DA291C",
            "long_name": "Paral·lel / El Prat",
            "route_type": 3,
            "short_name": "21",
            "text_color": "#FFFFFF"
          }
        ],
        "stop_id": "2.719.674999",
        "stop_name": "Pg de Josep Carner - Jardins de Walter Benjamin"
      }
    },
    {
      "type": "Feature",
      "geometry": {
        "type": "Point",
        "coordinates": [
          2.174319,
          41.371453
        ]
      },
      "properties": {
        "routes": [
          {
            "color": "#DA291C",
            "long_name": "Paral·lel / El Prat",
            "route_type": 3,
            "short_name": "21",
            "text_color": "#FFFFFF"
          }
        ],
        "stop_id": "2.721.675027",
        "stop_name": "Pg de Josep Carner - Pg de Montjuïc"
      }
    },
    {
      "type": "Feature",
      "geometry": {
        "type": "Point",
        "coordinates": [
          2.170635,
          41.374794
        ]
      },
      "properties": {
        "routes": [
          {
            "color": "#DA291C",
            "long_name": "Paral·lel / El Prat",
            "route_type": 3,
            "short_name": "21",
            "text_color": "#FFFFFF"
          },
          {
            "color": "#93107E",
            "long_name": "Pg. Marítim / Ernest Lluch",
            "route_type": 3,
            "short_name": "D20",
            "text_color": "#FFFFFF"
          },
          {
            "color": "#003888",
            "long_name": "Paral·lel / Sant Adrià",
            "route_type": 3,
            "short_name": "H14",
            "text_color": "#FFFFFF"
          },
          {
            "color": "#6AB023",
            "long_name": "Estació Marítima (WTC) / Bonanova",
            "route_type": 3,
            "short_name": "V11",
            "text_color": "#FFFFFF"
          }
        ],
        "stop_id": "2.722.674960",
        "stop_name": "Paral·lel - Cabanes"
      }
    },
    {
      "type": "Feature",
      "geometry": {
        "type": "Point",
        "coordinates": [
          2.174799,
          41.374513
        ]
      },
      "properties": {
        "routes": [
          {
            "color": "#DA291C",
            "long_name": "Paral·lel / El Prat",
            "route_type": 3,
            "short_name": "21",
            "text_color": "#FFFFFF"
          },
          {
            "color": "#93107E",
            "long_name": "Pg. Marítim / Ernest Lluch",
            "route_type": 3,
            "short_name": "D20",
            "text_color": "#FFFFFF"
          },
          {
            "color": "#003888",
            "long_name": "Paral·lel / Sant Adrià",
            "route_type": 3,
            "short_name": "H14",
            "text_color": "#FFFFFF"
          },
          {
            "color": "#6AB023",
            "long_name": "Estació Marítima (WTC) / Bonanova",
            "route_type": 3,
            "short_name": "V11",
            "text_color": "#FFFFFF"
          }
        ],
        "stop_id": "2.723.674961",
        "stop_name": "Paral·lel - Drassanes"
      }
    },
    {
      "type": "Feature",
      "geometry": {
        "type": "Point",
        "coordinates": [
          2.186077,
          41.421117
        ]
      },
      "properties": {
        "routes": [
          {
            "color": "#DA291C",
            "long_name": "Sant Andreu",
            "route_type": 3,
            "short_name": "126",
            "text_color": "#FFFFFF"
          },
          {
            "color": "#6AB023",
            "long_name": "Pg. Marítim / Canyelles",
            "route_type": 3,
            "short_name": "V27",
            "text_color": "#FFFFFF"
          }
        ],
        "stop_id": "2.744.686496",
        "stop_name": "Felip II - Meridiana"
      }
    },
    {
      "type": "Feature",
      "geometry": {
        "type": "Point",
        "coordinates": [
          2.08399,
          41.372603
        ]
      },
      "properties": {
        "routes": [
          {
            "color": "#DA291C",
            "long_name": "Pl. Catalunya / Cornellà",
            "route_type": 3,
            "short_name": "67",
            "text_color": "#FFFFFF"
          },
          {
            "color": "#DA291C",
            "long_name": "Hospital Clínic / Cornellà",
            "route_type": 3,
            "short_name": "68",
            "text_color": "#FFFFFF"
          },
          {
            "color": "#DA291C",
            "long_name": "Estació de Sants / Sant Joan Despí",
            "route_type": 3,
            "short_name": "78",
            "text_color": "#FFFFFF"
          }
        ],
        "stop_id": "2.748.698009",
        "stop_name": "Av de Cornellà - Pl Sardana"
      }
    },
    {
      "type": "Feature",
      "geometry": {
        "type": "Point",
        "coordinates": [
          2.134608,
          41.366617
        ]
      },
      "properties": {
        "routes": [
          {
            "color": "#DA291C",
            "long_name": "Manso / La Bordeta",
            "route_type": 3,
            "short_name": "91",
            "text_color": "#FFFFFF"
          },
          {
            "color": "#6AB023",
            "long_name": "Zona Franca / Can Caralleu",
            "route_type": 3,
            "short_name": "V3",
            "text_color": "#FFFFFF"
          }
        ],
        "stop_id": "2.760.675170",
        "stop_name": "Badal - Av Carrilet"
      }
    },
    {
      "type": "Feature",
      "geometry": {
        "type": "Point",
        "coordinates": [
          2.106661,
          41.387484
        ]
      },
      "properties": {
        "routes": [
          {
            "color": "#DA291C",
            "long_name": "Les Corts",
            "route_type": 3,
            "short_name": "175",
            "text_color": "#FFFFFF"
          },
          {
            "color": "#DA291C",
            "long_name": "Pl.Catalunya / Sant Joan Despí",
            "route_type": 3,
            "short_name": "63",
            "text_color": "#FFFFFF"
          },
          {
            "color": "#DA291C",
            "long_name": "Hospital Clínic / Cornellà",
            "route_type": 3,
            "short_name": "68",
            "text_color": "#FFFFFF"
          },
          {
            "color": "#DA291C",
            "long_name": "Estació de Sants / Sant Joan Despí",
            "route_type": 3,
            "short_name": "78",
            "text_color": "#FFFFFF"
          },
          {
            "color": "#003888",
            "long_name": "Av. Esplugues / Trinitat Nova",
            "route_type": 3,
            "short_name": "H2",
            "text_color": "#FFFFFF"
          },
          {
            "color": "#003888",
            "long_name": "Zona Universitària / Bon Pastor",
            "route_type": 3,
            "short_name": "H4",
            "text_color": "#FFFFFF"
          }
        ],
        "stop_id": "2.761.675393",
        "stop_name": "Av d'Esplugues - González Tablas"
      }
    },
    {
      "type": "Feature",
      "geometry": {
        "type": "Point",
        "coordinates": [
          2.109146,
          41.389896
        ]
      },
      "properties": {
        "routes": [
          {
            "color": "#DA291C",
            "long_name": "Pl.Catalunya / Sant Joan Despí",
            "route_type": 3,
            "short_name": "63",
            "text_color": "#FFFFFF"
          },
          {
            "color": "#DA291C",
            "long_name": "Hospital Clínic / Cornellà",
            "route_type": 3,
            "short_name": "68",
            "text_color": "#FFFFFF"
          },
          {
            "color": "#DA291C",
            "long_name": "Estació de Sants / Sant Joan Despí",
            "route_type": 3,
            "short_name": "78",
            "text_color": "#FFFFFF"
          },
          {
            "color": "#003888",
            "long_name": "Zona Universitària / Bon Pastor",
            "route_type": 3,
            "short_name": "H4",
            "text_color": "#FFFFFF"
          }
        ],
        "stop_id": "2.762.675400",
        "stop_name": "Av d'Esplugues"
      }
    },
    {
      "type": "Feature",
      "geometry": {
        "type": "Point",
        "coordinates": [
          2.121618,
          41.388116
        ]
      },
      "properties": {
        "routes": [
          {
            "color": "#DA291C",
            "long_name": "Pl.Catalunya / Sant Joan Despí",
            "route_type": 3,
            "short_name": "63",
            "text_color": "#FFFFFF"
          },
          {
            "color": "#DA291C",
            "long_name": "Estació de Sants / Sant Joan Despí",
            "route_type": 3,
            "short_name": "78",
            "text_color": "#FFFFFF"
          },
          {
            "color": "#6AB023",
            "long_name": "Mare de Déu de Port / Pedralbes",
            "route_type": 3,
            "short_name": "V5",
            "text_color": "#FFFFFF"
          }
        ],
        "stop_id": "2.765.676590",
        "stop_name": "Pl Pius XII"
      }
    },
    {
      "type": "Feature",
      "geometry": {
        "type": "Point",
        "coordinates": [
          2.122615,
          41.387238
        ]
      },
      "properties": {
        "routes": [
          {
            "color": "#DA291C",
            "long_name": "Les Corts",
            "route_type": 3,
            "short_name": "175",
            "text_color": "#FFFFFF"
          },
          {
            "color": "#DA291C",
            "long_name": "Pl. Catalunya / Cornellà",
            "route_type": 3,
            "short_name": "67",
            "text_color": "#FFFFFF"
          }
        ],
        "stop_id": "2.766.674720",
        "stop_name": "Diagonal - Pl Pius XII"
      }
    },
    {
      "type": "Feature",
      "geometry": {
        "type": "Point",
        "coordinates": [
          2.164506,
          41.374866
        ]
      },
      "properties": {
        "routes": [
          {
            "color": "#DA291C",
            "long_name": "Paral·lel / El Prat",
            "route_type": 3,
            "short_name": "21",
            "text_color": "#FFFFFF"
          },
          {
            "color": "#93107E",
            "long_name": "Pg. Marítim / Ernest Lluch",
            "route_type": 3,
            "short_name": "D20",
            "text_color": "#FFFFFF"
          },
          {
            "color": "#93107E",
            "long_name": "Paral·lel / Ciutat Meridiana",
            "route_type": 3,
            "short_name": "D50",
            "text_color": "#FFFFFF"
          },
          {
            "color": "#003888",
            "long_name": "Paral·lel / Sant Adrià",
            "route_type": 3,
            "short_name": "H14",
            "text_color": "#FFFFFF"
          },
          {
            "color": "#6AB023",
            "long_name": "Estació Marítima (WTC) / Bonanova",
            "route_type": 3,
            "short_name": "V11",
            "text_color": "#FFFFFF"
          }
        ],
        "stop_id": "2.770.691011",
        "stop_name": "Paral·lel - Margarit"
      }
    },
    {
      "type": "Feature",
      "geometry": {
        "type": "Point",
        "coordinates": [
          2.096478,
          41.376621
        ]
      },
      "properties": {
        "routes": [
          {
            "color": "#DA291C",
            "long_name": "Collblanc / Sant Joan Despí",
            "route_type": 3,
            "short_name": "157",
            "text_color": "#FFFFFF"
          }
        ],
        "stop_id": "2.771.686065",
        "stop_name": "Ca n'Oliveres"
      }
    },
    {
      "type": "Feature",
      "geometry": {
        "type": "Point",
        "coordinates": [
          2.151919,
          41.377417
        ]
      },
      "properties": {
        "routes": [
          {
            "color": "#DA291C",
            "long_name": "Pl. Catalunya / Collblanc",
            "route_type": 3,
            "short_name": "52",
            "text_color": "#FFFFFF"
          },
          {
            "color": "#003888",
            "long_name": "Gornal / Besòs Verneda",
            "route_type": 3,
            "short_name": "H12",
            "text_color": "#FFFFFF"
          }
        ],
        "stop_id": "2.774.686789",
        "stop_name": "Gran Via - Vilamarí"
      }
    },
    {
      "type": "Feature",
      "geometry": {
        "type": "Point",
        "coordinates": [
          2.152409,
          41.375683
        ]
      },
      "properties": {
        "routes": [
          {
            "color": "#DA291C",
            "long_name": "Mercat Sant Antoni / Parc de Montjuïc",
            "route_type": 3,
            "short_name": "13",
            "text_color": "#FFFFFF"
          },
          {
            "color": "#DA291C",
            "long_name": "Manso / La Bordeta",
            "route_type": 3,
            "short_name": "91",
            "text_color": "#FFFFFF"
          }
        ],
        "stop_id": "2.776.685684",
        "stop_name": "Sepúlveda - Av Mistral"
      }
    },
    {
      "type": "Feature",
      "geometry": {
        "type": "Point",
        "coordinates": [
          2.143614,
          41.380472
        ]
      },
      "properties": {
        "routes": [
          {
            "color": "#DA291C",
            "long_name": "Hospital Clínic / Polígon Zona Franca",
            "route_type": 3,
            "short_name": "109",
            "text_color": "#FFFFFF"
          },
          {
            "color": "#DA291C",
            "long_name": "La Bordeta",
            "route_type": 3,
            "short_name": "115",
            "text_color": "#FFFFFF"
          },
          {
            "color": "#DA291C",
            "long_name": "Estació de Sants / Roquetes",
            "route_type": 3,
            "short_name": "27",
            "text_color": "#FFFFFF"
          },
          {
            "color": "#DA291C",
            "long_name": "Estació de Sants / Sant Joan Despí",
            "route_type": 3,
            "short_name": "78",
            "text_color": "#FFFFFF"
          },
          {
            "color": "#93107E",
            "long_name": "Pl. Espanya / Canyelles",
            "route_type": 3,
            "short_name": "D40",
            "text_color": "#FFFFFF"
          },
          {
            "color": "#003888",
            "long_name": "Pl. Sants / Olímpic de Badalona",
            "route_type": 3,
            "short_name": "H10",
            "text_color": "#FFFFFF"
          },
          {
            "color": "#6AB023",
            "long_name": "Pl. Espanya / Sarrià",
            "route_type": 3,
            "short_name": "V7",
            "text_color": "#FFFFFF"
          }
        ],
        "stop_id": "2.777.674705",
        "stop_name": "Av Roma - Tarragona"
      }
    },
    {
      "type": "Feature",
      "geometry": {
        "type": "Point",
        "coordinates": [
          2.116446,
          41.377434
        ]
      },
      "properties": {
        "routes": [
          {
            "color": "#93107E",
            "long_name": "Pg. Marítim / Ernest Lluch",
            "route_type": 3,
            "short_name": "D20",
            "text_color": "#FFFFFF"
          }
        ],
        "stop_id": "2.778.693751",
        "stop_name": "Av Sant Ramon Nonat - Cardenal Reig"
      }
    },
    {
      "type": "Feature",
      "geometry": {
        "type": "Point",
        "coordinates": [
          2.177001,
          41.389715
        ]
      },
      "properties": {
        "routes": [
          {
            "color": "#DA291C",
            "long_name": "Pl. Catalunya / Sant Genís",
            "route_type": 3,
            "short_name": "19",
            "text_color": "#FFFFFF"
          },
          {
            "color": "#003888",
            "long_name": "Pg. Zona Franca / Fòrum Campus Besòs",
            "route_type": 3,
            "short_name": "H16",
            "text_color": "#FFFFFF"
          }
        ],
        "stop_id": "2.780.690730",
        "stop_name": "Trafalgar - Bruc"
      }
    },
    {
      "type": "Feature",
      "geometry": {
        "type": "Point",
        "coordinates": [
          2.1704,
          41.408312
        ]
      },
      "properties": {
        "routes": [
          {
            "color": "#DA291C",
            "long_name": "Pg. Marítim / Canyelles",
            "route_type": 3,
            "short_name": "47",
            "text_color": "#FFFFFF"
          },
          {
            "color": "#003888",
            "long_name": "Ernest Lluch / Bon Pastor",
            "route_type": 3,
            "short_name": "H8",
            "text_color": "#FFFFFF"
          }
        ],
        "stop_id": "2.783.689829",
        "stop_name": "Sant Antoni Maria Claret - Lepant"
      }
    },
    {
      "type": "Feature",
      "geometry": {
        "type": "Point",
        "coordinates": [
          2.177417,
          41.403208
        ]
      },
      "properties": {
        "routes": [
          {
            "color": "#DA291C",
            "long_name": "Zona Universitària / Verneda",
            "route_type": 3,
            "short_name": "33",
            "text_color": "#FFFFFF"
          },
          {
            "color": "#DA291C",
            "long_name": "Pg. Manuel Girona / Pl. Virrei Amat",
            "route_type": 3,
            "short_name": "34",
            "text_color": "#FFFFFF"
          },
          {
            "color": "#93107E",
            "long_name": "Paral·lel / Ciutat Meridiana",
            "route_type": 3,
            "short_name": "D50",
            "text_color": "#FFFFFF"
          },
          {
            "color": "#003888",
            "long_name": "Pl. Sants / Olímpic de Badalona",
            "route_type": 3,
            "short_name": "H10",
            "text_color": "#FFFFFF"
          }
        ],
        "stop_id": "2.784.674381",
        "stop_name": "València - Lepant"
      }
    },
    {
      "type": "Feature",
      "geometry": {
        "type": "Point",
        "coordinates": [
          2.182695,
          41.400556
        ]
      },
      "properties": {
        "routes": [
          {
            "color": "#DA291C",
            "long_name": "Fòrum / Zona Universitària",
            "route_type": 3,
            "short_name": "7",
            "text_color": "#FFFFFF"
          },
          {
            "color": "#003888",
            "long_name": "Gornal / Besòs Verneda",
            "route_type": 3,
            "short_name": "H12",
            "text_color": "#FFFFFF"
          }
        ],
        "stop_id": "2.785.697803",
        "stop_name": "Gran Via - Padilla"
      }
    },
    {
      "type": "Feature",
      "geometry": {
        "type": "Point",
        "coordinates": [
          2.158591,
          41.370518
        ]
      },
      "properties": {
        "routes": [
          {
            "color": "#DA291C",
            "long_name": "Pl. Urquinaona / Parc de Montjuïc",
            "route_type": 3,
            "short_name": "55",
            "text_color": "#FFFFFF"
          }
        ],
        "stop_id": "2.789.675644",
        "stop_name": "Pg de l'Exposició - Santa Madrona"
      }
    },
    {
      "type": "Feature",
      "geometry": {
        "type": "Point",
        "coordinates": [
          2.190895,
          41.406154
        ]
      },
      "properties": {
        "routes": [
          {
            "color": "#003888",
            "long_name": "Gornal / Besòs Verneda",
            "route_type": 3,
            "short_name": "H12",
            "text_color": "#FFFFFF"
          }
        ],
        "stop_id": "2.795.698095",
        "stop_name": "Gran Via - Llacuna"
      }
    },
    {
      "type": "Feature",
      "geometry": {
        "type": "Point",
        "coordinates": [
          2.147597,
          41.392053
        ]
      },
      "properties": {
        "routes": [
          {
            "color": "#DA291C",
            "long_name": "Esq. de l'Eixample",
            "route_type": 3,
            "short_name": "141",
            "text_color": "#FFFFFF"
          },
          {
            "color": "#DA291C",
            "long_name": "Poblenou / Pl. Reina Maria Cristina",
            "route_type": 3,
            "short_name": "59",
            "text_color": "#FFFFFF"
          },
          {
            "color": "#DA291C",
            "long_name": "Pl.Catalunya / Sant Joan Despí",
            "route_type": 3,
            "short_name": "63",
            "text_color": "#FFFFFF"
          },
          {
            "color": "#DA291C",
            "long_name": "Pl. Catalunya / Cornellà",
            "route_type": 3,
            "short_name": "67",
            "text_color": "#FFFFFF"
          },
          {
            "color": "#DA291C",
            "long_name": "Hospital Clínic / Cornellà",
            "route_type": 3,
            "short_name": "68",
            "text_color": "#FFFFFF"
          },
          {
            "color": "#6AB023",
            "long_name": "Estació Marítima (WTC) / Bonanova",
            "route_type": 3,
            "short_name": "V11",
            "text_color": "#FFFFFF"
          }
        ],
        "stop_id": "2.814.674611",
        "stop_name": "Villarroel - Buenos Aires"
      }
    },
    {
      "type": "Feature",
      "geometry": {
        "type": "Point",
        "coordinates": [
          2.14031,
          41.391332
        ]
      },
      "properties": {
        "routes": [
          {
            "color": "#DA291C",
            "long_name": "Zona Universitària / Verneda",
            "route_type": 3,
            "short_name": "33",
            "text_color": "#FFFFFF"
          },
          {
            "color": "#DA291C",
            "long_name": "Pg. Manuel Girona / Pl. Virrei Amat",
            "route_type": 3,
            "short_name": "34",
            "text_color": "#FFFFFF"
          },
          {
            "color": "#DA291C",
            "long_name": "Pg. Manuel Girona / Poblenou",
            "route_type": 3,
            "short_name": "6",
            "text_color": "#FFFFFF"
          },
          {
            "color": "#DA291C",
            "long_name": "Pl.Catalunya / Sant Joan Despí",
            "route_type": 3,
            "short_name": "63",
            "text_color": "#FFFFFF"
          },
          {
            "color": "#DA291C",
            "long_name": "Pl. Catalunya / Cornellà",
            "route_type": 3,
            "short_name": "67",
            "text_color": "#FFFFFF"
          },
          {
            "color": "#DA291C",
            "long_name": "Fòrum / Zona Universitària",
            "route_type": 3,
            "short_name": "7",
            "text_color": "#FFFFFF"
          },
          {
            "color": "#6AB023",
            "long_name": "Poble-sec / Sarrià",
            "route_type": 3,
            "short_name": "V9",
            "text_color": "#FFFFFF"
          }
        ],
        "stop_id": "2.822.674438",
        "stop_name": "Diagonal - Av de Sarrià"
      }
    },
    {
      "type": "Feature",
      "geometry": {
        "type": "Point",
        "coordinates": [
          2.192044,
          41.412351
        ]
      },
      "properties": {
        "routes": [
          {
            "color": "#DA291C",
            "long_name": "Zona Universitària / Verneda",
            "route_type": 3,
            "short_name": "33",
            "text_color": "#FFFFFF"
          }
        ],
        "stop_id": "2.828.674938",
        "stop_name": "Guipúscoa - Bilbao"
      }
    },
    {
      "type": "Feature",
      "geometry": {
        "type": "Point",
        "coordinates": [
          2.114648,
          41.37576
        ]
      },
      "properties": {
        "routes": [
          {
            "color": "#DA291C",
            "long_name": "Collblanc / Sant Joan Despí",
            "route_type": 3,
            "short_name": "157",
            "text_color": "#FFFFFF"
          }
        ],
        "stop_id": "2.831.692431",
        "stop_name": "Collblanc - Rosich"
      }
    },
    {
      "type": "Feature",
      "geometry": {
        "type": "Point",
        "coordinates": [
          2.193287,
          41.39615
        ]
      },
      "properties": {
        "routes": [
          {
            "color": "#DA291C",
            "long_name": "Pg. Marítim / Verneda",
            "route_type": 3,
            "short_name": "136",
            "text_color": "#FFFFFF"
          },
          {
            "color": "#DA291C",
            "long_name": "Pg. Manuel Girona / Poblenou",
            "route_type": 3,
            "short_name": "6",
            "text_color": "#FFFFFF"
          }
        ],
        "stop_id": "2.835.675258",
        "stop_name": "Pujades - Àlaba"
      }
    },
    {
      "type": "Feature",
      "geometry": {
        "type": "Point",
        "coordinates": [
          2.165626,
          41.397189
        ]
      },
      "properties": {
        "routes": [
          {
            "color": "#DA291C",
            "long_name": "Pg. Marítim / Canyelles",
            "route_type": 3,
            "short_name": "47",
            "text_color": "#FFFFFF"
          }
        ],
        "stop_id": "2.839.674797",
        "stop_name": "Bruc - Provença"
      }
    },
    {
      "type": "Feature",
      "geometry": {
        "type": "Point",
        "coordinates": [
          2.165706,
          41.395576
        ]
      },
      "properties": {
        "routes": [
          {
            "color": "#DA291C",
            "long_name": "Pl. Urquinaona / Pl. Catalana",
            "route_type": 3,
            "short_name": "39",
            "text_color": "#FFFFFF"
          },
          {
            "color": "#DA291C",
            "long_name": "Pg. Marítim / Canyelles",
            "route_type": 3,
            "short_name": "47",
            "text_color": "#FFFFFF"
          },
          {
            "color": "#6AB023",
            "long_name": "Port Vell / Vall d'Hebron",
            "route_type": 3,
            "short_name": "V17",
            "text_color": "#FFFFFF"
          }
        ],
        "stop_id": "2.841.674791",
        "stop_name": "Llúria - Mallorca"
      }
    },
    {
      "type": "Feature",
      "geometry": {
        "type": "Point",
        "coordinates": [
          2.15771,
          41.389687
        ]
      },
      "properties": {
        "routes": [
          {
            "color": "#DA291C",
            "long_name": "Estació del Nord / Cardenal Reig",
            "route_type": 3,
            "short_name": "54",
            "text_color": "#FFFFFF"
          },
          {
            "color": "#DA291C",
            "long_name": "Pl. Catalunya / Cornellà",
            "route_type": 3,
            "short_name": "67",
            "text_color": "#FFFFFF"
          },
          {
            "color": "#6AB023",
            "long_name": "Pl. Catalunya / Av. Tibidabo",
            "route_type": 3,
            "short_name": "V13",
            "text_color": "#FFFFFF"
          }
        ],
        "stop_id": "2.842.675218",
        "stop_name": "Aribau - Mallorca"
      }
    },
    {
      "type": "Feature",
      "geometry": {
        "type": "Point",
        "coordinates": [
          2.115545,
          41.331174
        ]
      },
      "properties": {
        "routes": [
          {
            "color": "#DA291C",
            "long_name": "Hospital Clínic / Polígon Zona Franca",
            "route_type": 3,
            "short_name": "109",
            "text_color": "#FFFFFF"
          }
        ],
        "stop_id": "2.843.675921",
        "stop_name": "Mercabarna"
      }
    },
    {
      "type": "Feature",
      "geometry": {
        "type": "Point",
        "coordinates": [
          2.144371,
          41.413026
        ]
      },
      "properties": {
        "routes": [
          {
            "color": "#DA291C",
            "long_name": "Pl. Catalunya / El Carmel",
            "route_type": 3,
            "short_name": "22",
            "text_color": "#FFFFFF"
          },
          {
            "color": "#6AB023",
            "long_name": "Barceloneta / Pl. Alfonso Comín",
            "route_type": 3,
            "short_name": "V19",
            "text_color": "#FFFFFF"
          }
        ],
        "stop_id": "2.847.697511",
        "stop_name": "Vallcarca"
      }
    },
    {
      "type": "Feature",
      "geometry": {
        "type": "Point",
        "coordinates": [
          2.121455,
          41.377321
        ]
      },
      "properties": {
        "routes": [
          {
            "color": "#DA291C",
            "long_name": "Les Corts",
            "route_type": 3,
            "short_name": "175",
            "text_color": "#FFFFFF"
          }
        ],
        "stop_id": "2.854.674680",
        "stop_name": "Riera Blanca - Onze de Setembre"
      }
    },
    {
      "type": "Feature",
      "geometry": {
        "type": "Point",
        "coordinates": [
          2.13399,
          41.383907
        ]
      },
      "properties": {
        "routes": [
          {
            "color": "#DA291C",
            "long_name": "Estació del Nord / Cardenal Reig",
            "route_type": 3,
            "short_name": "54",
            "text_color": "#FFFFFF"
          }
        ],
        "stop_id": "2.855.683346",
        "stop_name": "Vallespir - Jardí de Magalí"
      }
    },
    {
      "type": "Feature",
      "geometry": {
        "type": "Point",
        "coordinates": [
          2.125104,
          41.376424
        ]
      },
      "properties": {
        "routes": [
          {
            "color": "#DA291C",
            "long_name": "Pl. Catalunya / Collblanc",
            "route_type": 3,
            "short_name": "52",
            "text_color": "#FFFFFF"
          },
          {
            "color": "#93107E",
            "long_name": "Pg. Marítim / Ernest Lluch",
            "route_type": 3,
            "short_name": "D20",
            "text_color": "#FFFFFF"
          }
        ],
        "stop_id": "2.856.675278",
        "stop_name": "Arizala - Av Madrid"
      }
    },
    {
      "type": "Feature",
      "geometry": {
        "type": "Point",
        "coordinates": [
          2.130095,
          41.377325
        ]
      },
      "properties": {
        "routes": [
          {
            "color": "#DA291C",
            "long_name": "Rambla de Badal / Bonanova",
            "route_type": 3,
            "short_name": "70",
            "text_color": "#FFFFFF"
          }
        ],
        "stop_id": "2.857.682843",
        "stop_name": "Rambla del Brasil - Miquel Àngel"
      }
    },
    {
      "type": "Feature",
      "geometry": {
        "type": "Point",
        "coordinates": [
          2.128729,
          41.379788
        ]
      },
      "properties": {
        "routes": [
          {
            "color": "#6AB023",
            "long_name": "Zona Franca / Can Caralleu",
            "route_type": 3,
            "short_name": "V3",
            "text_color": "#FFFFFF"
          }
        ],
        "stop_id": "2.858.689056",
        "stop_name": "Carles III - Av Madrid"
      }
    },
    {
      "type": "Feature",
      "geometry": {
        "type": "Point",
        "coordinates": [
          2.179668,
          41.415269
        ]
      },
      "properties": {
        "routes": [
          {
            "color": "#DA291C",
            "long_name": "Guinardó",
            "route_type": 3,
            "short_name": "117",
            "text_color": "#FFFFFF"
          },
          {
            "color": "#DA291C",
            "long_name": "Pl. Catalunya / Sant Genís",
            "route_type": 3,
            "short_name": "19",
            "text_color": "#FFFFFF"
          },
          {
            "color": "#DA291C",
            "long_name": "Pl. Congrés / Can Baró",
            "route_type": 3,
            "short_name": "191",
            "text_color": "#FFFFFF"
          },
          {
            "color": "#DA291C",
            "long_name": "Poblenou / Hospital de Sant Pau",
            "route_type": 3,
            "short_name": "192",
            "text_color": "#FFFFFF"
          },
          {
            "color": "#DA291C",
            "long_name": "Pg. Marítim / Canyelles",
            "route_type": 3,
            "short_name": "47",
            "text_color": "#FFFFFF"
          },
          {
            "color": "#93107E",
            "long_name": "Paral·lel / Ciutat Meridiana",
            "route_type": 3,
            "short_name": "D50",
            "text_color": "#FFFFFF"
          },
          {
            "color": "#003888",
            "long_name": "Ernest Lluch / Bon Pastor",
            "route_type": 3,
            "short_name": "H8",
            "text_color": "#FFFFFF"
          }
        ],
        "stop_id": "2.859.674420",
        "stop_name": "Sant Antoni Maria Claret - Rambla Volart"
      }
    },
    {
      "type": "Feature",
      "geometry": {
        "type": "Point",
        "coordinates": [
          2.125777,
          41.390835
        ]
      },
      "properties": {
        "routes": [
          {
            "color": "#DA291C",
            "long_name": "Rambla de Badal / Bonanova",
            "route_type": 3,
            "short_name": "70",
            "text_color": "#FFFFFF"
          }
        ],
        "stop_id": "2.866.674949",
        "stop_name": "Capità Arenas - Pg Manuel Girona"
      }
    },
    {
      "type": "Feature",
      "geometry": {
        "type": "Point",
        "coordinates": [
          2.13764,
          41.362303
        ]
      },
      "properties": {
        "routes": [
          {
            "color": "#DA291C",
            "long_name": "Hospital Clínic / Polígon Zona Franca",
            "route_type": 3,
            "short_name": "109",
            "text_color": "#FFFFFF"
          },
          {
            "color": "#DA291C",
            "long_name": "La Marina",
            "route_type": 3,
            "short_name": "125",
            "text_color": "#FFFFFF"
          },
          {
            "color": "#003888",
            "long_name": "Pg. Zona Franca / Fòrum Campus Besòs",
            "route_type": 3,
            "short_name": "H16",
            "text_color": "#FFFFFF"
          },
          {
            "color": "#6AB023",
            "long_name": "Zona Franca / Can Caralleu",
            "route_type": 3,
            "short_name": "V3",
            "text_color": "#FFFFFF"
          }
        ],
        "stop_id": "2.867.675016",
        "stop_name": "Pg Zona Franca - Mineria"
      }
    },
    {
      "type": "Feature",
      "geometry": {
        "type": "Point",
        "coordinates": [
          2.139984,
          41.368025
        ]
      },
      "properties": {
        "routes": [
          {
            "color": "#DA291C",
            "long_name": "Hospital Clínic / Polígon Zona Franca",
            "route_type": 3,
            "short_name": "109",
            "text_color": "#FFFFFF"
          },
          {
            "color": "#DA291C",
            "long_name": "Pl. Espanya / Aeroport BCN",
            "route_type": 3,
            "short_name": "46",
            "text_color": "#FFFFFF"
          },
          {
            "color": "#DA291C",
            "long_name": "Pl. Espanya / El Prat",
            "route_type": 3,
            "short_name": "65",
            "text_color": "#FFFFFF"
          },
          {
            "color": "#003888",
            "long_name": "Gornal / Besòs Verneda",
            "route_type": 3,
            "short_name": "H12",
            "text_color": "#FFFFFF"
          },
          {
            "color": "#003888",
            "long_name": "Pg. Zona Franca / Fòrum Campus Besòs",
            "route_type": 3,
            "short_name": "H16",
            "text_color": "#FFFFFF"
          },
          {
            "color": "#010101",
            "long_name": "Prat XPRES (Pl. Espanya - Av. Remolar)",
            "route_type": 3,
            "short_name": "X2",
            "text_color": "#FFFFFF"
          }
        ],
        "stop_id": "2.868.698696",
        "stop_name": "La Campana"
      }
    },
    {
      "type": "Feature",
      "geometry": {
        "type": "Point",
        "coordinates": [
          2.187359,
          41.412524
        ]
      },
      "properties": {
        "routes": [
          {
            "color": "#DA291C",
            "long_name": "Zona Universitària / Verneda",
            "route_type": 3,
            "short_name": "33",
            "text_color": "#FFFFFF"
          },
          {
            "color": "#DA291C",
            "long_name": "Pg. Manuel Girona / Pl. Virrei Amat",
            "route_type": 3,
            "short_name": "34",
            "text_color": "#FFFFFF"
          },
          {
            "color": "#003888",
            "long_name": "Pl. Sants / Olímpic de Badalona",
            "route_type": 3,
            "short_name": "H10",
            "text_color": "#FFFFFF"
          }
        ],
        "stop_id": "2.871.685974",
        "stop_name": "Mallorca - Meridiana"
      }
    },
    {
      "type": "Feature",
      "geometry": {
        "type": "Point",
        "coordinates": [
          2.183201,
          41.431675
        ]
      },
      "properties": {
        "routes": [
          {
            "color": "#DA291C",
            "long_name": "Pg. Fabra i Puig / Vallbona",
            "route_type": 3,
            "short_name": "97",
            "text_color": "#FFFFFF"
          }
        ],
        "stop_id": "2.872.699391",
        "stop_name": "Estació d'Autobusos Fabra i Puig - Final trajecte"
      }
    },
    {
      "type": "Feature",
      "geometry": {
        "type": "Point",
        "coordinates": [
          2.185483,
          41.430251
        ]
      },
      "properties": {
        "routes": [
          {
            "color": "#DA291C",
            "long_name": "Sant Andreu",
            "route_type": 3,
            "short_name": "126",
            "text_color": "#FFFFFF"
          },
          {
            "color": "#DA291C",
            "long_name": "Trinitat Vella / Fabra i Puig",
            "route_type": 3,
            "short_name": "133",
            "text_color": "#FFFFFF"
          },
          {
            "color": "#DA291C",
            "long_name": "Pg. Manuel Girona / Pl. Virrei Amat",
            "route_type": 3,
            "short_name": "34",
            "text_color": "#FFFFFF"
          },
          {
            "color": "#003888",
            "long_name": "Zona Universitària / Onze de Setembre",
            "route_type": 3,
            "short_name": "H6",
            "text_color": "#FFFFFF"
          }
        ],
        "stop_id": "2.874.679684",
        "stop_name": "Fabra i Puig - Llenguadoc"
      }
    },
    {
      "type": "Feature",
      "geometry": {
        "type": "Point",
        "coordinates": [
          2.189687,
          41.418413
        ]
      },
      "properties": {
        "routes": [
          {
            "color": "#DA291C",
            "long_name": "Sant Andreu",
            "route_type": 3,
            "short_name": "126",
            "text_color": "#FFFFFF"
          },
          {
            "color": "#6AB023",
            "long_name": "Pg. Marítim / Canyelles",
            "route_type": 3,
            "short_name": "V27",
            "text_color": "#FFFFFF"
          }
        ],
        "stop_id": "2.880.690716",
        "stop_name": "Felip II - Palència"
      }
    },
    {
      "type": "Feature",
      "geometry": {
        "type": "Point",
        "coordinates": [
          2.18651,
          41.406595
        ]
      },
      "properties": {
        "routes": [
          {
            "color": "#DA291C",
            "long_name": "\u003cM\u003e Clot / Ciutat Meridiana",
            "route_type": 3,
            "short_name": "62",
            "text_color": "#FFFFFF"
          }
        ],
        "stop_id": "2.882.675234",
        "stop_name": "Consell de Cent - Meridiana"
      }
    },
    {
      "type": "Feature",
      "geometry": {
        "type": "Point",
        "coordinates": [
          2.08324,
          41.350402
        ]
      },
      "properties": {
        "routes": [
          {
            "color": "#DA291C",
            "long_name": "Circular Cornellà 1",
            "route_type": 3,
            "short_name": "95",
            "text_color": "#FFFFFF"
          }
        ],
        "stop_id": "2.893.675546",
        "stop_name": "Av de la Fama - Tirso de Molina"
      }
    },
    {
      "type": "Feature",
      "geometry": {
        "type": "Point",
        "coordinates": [
          2.140017,
          41.368296
        ]
      },
      "properties": {
        "routes": [
          {
            "color": "#DA291C",
            "long_name": "Hospital Clínic / Polígon Zona Franca",
            "route_type": 3,
            "short_name": "109",
            "text_color": "#FFFFFF"
          },
          {
            "color": "#DA291C",
            "long_name": "Pl. Espanya / Aeroport BCN",
            "route_type": 3,
            "short_name": "46",
            "text_color": "#FFFFFF"
          },
          {
            "color": "#DA291C",
            "long_name": "Pl. Espanya / El Prat",
            "route_type": 3,
            "short_name": "65",
            "text_color": "#FFFFFF"
          },
          {
            "color": "#003888",
            "long_name": "Gornal / Besòs Verneda",
            "route_type": 3,
            "short_name": "H12",
            "text_color": "#FFFFFF"
          },
          {
            "color": "#003888",
            "long_name": "Pg. Zona Franca / Fòrum Campus Besòs",
            "route_type": 3,
            "short_name": "H16",
            "text_color": "#FFFFFF"
          },
          {
            "color": "#6AB023",
            "long_name": "Mare de Déu de Port / Pedralbes",
            "route_type": 3,
            "short_name": "V5",
            "text_color": "#FFFFFF"
          },
          {
            "color": "#010101",
            "long_name": "Prat XPRES (Pl. Espanya - Av. Remolar)",
            "route_type": 3,
            "short_name": "X2",
            "text_color": "#FFFFFF"
          }
        ],
        "stop_id": "2.895.690945",
        "stop_name": "La Campana"
      }
    },
    {
      "type": "Feature",
      "geometry": {
        "type": "Point",
        "coordinates": [
          2.066788,
          41.355523
        ]
      },
      "properties": {
        "routes": [
          {
            "color": "#DA291C",
            "long_name": "Pl. Catalunya / Cornellà",
            "route_type": 3,
            "short_name": "67",
            "text_color": "#FFFFFF"
          },
          {
            "color": "#DA291C",
            "long_name": "Hospital Clínic / Cornellà",
            "route_type": 3,
            "short_name": "68",
            "text_color": "#FFFFFF"
          }
        ],
        "stop_id": "2.902.693334",
        "stop_name": "Rubió i Ors - Pl Quatre Camins"
      }
    },
    {
      "type": "Feature",
      "geometry": {
        "type": "Point",
        "coordinates": [
          2.069307,
          41.353117
        ]
      },
      "properties": {
        "routes": [
          {
            "color": "#DA291C",
            "long_name": "Pl. Catalunya / Cornellà",
            "route_type": 3,
            "short_name": "67",
            "text_color": "#FFFFFF"
          },
          {
            "color": "#DA291C",
            "long_name": "Hospital Clínic / Cornellà",
            "route_type": 3,
            "short_name": "68",
            "text_color": "#FFFFFF"
          }
        ],
        "stop_id": "2.903.675539",
        "stop_name": "Rubió i Ors - Camí Vell de Sant Boi"
      }
    },
    {
      "type": "Feature",
      "geometry": {
        "type": "Point",
        "coordinates": [
          2.105778,
          41.37621
        ]
      },
      "properties": {
        "routes": [
          {
            "color": "#DA291C",
            "long_name": "Collblanc / Sant Joan Despí",
            "route_type": 3,
            "short_name": "157",
            "text_color": "#FFFFFF"
          }
        ],
        "stop_id": "2.905.688810",
        "stop_name": "Can Rigal"
      }
    },
    {
      "type": "Feature",
      "geometry": {
        "type": "Point",
        "coordinates": [
          2.10344,
          41.376147
        ]
      },
      "properties": {
        "routes": [
          {
            "color": "#DA291C",
            "long_name": "Collblanc / Sant Joan Despí",
            "route_type": 3,
            "short_name": "157",
            "text_color": "#FFFFFF"
          }
        ],
        "stop_id": "2.906.675572",
        "stop_name": "Ctra de Collblanc - Av Tomás Giménez"
      }
    },
    {
      "type": "Feature",
      "geometry": {
        "type": "Point",
        "coordinates": [
          2.142617,
          41.370232
        ]
      },
      "properties": {
        "routes": [
          {
            "color": "#DA291C",
            "long_name": "Hospital Clínic / Polígon Zona Franca",
            "route_type": 3,
            "short_name": "109",
            "text_color": "#FFFFFF"
          },
          {
            "color": "#DA291C",
            "long_name": "Pl. Espanya / Aeroport BCN",
            "route_type": 3,
            "short_name": "46",
            "text_color": "#FFFFFF"
          },
          {
            "color": "#DA291C",
            "long_name": "Pl. Espanya / El Prat",
            "route_type": 3,
            "short_name": "65",
            "text_color": "#FFFFFF"
          },
          {
            "color": "#003888",
            "long_name": "Gornal / Besòs Verneda",
            "route_type": 3,
            "short_name": "H12",
            "text_color": "#FFFFFF"
          },
          {
            "color": "#003888",
            "long_name": "Pg. Zona Franca / Fòrum Campus Besòs",
            "route_type": 3,
            "short_name": "H16",
            "text_color": "#FFFFFF"
          }
        ],
        "stop_id": "2.907.675713",
        "stop_name": "Gran Via - Moianès"
      }
    },
    {
      "type": "Feature",
      "geometry": {
        "type": "Point",
        "coordinates": [
          2.143916,
          41.373185
        ]
      },
      "properties": {
        "routes": [
          {
            "color": "#DA291C",
            "long_name": "Manso / La Bordeta",
            "route_type": 3,
            "short_name": "91",
            "text_color": "#FFFFFF"
          }
        ],
        "stop_id": "2.908.675180",
        "stop_name": "Ctra de la Bordeta - Àliga"
      }
    },
    {
      "type": "Feature",
      "geometry": {
        "type": "Point",
        "coordinates": [
          2.139994,
          41.371129
        ]
      },
      "properties": {
        "routes": [
          {
            "color": "#DA291C",
            "long_name": "Manso / La Bordeta",
            "route_type": 3,
            "short_name": "91",
            "text_color": "#FFFFFF"
          }
        ],
        "stop_id": "2.909.681678",
        "stop_name": "Gavà - Ptge Solsona"
      }
    },
    {
      "type": "Feature",
      "geometry": {
        "type": "Point",
        "coordinates": [
          2.154317,
          41.404937
        ]
      },
      "properties": {
        "routes": [
          {
            "color": "#DA291C",
            "long_name": "Pl. Urquinaona / Pl. Catalana",
            "route_type": 3,
            "short_name": "39",
            "text_color": "#FFFFFF"
          }
        ],
        "stop_id": "2.911.675117",
        "stop_name": "Biada - Torrent de l'Olla"
      }
    },
    {
      "type": "Feature",
      "geometry": {
        "type": "Point",
        "coordinates": [
          2.172721,
          41.408208
        ]
      },
      "properties": {
        "routes": [
          {
            "color": "#DA291C",
            "long_name": "Pg. Marítim / Canyelles",
            "route_type": 3,
            "short_name": "47",
            "text_color": "#FFFFFF"
          },
          {
            "color": "#003888",
            "long_name": "Ernest Lluch / Bon Pastor",
            "route_type": 3,
            "short_name": "H8",
            "text_color": "#FFFFFF"
          }
        ],
        "stop_id": "2.913.699742",
        "stop_name": "Indústria - Lepant"
      }
    },
    {
      "type": "Feature",
      "geometry": {
        "type": "Point",
        "coordinates": [
          2.180649,
          41.39861
        ]
      },
      "properties": {
        "routes": [
          {
            "color": "#DA291C",
            "long_name": "Pg. Manuel Girona / Poblenou",
            "route_type": 3,
            "short_name": "6",
            "text_color": "#FFFFFF"
          },
          {
            "color": "#DA291C",
            "long_name": "Fòrum / Zona Universitària",
            "route_type": 3,
            "short_name": "7",
            "text_color": "#FFFFFF"
          },
          {
            "color": "#003888",
            "long_name": "Gornal / Besòs Verneda",
            "route_type": 3,
            "short_name": "H12",
            "text_color": "#FFFFFF"
          }
        ],
        "stop_id": "2.914.679454",
        "stop_name": "Gran Via - Marina"
      }
    },
    {
      "type": "Feature",
      "geometry": {
        "type": "Point",
        "coordinates": [
          2.193668,
          41.388445
        ]
      },
      "properties": {
        "routes": [
          {
            "color": "#DA291C",
            "long_name": "Pg. Marítim / Verneda",
            "route_type": 3,
            "short_name": "136",
            "text_color": "#FFFFFF"
          },
          {
            "color": "#DA291C",
            "long_name": "Poblenou / Pl. Reina Maria Cristina",
            "route_type": 3,
            "short_name": "59",
            "text_color": "#FFFFFF"
          },
          {
            "color": "#6AB023",
            "long_name": "Pg. Marítim / Montbau",
            "route_type": 3,
            "short_name": "V21",
            "text_color": "#FFFFFF"
          },
          {
            "color": "#6AB023",
            "long_name": "Pg. Marítim / Canyelles",
            "route_type": 3,
            "short_name": "V27",
            "text_color": "#FFFFFF"
          }
        ],
        "stop_id": "2.915.689711",
        "stop_name": "Vila Olímpica"
      }
    },
    {
      "type": "Feature",
      "geometry": {
        "type": "Point",
        "coordinates": [
          2.110728,
          41.345826
        ]
      },
      "properties": {
        "routes": [
          {
            "color": "#DA291C",
            "long_name": "Pl. Espanya / Aeroport BCN",
            "route_type": 3,
            "short_name": "46",
            "text_color": "#FFFFFF"
          },
          {
            "color": "#DA291C",
            "long_name": "Pl. Espanya / El Prat",
            "route_type": 3,
            "short_name": "65",
            "text_color": "#FFFFFF"
          }
        ],
        "stop_id": "2.916.675735",
        "stop_name": "Hospital Oncològic"
      }
    },
    {
      "type": "Feature",
      "geometry": {
        "type": "Point",
        "coordinates": [
          2.106545,
          41.342627
        ]
      },
      "properties": {
        "routes": [
          {
            "color": "#DA291C",
            "long_name": "Pl. Espanya / Aeroport BCN",
            "route_type": 3,
            "short_name": "46",
            "text_color": "#FFFFFF"
          },
          {
            "color": "#DA291C",
            "long_name": "Pl. Espanya / El Prat",
            "route_type": 3,
            "short_name": "65",
            "text_color": "#FFFFFF"
          }
        ],
        "stop_id": "2.917.675732",
        "stop_name": "Av Granvia - Hospital de Bellvitge"
      }
    },
    {
      "type": "Feature",
      "geometry": {
        "type": "Point",
        "coordinates": [
          2.127255,
          41.381911
        ]
      },
      "properties": {
        "routes": [
          {
            "color": "#DA291C",
            "long_name": "Les Corts",
            "route_type": 3,
            "short_name": "175",
            "text_color": "#FFFFFF"
          },
          {
            "color": "#003888",
            "long_name": "Ernest Lluch / Bon Pastor",
            "route_type": 3,
            "short_name": "H8",
            "text_color": "#FFFFFF"
          }
        ],
        "stop_id": "2.923.674678",
        "stop_name": "Les Corts - Mejía Lequerica"
      }
    },
    {
      "type": "Feature",
      "geometry": {
        "type": "Point",
        "coordinates": [
          2.119227,
          41.380834
        ]
      },
      "properties": {
        "routes": [
          {
            "color": "#DA291C",
            "long_name": "La Mercè",
            "route_type": 3,
            "short_name": "113",
            "text_color": "#FFFFFF"
          }
        ],
        "stop_id": "2.925.675304",
        "stop_name": "Mini Estadi - Palau Blaugrana"
      }
    },
    {
      "type": "Feature",
      "geometry": {
        "type": "Point",
        "coordinates": [
          2.161685,
          41.384377
        ]
      },
      "properties": {
        "routes": [
          {
            "color": "#DA291C",
            "long_name": "Pl. Catalunya / Collblanc",
            "route_type": 3,
            "short_name": "52",
            "text_color": "#FFFFFF"
          },
          {
            "color": "#DA291C",
            "long_name": "Poblenou / Pl. Reina Maria Cristina",
            "route_type": 3,
            "short_name": "59",
            "text_color": "#FFFFFF"
          },
          {
            "color": "#003888",
            "long_name": "Gornal / Besòs Verneda",
            "route_type": 3,
            "short_name": "H12",
            "text_color": "#FFFFFF"
          }
        ],
        "stop_id": "2.927.684222",
        "stop_name": "Gran Via - Muntaner"
      }
    },
    {
      "type": "Feature",
      "geometry": {
        "type": "Point",
        "coordinates": [
          2.150403,
          41.394302
        ]
      },
      "properties": {
        "routes": [
          {
            "color": "#DA291C",
            "long_name": "Zona Universitària / Verneda",
            "route_type": 3,
            "short_name": "33",
            "text_color": "#FFFFFF"
          },
          {
            "color": "#DA291C",
            "long_name": "Pg. Manuel Girona / Pl. Virrei Amat",
            "route_type": 3,
            "short_name": "34",
            "text_color": "#FFFFFF"
          },
          {
            "color": "#DA291C",
            "long_name": "Pg. Manuel Girona / Poblenou",
            "route_type": 3,
            "short_name": "6",
            "text_color": "#FFFFFF"
          },
          {
            "color": "#DA291C",
            "long_name": "Fòrum / Zona Universitària",
            "route_type": 3,
            "short_name": "7",
            "text_color": "#FFFFFF"
          },
          {
            "color": "#003888",
            "long_name": "Ernest Lluch / Bon Pastor",
            "route_type": 3,
            "short_name": "H8",
            "text_color": "#FFFFFF"
          }
        ],
        "stop_id": "2.928.691351",
        "stop_name": "Diagonal - Muntaner"
      }
    },
    {
      "type": "Feature",
      "geometry": {
        "type": "Point",
        "coordinates": [
          2.15052,
          41.394171
        ]
      },
      "properties": {
        "routes": [
          {
            "color": "#DA291C",
            "long_name": "Zona Universitària / Verneda",
            "route_type": 3,
            "short_name": "33",
            "text_color": "#FFFFFF"
          },
          {
            "color": "#DA291C",
            "long_name": "Pg. Manuel Girona / Pl. Virrei Amat",
            "route_type": 3,
            "short_name": "34",
            "text_color": "#FFFFFF"
          },
          {
            "color": "#DA291C",
            "long_name": "Pg. Manuel Girona / Poblenou",
            "route_type": 3,
            "short_name": "6",
            "text_color": "#FFFFFF"
          },
          {
            "color": "#DA291C",
            "long_name": "Fòrum / Zona Universitària",
            "route_type": 3,
            "short_name": "7",
            "text_color": "#FFFFFF"
          },
          {
            "color": "#003888",
            "long_name": "Ernest Lluch / Bon Pastor",
            "route_type": 3,
            "short_name": "H8",
            "text_color": "#FFFFFF"
          }
        ],
        "stop_id": "2.929.691353",
        "stop_name": "Diagonal - Muntaner"
      }
    },
    {
      "type": "Feature",
      "geometry": {
        "type": "Point",
        "coordinates": [
          2.153473,
          41.392177
        ]
      },
      "properties": {
        "routes": [
          {
            "color": "#DA291C",
            "long_name": "Estació del Nord / Cardenal Reig",
            "route_type": 3,
            "short_name": "54",
            "text_color": "#FFFFFF"
          },
          {
            "color": "#DA291C",
            "long_name": "Pl. Catalunya / Cornellà",
            "route_type": 3,
            "short_name": "67",
            "text_color": "#FFFFFF"
          }
        ],
        "stop_id": "2.930.676819",
        "stop_name": "Còrsega - Aribau"
      }
    },
    {
      "type": "Feature",
      "geometry": {
        "type": "Point",
        "coordinates": [
          2.155509,
          41.390302
        ]
      },
      "properties": {
        "routes": [
          {
            "color": "#DA291C",
            "long_name": "Pl.Catalunya / Sant Joan Despí",
            "route_type": 3,
            "short_name": "63",
            "text_color": "#FFFFFF"
          }
        ],
        "stop_id": "2.938.683632",
        "stop_name": "Provença - Aribau"
      }
    },
    {
      "type": "Feature",
      "geometry": {
        "type": "Point",
        "coordinates": [
          2.131147,
          41.393021
        ]
      },
      "properties": {
        "routes": [
          {
            "color": "#DA291C",
            "long_name": "Rambla de Badal / Bonanova",
            "route_type": 3,
            "short_name": "70",
            "text_color": "#FFFFFF"
          },
          {
            "color": "#003888",
            "long_name": "Zona Universitària / Onze de Setembre",
            "route_type": 3,
            "short_name": "H6",
            "text_color": "#FFFFFF"
          }
        ],
        "stop_id": "2.940.688223",
        "stop_name": "Mitre - Av Sarrià"
      }
    },
    {
      "type": "Feature",
      "geometry": {
        "type": "Point",
        "coordinates": [
          2.141953,
          41.369504
        ]
      },
      "properties": {
        "routes": [
          {
            "color": "#DA291C",
            "long_name": "Hospital Clínic / Polígon Zona Franca",
            "route_type": 3,
            "short_name": "109",
            "text_color": "#FFFFFF"
          },
          {
            "color": "#DA291C",
            "long_name": "Pl. Espanya / Aeroport BCN",
            "route_type": 3,
            "short_name": "46",
            "text_color": "#FFFFFF"
          },
          {
            "color": "#DA291C",
            "long_name": "Pl. Espanya / El Prat",
            "route_type": 3,
            "short_name": "65",
            "text_color": "#FFFFFF"
          },
          {
            "color": "#003888",
            "long_name": "Gornal / Besòs Verneda",
            "route_type": 3,
            "short_name": "H12",
            "text_color": "#FFFFFF"
          },
          {
            "color": "#003888",
            "long_name": "Pg. Zona Franca / Fòrum Campus Besòs",
            "route_type": 3,
            "short_name": "H16",
            "text_color": "#FFFFFF"
          }
        ],
        "stop_id": "2.941.690924",
        "stop_name": "Gran Via - Mandoni"
      }
    },
    {
      "type": "Feature",
      "geometry": {
        "type": "Point",
        "coordinates": [
          2.14957,
          41.374124
        ]
      },
      "properties": {
        "routes": [
          {
            "color": "#DA291C",
            "long_name": "Mercat Sant Antoni / Parc de Montjuïc",
            "route_type": 3,
            "short_name": "13",
            "text_color": "#FFFFFF"
          }
        ],
        "stop_id": "2.943.674564",
        "stop_name": "Pl Espanya - Av Reina Maria Cristina"
      }
    },
    {
      "type": "Feature",
      "geometry": {
        "type": "Point",
        "coordinates": [
          2.147,
          41.369421
        ]
      },
      "properties": {
        "routes": [
          {
            "color": "#DA291C",
            "long_name": "Mercat Sant Antoni / Parc de Montjuïc",
            "route_type": 3,
            "short_name": "13",
            "text_color": "#FFFFFF"
          },
          {
            "color": "#DA291C",
            "long_name": "Pl. Espanya / Castell de Montjuïc",
            "route_type": 3,
            "short_name": "150",
            "text_color": "#FFFFFF"
          },
          {
            "color": "#DA291C",
            "long_name": "Pl. Espanya / Parc Logístic",
            "route_type": 3,
            "short_name": "23",
            "text_color": "#FFFFFF"
          }
        ],
        "stop_id": "2.945.674591",
        "stop_name": "Poble Espanyol"
      }
    },
    {
      "type": "Feature",
      "geometry": {
        "type": "Point",
        "coordinates": [
          2.191778,
          41.423688
        ]
      },
      "properties": {
        "routes": [
          {
            "color": "#DA291C",
            "long_name": "Sant Andreu",
            "route_type": 3,
            "short_name": "126",
            "text_color": "#FFFFFF"
          },
          {
            "color": "#DA291C",
            "long_name": "Pg. Manuel Girona / Pl. Virrei Amat",
            "route_type": 3,
            "short_name": "34",
            "text_color": "#FFFFFF"
          },
          {
            "color": "#003888",
            "long_name": "Ernest Lluch / Bon Pastor",
            "route_type": 3,
            "short_name": "H8",
            "text_color": "#FFFFFF"
          },
          {
            "color": "#6AB023",
            "long_name": "Diagonal Mar / Roquetes",
            "route_type": 3,
            "short_name": "V29",
            "text_color": "#FFFFFF"
          },
          {
            "color": "#6AB023",
            "long_name": "Fòrum / Trinitat Vella",
            "route_type": 3,
            "short_name": "V31",
            "text_color": "#FFFFFF"
          }
        ],
        "stop_id": "2.946.697139",
        "stop_name": "Berenguer de Palou - Pont del Treball Digne"
      }
    },
    {
      "type": "Feature",
      "geometry": {
        "type": "Point",
        "coordinates": [
          2.170285,
          41.406381
        ]
      },
      "properties": {
        "routes": [
          {
            "color": "#DA291C",
            "long_name": "Pg. Marítim / Canyelles",
            "route_type": 3,
            "short_name": "47",
            "text_color": "#FFFFFF"
          },
          {
            "color": "#003888",
            "long_name": "Ernest Lluch / Bon Pastor",
            "route_type": 3,
            "short_name": "H8",
            "text_color": "#FFFFFF"
          }
        ],
        "stop_id": "2.949.699882",
        "stop_name": "Indústria - Sardenya"
      }
    },
    {
      "type": "Feature",
      "geometry": {
        "type": "Point",
        "coordinates": [
          2.135869,
          41.386138
        ]
      },
      "properties": {
        "routes": [
          {
            "color": "#DA291C",
            "long_name": "Poblenou / Pl. Reina Maria Cristina",
            "route_type": 3,
            "short_name": "59",
            "text_color": "#FFFFFF"
          },
          {
            "color": "#DA291C",
            "long_name": "Estació de Sants / Sant Joan Despí",
            "route_type": 3,
            "short_name": "78",
            "text_color": "#FFFFFF"
          },
          {
            "color": "#003888",
            "long_name": "Ernest Lluch / Bon Pastor",
            "route_type": 3,
            "short_name": "H8",
            "text_color": "#FFFFFF"
          },
          {
            "color": "#6AB023",
            "long_name": "Pl. Espanya / Sarrià",
            "route_type": 3,
            "short_name": "V7",
            "text_color": "#FFFFFF"
          }
        ],
        "stop_id": "2.990.689527",
        "stop_name": "Numància - Parc Les Corts"
      }
    },
    {
      "type": "Feature",
      "geometry": {
        "type": "Point",
        "coordinates": [
          2.135795,
          41.387311
        ]
      },
      "properties": {
        "routes": [
          {
            "color": "#DA291C",
            "long_name": "Poblenou / Pl. Reina Maria Cristina",
            "route_type": 3,
            "short_name": "59",
            "text_color": "#FFFFFF"
          },
          {
            "color": "#003888",
            "long_name": "Ernest Lluch / Bon Pastor",
            "route_type": 3,
            "short_name": "H8",
            "text_color": "#FFFFFF"
          }
        ],
        "stop_id": "2.991.679468",
        "stop_name": "Les Corts - Numància"
      }
    },
    {
      "type": "Feature",
      "geometry": {
        "type": "Point",
        "coordinates": [
          2.14092,
          41.418082
        ]
      },
      "properties": {
        "routes": [
          {
            "color": "#DA291C",
            "long_name": "Estació de Sants / Roquetes",
            "route_type": 3,
            "short_name": "27",
            "text_color": "#FFFFFF"
          }
        ],
        "stop_id": "2.1002.674909",
        "stop_name": "Av de Vallcarca - Metro Penitents"
      }
    },
    {
      "type": "Feature",
      "geometry": {
        "type": "Point",
        "coordinates": [
          2.170619,
          41.375031
        ]
      },
      "properties": {
        "routes": [
          {
            "color": "#DA291C",
            "long_name": "Poble Sec",
            "route_type": 3,
            "short_name": "121",
            "text_color": "#FFFFFF"
          },
          {
            "color": "#DA291C",
            "long_name": "Paral·lel / El Prat",
            "route_type": 3,
            "short_name": "21",
            "text_color": "#FFFFFF"
          },
          {
            "color": "#93107E",
            "long_name": "Pg. Marítim / Ernest Lluch",
            "route_type": 3,
            "short_name": "D20",
            "text_color": "#FFFFFF"
          },
          {
            "color": "#003888",
            "long_name": "Paral·lel / Sant Adrià",
            "route_type": 3,
            "short_name": "H14",
            "text_color": "#FFFFFF"
          },
          {
            "color": "#6AB023",
            "long_name": "Estació Marítima (WTC) / Bonanova",
            "route_type": 3,
            "short_name": "V11",
            "text_color": "#FFFFFF"
          }
        ],
        "stop_id": "2.1004.691213",
        "stop_name": "Metro Paral·lel"
      }
    },
    {
      "type": "Feature",
      "geometry": {
        "type": "Point",
        "coordinates": [
          2.165933,
          41.376649
        ]
      },
      "properties": {
        "routes": [
          {
            "color": "#DA291C",
            "long_name": "Poble Sec",
            "route_type": 3,
            "short_name": "121",
            "text_color": "#FFFFFF"
          },
          {
            "color": "#6AB023",
            "long_name": "Estació Marítima (WTC) / Bonanova",
            "route_type": 3,
            "short_name": "V11",
            "text_color": "#FFFFFF"
          }
        ],
        "stop_id": "2.1005.699932",
        "stop_name": "Pl Josep Maria Folch"
      }
    },
    {
      "type": "Feature",
      "geometry": {
        "type": "Point",
        "coordinates": [
          2.163581,
          41.378447
        ]
      },
      "properties": {
        "routes": [
          {
            "color": "#93107E",
            "long_name": "Paral·lel / Ciutat Meridiana",
            "route_type": 3,
            "short_name": "D50",
            "text_color": "#FFFFFF"
          },
          {
            "color": "#6AB023",
            "long_name": "Estació Marítima (WTC) / Bonanova",
            "route_type": 3,
            "short_name": "V11",
            "text_color": "#FFFFFF"
          }
        ],
        "stop_id": "2.1006.696986",
        "stop_name": "Ronda Sant Pau - Parlament"
      }
    },
    {
      "type": "Feature",
      "geometry": {
        "type": "Point",
        "coordinates": [
          2.186756,
          41.416791
        ]
      },
      "properties": {
        "routes": [
          {
            "color": "#DA291C",
            "long_name": "\u003cM\u003e Clot / Ciutat Meridiana",
            "route_type": 3,
            "short_name": "62",
            "text_color": "#FFFFFF"
          }
        ],
        "stop_id": "2.1007.698918",
        "stop_name": "Meridiana - Biscaia"
      }
    },
    {
      "type": "Feature",
      "geometry": {
        "type": "Point",
        "coordinates": [
          2.141139,
          41.35325
        ]
      },
      "properties": {
        "routes": [
          {
            "color": "#003888",
            "long_name": "Pg. Zona Franca / Fòrum Campus Besòs",
            "route_type": 3,
            "short_name": "H16",
            "text_color": "#FFFFFF"
          }
        ],
        "stop_id": "2.1011.675199",
        "stop_name": "Pl del Nou - Final de trajecte"
      }
    },
    {
      "type": "Feature",
      "geometry": {
        "type": "Point",
        "coordinates": [
          2.098731,
          41.327374
        ]
      },
      "properties": {
        "routes": [
          {
            "color": "#DA291C",
            "long_name": "Paral·lel / El Prat",
            "route_type": 3,
            "short_name": "21",
            "text_color": "#FFFFFF"
          },
          {
            "color": "#010101",
            "long_name": "Prat XPRES (Pl. Espanya - Av. Remolar)",
            "route_type": 3,
            "short_name": "X2",
            "text_color": "#FFFFFF"
          }
        ],
        "stop_id": "2.1015.696060",
        "stop_name": "Av Verge de Montserrat - Ctra Marina"
      }
    },
    {
      "type": "Feature",
      "geometry": {
        "type": "Point",
        "coordinates": [
          2.082201,
          41.378095
        ]
      },
      "properties": {
        "routes": [
          {
            "color": "#DA291C",
            "long_name": "Collblanc / Sant Joan Despí",
            "route_type": 3,
            "short_name": "157",
            "text_color": "#FFFFFF"
          },
          {
            "color": "#DA291C",
            "long_name": "Pl.Catalunya / Sant Joan Despí",
            "route_type": 3,
            "short_name": "63",
            "text_color": "#FFFFFF"
          }
        ],
        "stop_id": "2.1017.691726",
        "stop_name": "Laureà Miró - Nord"
      }
    },
    {
      "type": "Feature",
      "geometry": {
        "type": "Point",
        "coordinates": [
          2.068283,
          41.357494
        ]
      },
      "properties": {
        "routes": [
          {
            "color": "#DA291C",
            "long_name": "Circular Cornellà 1",
            "route_type": 3,
            "short_name": "95",
            "text_color": "#FFFFFF"
          }
        ],
        "stop_id": "2.1018.679676",
        "stop_name": "Av Can Corts - Ctra d'Esplugues"
      }
    },
    {
      "type": "Feature",
      "geometry": {
        "type": "Point",
        "coordinates": [
          2.107332,
          41.390617
        ]
      },
      "properties": {
        "routes": [
          {
            "color": "#003888",
            "long_name": "Av. Esplugues / Trinitat Nova",
            "route_type": 3,
            "short_name": "H2",
            "text_color": "#FFFFFF"
          }
        ],
        "stop_id": "2.1021.675397",
        "stop_name": "Ardena - Ronda de Dalt"
      }
    },
    {
      "type": "Feature",
      "geometry": {
        "type": "Point",
        "coordinates": [
          2.108094,
          41.389978
        ]
      },
      "properties": {
        "routes": [
          {
            "color": "#003888",
            "long_name": "Av. Esplugues / Trinitat Nova",
            "route_type": 3,
            "short_name": "H2",
            "text_color": "#FFFFFF"
          }
        ],
        "stop_id": "2.1025.675398",
        "stop_name": "Ronda de Dalt - Moneders"
      }
    },
    {
      "type": "Feature",
      "geometry": {
        "type": "Point",
        "coordinates": [
          2.145138,
          41.367804
        ]
      },
      "properties": {
        "routes": [
          {
            "color": "#DA291C",
            "long_name": "Pl. Espanya / Castell de Montjuïc",
            "route_type": 3,
            "short_name": "150",
            "text_color": "#FFFFFF"
          },
          {
            "color": "#DA291C",
            "long_name": "Pl. Espanya / Parc Logístic",
            "route_type": 3,
            "short_name": "23",
            "text_color": "#FFFFFF"
          }
        ],
        "stop_id": "2.1030.676543",
        "stop_name": "Av Ferrer i Guàrdia - Av Montanyans"
      }
    },
    {
      "type": "Feature",
      "geometry": {
        "type": "Point",
        "coordinates": [
          2.092166,
          41.376933
        ]
      },
      "properties": {
        "routes": [
          {
            "color": "#DA291C",
            "long_name": "Collblanc / Sant Joan Despí",
            "route_type": 3,
            "short_name": "157",
            "text_color": "#FFFFFF"
          }
        ],
        "stop_id": "2.1034.691566",
        "stop_name": "Laureà Miró - Primer de Maig"
      }
    },
    {
      "type": "Feature",
      "geometry": {
        "type": "Point",
        "coordinates": [
          2.174754,
          41.387041
        ]
      },
      "properties": {
        "routes": [
          {
            "color": "#DA291C",
            "long_name": "Pg. Marítim / Canyelles",
            "route_type": 3,
            "short_name": "47",
            "text_color": "#FFFFFF"
          },
          {
            "color": "#6AB023",
            "long_name": "Barceloneta / Av. Tibidabo",
            "route_type": 3,
            "short_name": "V15",
            "text_color": "#FFFFFF"
          }
        ],
        "stop_id": "2.1039.700046",
        "stop_name": "Via Laietana - Comtal"
      }
    },
    {
      "type": "Feature",
      "geometry": {
        "type": "Point",
        "coordinates": [
          2.173322,
          41.388783
        ]
      },
      "properties": {
        "routes": [
          {
            "color": "#DA291C",
            "long_name": "Pl. Catalunya / Sant Genís",
            "route_type": 3,
            "short_name": "19",
            "text_color": "#FFFFFF"
          },
          {
            "color": "#003888",
            "long_name": "Pg. Zona Franca / Fòrum Campus Besòs",
            "route_type": 3,
            "short_name": "H16",
            "text_color": "#FFFFFF"
          }
        ],
        "stop_id": "2.1040.690732",
        "stop_name": "Pl Urquinaona"
      }
    },
    {
      "type": "Feature",
      "geometry": {
        "type": "Point",
        "coordinates": [
          2.145139,
          41.351476
        ]
      },
      "properties": {
        "routes": [
          {
            "color": "#DA291C",
            "long_name": "Hospital Clínic / Polígon Zona Franca",
            "route_type": 3,
            "short_name": "109",
            "text_color": "#FFFFFF"
          },
          {
            "color": "#DA291C",
            "long_name": "Pl. Espanya / Parc Logístic",
            "route_type": 3,
            "short_name": "23",
            "text_color": "#FFFFFF"
          },
          {
            "color": "#6AB023",
            "long_name": "Zona Franca / Can Caralleu",
            "route_type": 3,
            "short_name": "V3",
            "text_color": "#FFFFFF"
          }
        ],
        "stop_id": "2.1045.697152",
        "stop_name": "Pg Zona Franca - Motors"
      }
    },
    {
      "type": "Feature",
      "geometry": {
        "type": "Point",
        "coordinates": [
          2.075103,
          41.380882
        ]
      },
      "properties": {
        "routes": [
          {
            "color": "#DA291C",
            "long_name": "Collblanc / Sant Joan Despí",
            "route_type": 3,
            "short_name": "157",
            "text_color": "#FFFFFF"
          },
          {
            "color": "#DA291C",
            "long_name": "Pl.Catalunya / Sant Joan Despí",
            "route_type": 3,
            "short_name": "63",
            "text_color": "#FFFFFF"
          }
        ],
        "stop_id": "2.1052.675675",
        "stop_name": "Parc de la Rambla"
      }
    },
    {
      "type": "Feature",
      "geometry": {
        "type": "Point",
        "coordinates": [
          2.13775,
          41.369928
        ]
      },
      "properties": {
        "routes": [
          {
            "color": "#DA291C",
            "long_name": "Manso / La Bordeta",
            "route_type": 3,
            "short_name": "91",
            "text_color": "#FFFFFF"
          }
        ],
        "stop_id": "2.1057.682738",
        "stop_name": "Constitució - Mossèn Amadeu Oller"
      }
    },
    {
      "type": "Feature",
      "geometry": {
        "type": "Point",
        "coordinates": [
          2.153416,
          41.375731
        ]
      },
      "properties": {
        "routes": [
          {
            "color": "#DA291C",
            "long_name": "Pl. Urquinaona / Parc de Montjuïc",
            "route_type": 3,
            "short_name": "55",
            "text_color": "#FFFFFF"
          }
        ],
        "stop_id": "2.1059.683095",
        "stop_name": "Vilamarí - Av Mistral"
      }
    },
    {
      "type": "Feature",
      "geometry": {
        "type": "Point",
        "coordinates": [
          2.167041,
          41.374861
        ]
      },
      "properties": {
        "routes": [
          {
            "color": "#DA291C",
            "long_name": "Paral·lel / El Prat",
            "route_type": 3,
            "short_name": "21",
            "text_color": "#FFFFFF"
          },
          {
            "color": "#93107E",
            "long_name": "Pg. Marítim / Ernest Lluch",
            "route_type": 3,
            "short_name": "D20",
            "text_color": "#FFFFFF"
          },
          {
            "color": "#93107E",
            "long_name": "Paral·lel / Ciutat Meridiana",
            "route_type": 3,
            "short_name": "D50",
            "text_color": "#FFFFFF"
          },
          {
            "color": "#003888",
            "long_name": "Paral·lel / Sant Adrià",
            "route_type": 3,
            "short_name": "H14",
            "text_color": "#FFFFFF"
          },
          {
            "color": "#6AB023",
            "long_name": "Estació Marítima (WTC) / Bonanova",
            "route_type": 3,
            "short_name": "V11",
            "text_color": "#FFFFFF"
          },
          {
            "color": "#010101",
            "long_name": "Paral·lel - L'Hospitalet (Av. Carrilet)",
            "route_type": 3,
            "short_name": "X3",
            "text_color": "#FFFFFF"
          }
        ],
        "stop_id": "2.1061.696215",
        "stop_name": "Paral·lel - Vila i Vilà"
      }
    },
    {
      "type": "Feature",
      "geometry": {
        "type": "Point",
        "coordinates": [
          2.153057,
          41.374825
        ]
      },
      "properties": {
        "routes": [
          {
            "color": "#DA291C",
            "long_name": "Pl. Espanya / El Prat",
            "route_type": 3,
            "short_name": "65",
            "text_color": "#FFFFFF"
          }
        ],
        "stop_id": "2.1062.675188",
        "stop_name": "Av Paral·lel - Lleida - Final de trajecte"
      }
    },
    {
      "type": "Feature",
      "geometry": {
        "type": "Point",
        "coordinates": [
          2.152562,
          41.374833
        ]
      },
      "properties": {
        "routes": [
          {
            "color": "#DA291C",
            "long_name": "Pl. Espanya / Aeroport BCN",
            "route_type": 3,
            "short_name": "46",
            "text_color": "#FFFFFF"
          }
        ],
        "stop_id": "2.1064.675189",
        "stop_name": "Av Paral·lel - Llançà - Final de trajecte"
      }
    },
    {
      "type": "Feature",
      "geometry": {
        "type": "Point",
        "coordinates": [
          2.164454,
          41.395338
        ]
      },
      "properties": {
        "routes": [
          {
            "color": "#003888",
            "long_name": "Pl. Sants / Olímpic de Badalona",
            "route_type": 3,
            "short_name": "H10",
            "text_color": "#FFFFFF"
          }
        ],
        "stop_id": "2.1066.674798",
        "stop_name": "Mallorca - Pau Claris"
      }
    },
    {
      "type": "Feature",
      "geometry": {
        "type": "Point",
        "coordinates": [
          2.172543,
          41.389101
        ]
      },
      "properties": {
        "routes": [
          {
            "color": "#DA291C",
            "long_name": "Pl. Urquinaona / Parc de Montjuïc",
            "route_type": 3,
            "short_name": "55",
            "text_color": "#FFFFFF"
          }
        ],
        "stop_id": "2.1067.698578",
        "stop_name": "Pl Urquinaona - Pau Claris - Final de trajecte"
      }
    },
    {
      "type": "Feature",
      "geometry": {
        "type": "Point",
        "coordinates": [
          2.172786,
          41.38902
        ]
      },
      "properties": {
        "routes": [
          {
            "color": "#DA291C",
            "long_name": "Pl. Catalunya / Sant Genís",
            "route_type": 3,
            "short_name": "19",
            "text_color": "#FFFFFF"
          },
          {
            "color": "#93107E",
            "long_name": "Paral·lel / Ciutat Meridiana",
            "route_type": 3,
            "short_name": "D50",
            "text_color": "#FFFFFF"
          },
          {
            "color": "#003888",
            "long_name": "Pg. Zona Franca / Fòrum Campus Besòs",
            "route_type": 3,
            "short_name": "H16",
            "text_color": "#FFFFFF"
          }
        ],
        "stop_id": "2.1069.692556",
        "stop_name": "Metro Urquinaona"
      }
    },
    {
      "type": "Feature",
      "geometry": {
        "type": "Point",
        "coordinates": [
          2.169377,
          41.390143
        ]
      },
      "properties": {
        "routes": [
          {
            "color": "#DA291C",
            "long_name": "Fòrum / Zona Universitària",
            "route_type": 3,
            "short_name": "7",
            "text_color": "#FFFFFF"
          },
          {
            "color": "#93107E",
            "long_name": "Paral·lel / Ciutat Meridiana",
            "route_type": 3,
            "short_name": "D50",
            "text_color": "#FFFFFF"
          },
          {
            "color": "#003888",
            "long_name": "Gornal / Besòs Verneda",
            "route_type": 3,
            "short_name": "H12",
            "text_color": "#FFFFFF"
          },
          {
            "color": "#010101",
            "long_name": "BCN Centre-F.Macià / BCN Centre-Glòries",
            "route_type": 3,
            "short_name": "X1",
            "text_color": "#FFFFFF"
          }
        ],
        "stop_id": "2.1070.674374",
        "stop_name": "Gran Via - Pau Claris"
      }
    },
    {
      "type": "Feature",
      "geometry": {
        "type": "Point",
        "coordinates": [
          2.172852,
          41.389337
        ]
      },
      "properties": {
        "routes": [
          {
            "color": "#DA291C",
            "long_name": "Pl. Urquinaona / Pl. Catalana",
            "route_type": 3,
            "short_name": "39",
            "text_color": "#FFFFFF"
          }
        ],
        "stop_id": "2.1071.698576",
        "stop_name": "Pl Urquinaona - Final de trajecte"
      }
    },
    {
      "type": "Feature",
      "geometry": {
        "type": "Point",
        "coordinates": [
          2.178124,
          41.40559
        ]
      },
      "properties": {
        "routes": [
          {
            "color": "#DA291C",
            "long_name": "Zona Universitària / Verneda",
            "route_type": 3,
            "short_name": "33",
            "text_color": "#FFFFFF"
          },
          {
            "color": "#DA291C",
            "long_name": "Pg. Manuel Girona / Pl. Virrei Amat",
            "route_type": 3,
            "short_name": "34",
            "text_color": "#FFFFFF"
          },
          {
            "color": "#93107E",
            "long_name": "Paral·lel / Ciutat Meridiana",
            "route_type": 3,
            "short_name": "D50",
            "text_color": "#FFFFFF"
          },
          {
            "color": "#003888",
            "long_name": "Pl. Sants / Olímpic de Badalona",
            "route_type": 3,
            "short_name": "H10",
            "text_color": "#FFFFFF"
          }
        ],
        "stop_id": "2.1072.674425",
        "stop_name": "Mallorca - Padilla"
      }
    },
    {
      "type": "Feature",
      "geometry": {
        "type": "Point",
        "coordinates": [
          2.16397,
          41.38607
        ]
      },
      "properties": {
        "routes": [
          {
            "color": "#DA291C",
            "long_name": "Pl. Catalunya / Collblanc",
            "route_type": 3,
            "short_name": "52",
            "text_color": "#FFFFFF"
          },
          {
            "color": "#DA291C",
            "long_name": "Estació del Nord / Cardenal Reig",
            "route_type": 3,
            "short_name": "54",
            "text_color": "#FFFFFF"
          },
          {
            "color": "#DA291C",
            "long_name": "Poblenou / Pl. Reina Maria Cristina",
            "route_type": 3,
            "short_name": "59",
            "text_color": "#FFFFFF"
          },
          {
            "color": "#003888",
            "long_name": "Gornal / Besòs Verneda",
            "route_type": 3,
            "short_name": "H12",
            "text_color": "#FFFFFF"
          },
          {
            "color": "#6AB023",
            "long_name": "Pl. Catalunya / Av. Tibidabo",
            "route_type": 3,
            "short_name": "V13",
            "text_color": "#FFFFFF"
          },
          {
            "color": "#010101",
            "long_name": "BCN Centre-F.Macià / BCN Centre-Glòries",
            "route_type": 3,
            "short_name": "X1",
            "text_color": "#FFFFFF"
          }
        ],
        "stop_id": "2.1075.688054",
        "stop_name": "Pl Universitat"
      }
    },
    {
      "type": "Feature",
      "geometry": {
        "type": "Point",
        "coordinates": [
          2.164493,
          41.385629
        ]
      },
      "properties": {
        "routes": [
          {
            "color": "#DA291C",
            "long_name": "Pl. Urquinaona / Parc de Montjuïc",
            "route_type": 3,
            "short_name": "55",
            "text_color": "#FFFFFF"
          },
          {
            "color": "#93107E",
            "long_name": "Paral·lel / Ciutat Meridiana",
            "route_type": 3,
            "short_name": "D50",
            "text_color": "#FFFFFF"
          },
          {
            "color": "#003888",
            "long_name": "Pg. Zona Franca / Fòrum Campus Besòs",
            "route_type": 3,
            "short_name": "H16",
            "text_color": "#FFFFFF"
          }
        ],
        "stop_id": "2.1076.674840",
        "stop_name": "Pl Universitat - Pelai"
      }
    },
    {
      "type": "Feature",
      "geometry": {
        "type": "Point",
        "coordinates": [
          2.162948,
          41.392346
        ]
      },
      "properties": {
        "routes": [
          {
            "color": "#003888",
            "long_name": "Pl. Sants / Olímpic de Badalona",
            "route_type": 3,
            "short_name": "H10",
            "text_color": "#FFFFFF"
          }
        ],
        "stop_id": "2.1078.674790",
        "stop_name": "València - Pg de Gràcia"
      }
    },
    {
      "type": "Feature",
      "geometry": {
        "type": "Point",
        "coordinates": [
          2.171448,
          41.388581
        ]
      },
      "properties": {
        "routes": [
          {
            "color": "#DA291C",
            "long_name": "Pl. Catalunya / Collblanc",
            "route_type": 3,
            "short_name": "52",
            "text_color": "#FFFFFF"
          }
        ],
        "stop_id": "2.1079.675215",
        "stop_name": "Ronda Sant Pere - Pl Urquinaona - Final trajecte"
      }
    },
    {
      "type": "Feature",
      "geometry": {
        "type": "Point",
        "coordinates": [
          2.160649,
          41.396737
        ]
      },
      "properties": {
        "routes": [
          {
            "color": "#DA291C",
            "long_name": "Zona Universitària / Verneda",
            "route_type": 3,
            "short_name": "33",
            "text_color": "#FFFFFF"
          },
          {
            "color": "#DA291C",
            "long_name": "Pg. Manuel Girona / Pl. Virrei Amat",
            "route_type": 3,
            "short_name": "34",
            "text_color": "#FFFFFF"
          },
          {
            "color": "#DA291C",
            "long_name": "Pg. Manuel Girona / Poblenou",
            "route_type": 3,
            "short_name": "6",
            "text_color": "#FFFFFF"
          },
          {
            "color": "#003888",
            "long_name": "Ernest Lluch / Bon Pastor",
            "route_type": 3,
            "short_name": "H8",
            "text_color": "#FFFFFF"
          },
          {
            "color": "#6AB023",
            "long_name": "Port Vell / Vall d'Hebron",
            "route_type": 3,
            "short_name": "V17",
            "text_color": "#FFFFFF"
          }
        ],
        "stop_id": "2.1080.690454",
        "stop_name": "Diagonal - Pau Claris"
      }
    },
    {
      "type": "Feature",
      "geometry": {
        "type": "Point",
        "coordinates": [
          2.169055,
          41.390295
        ]
      },
      "properties": {
        "routes": [
          {
            "color": "#DA291C",
            "long_name": "Estació del Nord / Cardenal Reig",
            "route_type": 3,
            "short_name": "54",
            "text_color": "#FFFFFF"
          },
          {
            "color": "#DA291C",
            "long_name": "Fòrum / Zona Universitària",
            "route_type": 3,
            "short_name": "7",
            "text_color": "#FFFFFF"
          },
          {
            "color": "#003888",
            "long_name": "Gornal / Besòs Verneda",
            "route_type": 3,
            "short_name": "H12",
            "text_color": "#FFFFFF"
          }
        ],
        "stop_id": "2.1081.688046",
        "stop_name": "Gran Via - Pau Claris"
      }
    },
    {
      "type": "Feature",
      "geometry": {
        "type": "Point",
        "coordinates": [
          2.170633,
          41.388275
        ]
      },
      "properties": {
        "routes": [
          {
            "color": "#DA291C",
            "long_name": "Pl. Catalunya / Cornellà",
            "route_type": 3,
            "short_name": "67",
            "text_color": "#FFFFFF"
          }
        ],
        "stop_id": "2.1082.681373",
        "stop_name": "Ronda Sant Pere - Pl Catalunya - Final de trajecte"
      }
    },
    {
      "type": "Feature",
      "geometry": {
        "type": "Point",
        "coordinates": [
          2.151078,
          41.391286
        ]
      },
      "properties": {
        "routes": [
          {
            "color": "#DA291C",
            "long_name": "Pl.Catalunya / Sant Joan Despí",
            "route_type": 3,
            "short_name": "63",
            "text_color": "#FFFFFF"
          },
          {
            "color": "#DA291C",
            "long_name": "Pl. Catalunya / Cornellà",
            "route_type": 3,
            "short_name": "67",
            "text_color": "#FFFFFF"
          },
          {
            "color": "#DA291C",
            "long_name": "Hospital Clínic / Cornellà",
            "route_type": 3,
            "short_name": "68",
            "text_color": "#FFFFFF"
          }
        ],
        "stop_id": "2.1088.675631",
        "stop_name": "Casanova - París"
      }
    },
    {
      "type": "Feature",
      "geometry": {
        "type": "Point",
        "coordinates": [
          2.165991,
          41.399765
        ]
      },
      "properties": {
        "routes": [
          {
            "color": "#DA291C",
            "long_name": "Gràcia / Can Baró",
            "route_type": 3,
            "short_name": "114",
            "text_color": "#FFFFFF"
          },
          {
            "color": "#DA291C",
            "long_name": "Pl. Urquinaona / Pl. Catalana",
            "route_type": 3,
            "short_name": "39",
            "text_color": "#FFFFFF"
          },
          {
            "color": "#DA291C",
            "long_name": "Pg. Marítim / Canyelles",
            "route_type": 3,
            "short_name": "47",
            "text_color": "#FFFFFF"
          },
          {
            "color": "#003888",
            "long_name": "Ernest Lluch / Bon Pastor",
            "route_type": 3,
            "short_name": "H8",
            "text_color": "#FFFFFF"
          }
        ],
        "stop_id": "2.1089.674793",
        "stop_name": "Rosselló - Bailèn"
      }
    },
    {
      "type": "Feature",
      "geometry": {
        "type": "Point",
        "coordinates": [
          2.145855,
          41.393154
        ]
      },
      "properties": {
        "routes": [
          {
            "color": "#DA291C",
            "long_name": "Zona Universitària / Verneda",
            "route_type": 3,
            "short_name": "33",
            "text_color": "#FFFFFF"
          },
          {
            "color": "#DA291C",
            "long_name": "Pg. Manuel Girona / Pl. Virrei Amat",
            "route_type": 3,
            "short_name": "34",
            "text_color": "#FFFFFF"
          },
          {
            "color": "#DA291C",
            "long_name": "Pg. Manuel Girona / Poblenou",
            "route_type": 3,
            "short_name": "6",
            "text_color": "#FFFFFF"
          },
          {
            "color": "#DA291C",
            "long_name": "Pl.Catalunya / Sant Joan Despí",
            "route_type": 3,
            "short_name": "63",
            "text_color": "#FFFFFF"
          },
          {
            "color": "#DA291C",
            "long_name": "Pl. Catalunya / Cornellà",
            "route_type": 3,
            "short_name": "67",
            "text_color": "#FFFFFF"
          },
          {
            "color": "#DA291C",
            "long_name": "Fòrum / Zona Universitària",
            "route_type": 3,
            "short_name": "7",
            "text_color": "#FFFFFF"
          },
          {
            "color": "#003888",
            "long_name": "Ernest Lluch / Bon Pastor",
            "route_type": 3,
            "short_name": "H8",
            "text_color": "#FFFFFF"
          }
        ],
        "stop_id": "2.1098.691338",
        "stop_name": "Diagonal - Francesc Macià"
      }
    },
    {
      "type": "Feature",
      "geometry": {
        "type": "Point",
        "coordinates": [
          2.144261,
          41.391524
        ]
      },
      "properties": {
        "routes": [
          {
            "color": "#003888",
            "long_name": "Ernest Lluch / Bon Pastor",
            "route_type": 3,
            "short_name": "H8",
            "text_color": "#FFFFFF"
          }
        ],
        "stop_id": "2.1099.674691",
        "stop_name": "Josep Tarradellas - Comte Borrell"
      }
    },
    {
      "type": "Feature",
      "geometry": {
        "type": "Point",
        "coordinates": [
          2.170845,
          41.386435
        ]
      },
      "properties": {
        "routes": [
          {
            "color": "#DA291C",
            "long_name": "Pl. Urquinaona / Parc de Montjuïc",
            "route_type": 3,
            "short_name": "55",
            "text_color": "#FFFFFF"
          },
          {
            "color": "#DA291C",
            "long_name": "Poblenou / Pl. Reina Maria Cristina",
            "route_type": 3,
            "short_name": "59",
            "text_color": "#FFFFFF"
          },
          {
            "color": "#003888",
            "long_name": "Pg. Zona Franca / Fòrum Campus Besòs",
            "route_type": 3,
            "short_name": "H16",
            "text_color": "#FFFFFF"
          },
          {
            "color": "#6AB023",
            "long_name": "Barceloneta / Av. Tibidabo",
            "route_type": 3,
            "short_name": "V15",
            "text_color": "#FFFFFF"
          }
        ],
        "stop_id": "2.1103.696950",
        "stop_name": "Pl Catalunya - Portal de l'Àngel"
      }
    },
    {
      "type": "Feature",
      "geometry": {
        "type": "Point",
        "coordinates": [
          2.185189,
          41.385091
        ]
      },
      "properties": {
        "routes": [
          {
            "color": "#003888",
            "long_name": "Paral·lel / Sant Adrià",
            "route_type": 3,
            "short_name": "H14",
            "text_color": "#FFFFFF"
          },
          {
            "color": "#6AB023",
            "long_name": "Barceloneta / Pl. Alfonso Comín",
            "route_type": 3,
            "short_name": "V19",
            "text_color": "#FFFFFF"
          }
        ],
        "stop_id": "2.1108.675125",
        "stop_name": "Av Marquès de l'Argentera - Pg Picasso"
      }
    },
    {
      "type": "Feature",
      "geometry": {
        "type": "Point",
        "coordinates": [
          2.194618,
          41.398714
        ]
      },
      "properties": {
        "routes": [
          {
            "color": "#DA291C",
            "long_name": "Pg. Manuel Girona / Poblenou",
            "route_type": 3,
            "short_name": "6",
            "text_color": "#FFFFFF"
          },
          {
            "color": "#003888",
            "long_name": "Paral·lel / Sant Adrià",
            "route_type": 3,
            "short_name": "H14",
            "text_color": "#FFFFFF"
          }
        ],
        "stop_id": "2.1109.693519",
        "stop_name": "Pallars - Pere IV"
      }
    },
    {
      "type": "Feature",
      "geometry": {
        "type": "Point",
        "coordinates": [
          2.150079,
          41.406176
        ]
      },
      "properties": {
        "routes": [
          {
            "color": "#DA291C",
            "long_name": "Pl. Catalunya / El Carmel",
            "route_type": 3,
            "short_name": "22",
            "text_color": "#FFFFFF"
          },
          {
            "color": "#DA291C",
            "long_name": "Pl. Catalunya / El Carmel",
            "route_type": 3,
            "short_name": "24",
            "text_color": "#FFFFFF"
          },
          {
            "color": "#6AB023",
            "long_name": "Port Vell / Vall d'Hebron",
            "route_type": 3,
            "short_name": "V17",
            "text_color": "#FFFFFF"
          }
        ],
        "stop_id": "2.1116.694225",
        "stop_name": "Gran de Gràcia - Lesseps"
      }
    },
    {
      "type": "Feature",
      "geometry": {
        "type": "Point",
        "coordinates": [
          2.152181,
          41.403474
        ]
      },
      "properties": {
        "routes": [
          {
            "color": "#DA291C",
            "long_name": "Pl. Catalunya / El Carmel",
            "route_type": 3,
            "short_name": "22",
            "text_color": "#FFFFFF"
          },
          {
            "color": "#DA291C",
            "long_name": "Pl. Catalunya / El Carmel",
            "route_type": 3,
            "short_name": "24",
            "text_color": "#FFFFFF"
          },
          {
            "color": "#6AB023",
            "long_name": "Port Vell / Vall d'Hebron",
            "route_type": 3,
            "short_name": "V17",
            "text_color": "#FFFFFF"
          }
        ],
        "stop_id": "2.1117.680459",
        "stop_name": "Gran de Gràcia - Pl Trilla"
      }
    },
    {
      "type": "Feature",
      "geometry": {
        "type": "Point",
        "coordinates": [
          2.150126,
          41.405743
        ]
      },
      "properties": {
        "routes": [
          {
            "color": "#DA291C",
            "long_name": "Pl. Catalunya / El Carmel",
            "route_type": 3,
            "short_name": "22",
            "text_color": "#FFFFFF"
          },
          {
            "color": "#DA291C",
            "long_name": "Pl. Catalunya / El Carmel",
            "route_type": 3,
            "short_name": "24",
            "text_color": "#FFFFFF"
          },
          {
            "color": "#DA291C",
            "long_name": "Estació de Sants / Roquetes",
            "route_type": 3,
            "short_name": "27",
            "text_color": "#FFFFFF"
          },
          {
            "color": "#93107E",
            "long_name": "Pl. Espanya / Canyelles",
            "route_type": 3,
            "short_name": "D40",
            "text_color": "#FFFFFF"
          },
          {
            "color": "#6AB023",
            "long_name": "Port Vell / Vall d'Hebron",
            "route_type": 3,
            "short_name": "V17",
            "text_color": "#FFFFFF"
          }
        ],
        "stop_id": "2.1118.694229",
        "stop_name": "Av Riera de Cassoles - Pl Lesseps"
      }
    },
    {
      "type": "Feature",
      "geometry": {
        "type": "Point",
        "coordinates": [
          2.147061,
          41.408629
        ]
      },
      "properties": {
        "routes": [
          {
            "color": "#DA291C",
            "long_name": "Pl. Catalunya / El Carmel",
            "route_type": 3,
            "short_name": "22",
            "text_color": "#FFFFFF"
          },
          {
            "color": "#6AB023",
            "long_name": "Port Vell / Vall d'Hebron",
            "route_type": 3,
            "short_name": "V17",
            "text_color": "#FFFFFF"
          }
        ],
        "stop_id": "2.1119.689808",
        "stop_name": "Av República Argentina - Escipió"
      }
    },
    {
      "type": "Feature",
      "geometry": {
        "type": "Point",
        "coordinates": [
          2.146637,
          41.405622
        ]
      },
      "properties": {
        "routes": [
          {
            "color": "#003888",
            "long_name": "Zona Universitària / Onze de Setembre",
            "route_type": 3,
            "short_name": "H6",
            "text_color": "#FFFFFF"
          }
        ],
        "stop_id": "2.1120.683086",
        "stop_name": "Mitre - Berna"
      }
    },
    {
      "type": "Feature",
      "geometry": {
        "type": "Point",
        "coordinates": [
          2.149511,
          41.406744
        ]
      },
      "properties": {
        "routes": [
          {
            "color": "#DA291C",
            "long_name": "Pl. Catalunya / El Carmel",
            "route_type": 3,
            "short_name": "24",
            "text_color": "#FFFFFF"
          },
          {
            "color": "#93107E",
            "long_name": "Pl. Espanya / Canyelles",
            "route_type": 3,
            "short_name": "D40",
            "text_color": "#FFFFFF"
          },
          {
            "color": "#003888",
            "long_name": "Zona Universitària / Onze de Setembre",
            "route_type": 3,
            "short_name": "H6",
            "text_color": "#FFFFFF"
          }
        ],
        "stop_id": "2.1122.683417",
        "stop_name": "Pl Lesseps - Riera de Vallcarca"
      }
    },
    {
      "type": "Feature",
      "geometry": {
        "type": "Point",
        "coordinates": [
          2.150081,
          41.403638
        ]
      },
      "properties": {
        "routes": [
          {
            "color": "#DA291C",
            "long_name": "Pl. Catalunya / El Carmel",
            "route_type": 3,
            "short_name": "22",
            "text_color": "#FFFFFF"
          },
          {
            "color": "#DA291C",
            "long_name": "Pl. Catalunya / El Carmel",
            "route_type": 3,
            "short_name": "24",
            "text_color": "#FFFFFF"
          },
          {
            "color": "#DA291C",
            "long_name": "Estació de Sants / Roquetes",
            "route_type": 3,
            "short_name": "27",
            "text_color": "#FFFFFF"
          },
          {
            "color": "#93107E",
            "long_name": "Pl. Espanya / Canyelles",
            "route_type": 3,
            "short_name": "D40",
            "text_color": "#FFFFFF"
          },
          {
            "color": "#6AB023",
            "long_name": "Port Vell / Vall d'Hebron",
            "route_type": 3,
            "short_name": "V17",
            "text_color": "#FFFFFF"
          }
        ],
        "stop_id": "2.1123.674631",
        "stop_name": "Av Riera de Cassoles - Carolines"
      }
    },
    {
      "type": "Feature",
      "geometry": {
        "type": "Point",
        "coordinates": [
          2.165264,
          41.386262
        ]
      },
      "properties": {
        "routes": [
          {
            "color": "#DA291C",
            "long_name": "Pl. Urquinaona / Parc de Montjuïc",
            "route_type": 3,
            "short_name": "55",
            "text_color": "#FFFFFF"
          },
          {
            "color": "#DA291C",
            "long_name": "Poblenou / Pl. Reina Maria Cristina",
            "route_type": 3,
            "short_name": "59",
            "text_color": "#FFFFFF"
          },
          {
            "color": "#DA291C",
            "long_name": "Pl. Catalunya / Cornellà",
            "route_type": 3,
            "short_name": "67",
            "text_color": "#FFFFFF"
          },
          {
            "color": "#93107E",
            "long_name": "Paral·lel / Ciutat Meridiana",
            "route_type": 3,
            "short_name": "D50",
            "text_color": "#FFFFFF"
          },
          {
            "color": "#003888",
            "long_name": "Pg. Zona Franca / Fòrum Campus Besòs",
            "route_type": 3,
            "short_name": "H16",
            "text_color": "#FFFFFF"
          },
          {
            "color": "#6AB023",
            "long_name": "Pl. Catalunya / Av. Tibidabo",
            "route_type": 3,
            "short_name": "V13",
            "text_color": "#FFFFFF"
          }
        ],
        "stop_id": "2.1124.697162",
        "stop_name": "Ronda Universitat - Pl Universitat"
      }
    },
    {
      "type": "Feature",
      "geometry": {
        "type": "Point",
        "coordinates": [
          2.180252,
          41.39069
        ]
      },
      "properties": {
        "routes": [
          {
            "color": "#003888",
            "long_name": "Pg. Zona Franca / Fòrum Campus Besòs",
            "route_type": 3,
            "short_name": "H16",
            "text_color": "#FFFFFF"
          },
          {
            "color": "#6AB023",
            "long_name": "Barceloneta / Pl. Alfonso Comín",
            "route_type": 3,
            "short_name": "V19",
            "text_color": "#FFFFFF"
          }
        ],
        "stop_id": "2.1127.675035",
        "stop_name": "Pg Lluís Companys - Arc de Triomf"
      }
    },
    {
      "type": "Feature",
      "geometry": {
        "type": "Point",
        "coordinates": [
          2.182697,
          41.388838
        ]
      },
      "properties": {
        "routes": [
          {
            "color": "#003888",
            "long_name": "Pg. Zona Franca / Fòrum Campus Besòs",
            "route_type": 3,
            "short_name": "H16",
            "text_color": "#FFFFFF"
          },
          {
            "color": "#6AB023",
            "long_name": "Barceloneta / Pl. Alfonso Comín",
            "route_type": 3,
            "short_name": "V19",
            "text_color": "#FFFFFF"
          }
        ],
        "stop_id": "2.1128.675036",
        "stop_name": "Pg Lluís Companys - Parc de la Ciutadella"
      }
    },
    {
      "type": "Feature",
      "geometry": {
        "type": "Point",
        "coordinates": [
          2.183054,
          41.387804
        ]
      },
      "properties": {
        "routes": [
          {
            "color": "#003888",
            "long_name": "Paral·lel / Sant Adrià",
            "route_type": 3,
            "short_name": "H14",
            "text_color": "#FFFFFF"
          },
          {
            "color": "#6AB023",
            "long_name": "Port Vell / Vall d'Hebron",
            "route_type": 3,
            "short_name": "V17",
            "text_color": "#FFFFFF"
          },
          {
            "color": "#6AB023",
            "long_name": "Barceloneta / Pl. Alfonso Comín",
            "route_type": 3,
            "short_name": "V19",
            "text_color": "#FFFFFF"
          }
        ],
        "stop_id": "2.1129.675029",
        "stop_name": "Parc de la Ciutadella - Princesa"
      }
    },
    {
      "type": "Feature",
      "geometry": {
        "type": "Point",
        "coordinates": [
          2.182087,
          41.388363
        ]
      },
      "properties": {
        "routes": [
          {
            "color": "#DA291C",
            "long_name": "Ciutat Vella",
            "route_type": 3,
            "short_name": "120",
            "text_color": "#FFFFFF"
          }
        ],
        "stop_id": "2.1130.688659",
        "stop_name": "Pg Picasso - Comerç"
      }
    },
    {
      "type": "Feature",
      "geometry": {
        "type": "Point",
        "coordinates": [
          2.162074,
          41.396467
        ]
      },
      "properties": {
        "routes": [
          {
            "color": "#DA291C",
            "long_name": "Pl. Urquinaona / Pl. Catalana",
            "route_type": 3,
            "short_name": "39",
            "text_color": "#FFFFFF"
          }
        ],
        "stop_id": "2.1135.675120",
        "stop_name": "Pau Claris - Rosselló"
      }
    },
    {
      "type": "Feature",
      "geometry": {
        "type": "Point",
        "coordinates": [
          2.163363,
          41.393522
        ]
      },
      "properties": {
        "routes": [
          {
            "color": "#DA291C",
            "long_name": "Pl. Catalunya / El Carmel",
            "route_type": 3,
            "short_name": "22",
            "text_color": "#FFFFFF"
          },
          {
            "color": "#DA291C",
            "long_name": "Pl. Catalunya / El Carmel",
            "route_type": 3,
            "short_name": "24",
            "text_color": "#FFFFFF"
          },
          {
            "color": "#DA291C",
            "long_name": "Fòrum / Zona Universitària",
            "route_type": 3,
            "short_name": "7",
            "text_color": "#FFFFFF"
          },
          {
            "color": "#6AB023",
            "long_name": "Barceloneta / Av. Tibidabo",
            "route_type": 3,
            "short_name": "V15",
            "text_color": "#FFFFFF"
          }
        ],
        "stop_id": "2.1136.690587",
        "stop_name": "Pg de Gràcia - Mallorca"
      }
    },
    {
      "type": "Feature",
      "geometry": {
        "type": "Point",
        "coordinates": [
          2.154626,
          41.388597
        ]
      },
      "properties": {
        "routes": [
          {
            "color": "#DA291C",
            "long_name": "Poblenou / Pl. Reina Maria Cristina",
            "route_type": 3,
            "short_name": "59",
            "text_color": "#FFFFFF"
          }
        ],
        "stop_id": "2.1137.674586",
        "stop_name": "Casanova - Mercat del Ninot"
      }
    },
    {
      "type": "Feature",
      "geometry": {
        "type": "Point",
        "coordinates": [
          2.170462,
          41.398843
        ]
      },
      "properties": {
        "routes": [
          {
            "color": "#DA291C",
            "long_name": "Pg. Manuel Girona / Poblenou",
            "route_type": 3,
            "short_name": "6",
            "text_color": "#FFFFFF"
          },
          {
            "color": "#6AB023",
            "long_name": "Barceloneta / Pl. Alfonso Comín",
            "route_type": 3,
            "short_name": "V19",
            "text_color": "#FFFFFF"
          }
        ],
        "stop_id": "2.1138.690909",
        "stop_name": "Pg de Sant Joan - València"
      }
    },
    {
      "type": "Feature",
      "geometry": {
        "type": "Point",
        "coordinates": [
          2.178176,
          41.405016
        ]
      },
      "properties": {
        "routes": [
          {
            "color": "#DA291C",
            "long_name": "Pl. Catalunya / Sant Genís",
            "route_type": 3,
            "short_name": "19",
            "text_color": "#FFFFFF"
          },
          {
            "color": "#6AB023",
            "long_name": "Pg. Marítim / Montbau",
            "route_type": 3,
            "short_name": "V21",
            "text_color": "#FFFFFF"
          }
        ],
        "stop_id": "2.1140.699732",
        "stop_name": "Padilla - Mallorca"
      }
    },
    {
      "type": "Feature",
      "geometry": {
        "type": "Point",
        "coordinates": [
          2.174817,
          41.405772
        ]
      },
      "properties": {
        "routes": [
          {
            "color": "#DA291C",
            "long_name": "Pl. Catalunya / Sant Genís",
            "route_type": 3,
            "short_name": "19",
            "text_color": "#FFFFFF"
          },
          {
            "color": "#6AB023",
            "long_name": "Pg. Marítim / Montbau",
            "route_type": 3,
            "short_name": "V21",
            "text_color": "#FFFFFF"
          }
        ],
        "stop_id": "2.1141.674517",
        "stop_name": "Av Gaudí"
      }
    },
    {
      "type": "Feature",
      "geometry": {
        "type": "Point",
        "coordinates": [
          2.181904,
          41.408977
        ]
      },
      "properties": {
        "routes": [
          {
            "color": "#93107E",
            "long_name": "Paral·lel / Ciutat Meridiana",
            "route_type": 3,
            "short_name": "D50",
            "text_color": "#FFFFFF"
          },
          {
            "color": "#6AB023",
            "long_name": "Nova Icària / Can Marcet",
            "route_type": 3,
            "short_name": "V23",
            "text_color": "#FFFFFF"
          }
        ],
        "stop_id": "2.1142.674384",
        "stop_name": "Independència - Mallorca"
      }
    },
    {
      "type": "Feature",
      "geometry": {
        "type": "Point",
        "coordinates": [
          2.178277,
          41.409817
        ]
      },
      "properties": {
        "routes": [
          {
            "color": "#93107E",
            "long_name": "Paral·lel / Ciutat Meridiana",
            "route_type": 3,
            "short_name": "D50",
            "text_color": "#FFFFFF"
          },
          {
            "color": "#6AB023",
            "long_name": "Nova Icària / Can Marcet",
            "route_type": 3,
            "short_name": "V23",
            "text_color": "#FFFFFF"
          }
        ],
        "stop_id": "2.1143.694774",
        "stop_name": "Dos de Maig - Còrsega"
      }
    },
    {
      "type": "Feature",
      "geometry": {
        "type": "Point",
        "coordinates": [
          2.160116,
          41.395893
        ]
      },
      "properties": {
        "routes": [
          {
            "color": "#DA291C",
            "long_name": "Pl. Catalunya / El Carmel",
            "route_type": 3,
            "short_name": "22",
            "text_color": "#FFFFFF"
          },
          {
            "color": "#DA291C",
            "long_name": "Pl. Catalunya / El Carmel",
            "route_type": 3,
            "short_name": "24",
            "text_color": "#FFFFFF"
          }
        ],
        "stop_id": "2.1144.690269",
        "stop_name": "Pg de Gràcia - Rosselló"
      }
    },
    {
      "type": "Feature",
      "geometry": {
        "type": "Point",
        "coordinates": [
          2.093474,
          41.321642
        ]
      },
      "properties": {
        "routes": [
          {
            "color": "#DA291C",
            "long_name": "Pl. Espanya / El Prat",
            "route_type": 3,
            "short_name": "65",
            "text_color": "#FFFFFF"
          }
        ],
        "stop_id": "2.1153.691043",
        "stop_name": "Cèntric"
      }
    },
    {
      "type": "Feature",
      "geometry": {
        "type": "Point",
        "coordinates": [
          2.093548,
          41.321557
        ]
      },
      "properties": {
        "routes": [
          {
            "color": "#DA291C",
            "long_name": "Pl. Espanya / El Prat",
            "route_type": 3,
            "short_name": "65",
            "text_color": "#FFFFFF"
          }
        ],
        "stop_id": "2.1155.686571",
        "stop_name": "Cèntric"
      }
    },
    {
      "type": "Feature",
      "geometry": {
        "type": "Point",
        "coordinates": [
          2.073605,
          41.358927
        ]
      },
      "properties": {
        "routes": [
          {
            "color": "#DA291C",
            "long_name": "Pl. Catalunya / Cornellà",
            "route_type": 3,
            "short_name": "67",
            "text_color": "#FFFFFF"
          }
        ],
        "stop_id": "2.1156.675520",
        "stop_name": "Av del Parc - Bellaterra"
      }
    },
    {
      "type": "Feature",
      "geometry": {
        "type": "Point",
        "coordinates": [
          2.076265,
          41.359562
        ]
      },
      "properties": {
        "routes": [
          {
            "color": "#DA291C",
            "long_name": "Pl. Catalunya / Cornellà",
            "route_type": 3,
            "short_name": "67",
            "text_color": "#FFFFFF"
          }
        ],
        "stop_id": "2.1157.697092",
        "stop_name": "Av del Parc - Bonavista"
      }
    },
    {
      "type": "Feature",
      "geometry": {
        "type": "Point",
        "coordinates": [
          2.183523,
          41.387133
        ]
      },
      "properties": {
        "routes": [
          {
            "color": "#003888",
            "long_name": "Paral·lel / Sant Adrià",
            "route_type": 3,
            "short_name": "H14",
            "text_color": "#FFFFFF"
          },
          {
            "color": "#6AB023",
            "long_name": "Barceloneta / Pl. Alfonso Comín",
            "route_type": 3,
            "short_name": "V19",
            "text_color": "#FFFFFF"
          }
        ],
        "stop_id": "2.1163.690802",
        "stop_name": "Pg Picasso - Princesa"
      }
    },
    {
      "type": "Feature",
      "geometry": {
        "type": "Point",
        "coordinates": [
          2.185005,
          41.38255
        ]
      },
      "properties": {
        "routes": [
          {
            "color": "#DA291C",
            "long_name": "Pg. Marítim / Canyelles",
            "route_type": 3,
            "short_name": "47",
            "text_color": "#FFFFFF"
          },
          {
            "color": "#DA291C",
            "long_name": "Poblenou / Pl. Reina Maria Cristina",
            "route_type": 3,
            "short_name": "59",
            "text_color": "#FFFFFF"
          },
          {
            "color": "#93107E",
            "long_name": "Pg. Marítim / Ernest Lluch",
            "route_type": 3,
            "short_name": "D20",
            "text_color": "#FFFFFF"
          },
          {
            "color": "#6AB023",
            "long_name": "Barceloneta / Av. Tibidabo",
            "route_type": 3,
            "short_name": "V15",
            "text_color": "#FFFFFF"
          },
          {
            "color": "#6AB023",
            "long_name": "Barceloneta / Pl. Alfonso Comín",
            "route_type": 3,
            "short_name": "V19",
            "text_color": "#FFFFFF"
          }
        ],
        "stop_id": "2.1164.689738",
        "stop_name": "Pla de Palau - Pl Pau Vila"
      }
    },
    {
      "type": "Feature",
      "geometry": {
        "type": "Point",
        "coordinates": [
          2.183016,
          41.430561
        ]
      },
      "properties": {
        "routes": [
          {
            "color": "#DA291C",
            "long_name": "Sant Andreu",
            "route_type": 3,
            "short_name": "126",
            "text_color": "#FFFFFF"
          },
          {
            "color": "#DA291C",
            "long_name": "Trinitat Vella / Fabra i Puig",
            "route_type": 3,
            "short_name": "133",
            "text_color": "#FFFFFF"
          },
          {
            "color": "#DA291C",
            "long_name": "\u003cM\u003e Clot / Ciutat Meridiana",
            "route_type": 3,
            "short_name": "62",
            "text_color": "#FFFFFF"
          },
          {
            "color": "#DA291C",
            "long_name": "\u003cM\u003e La Sagrera / Montcada i Reixac",
            "route_type": 3,
            "short_name": "96",
            "text_color": "#FFFFFF"
          }
        ],
        "stop_id": "2.1166.687433",
        "stop_name": "Meridiana - Estació d'Autobusos Fabra i Puig"
      }
    },
    {
      "type": "Feature",
      "geometry": {
        "type": "Point",
        "coordinates": [
          2.183621,
          41.433332
        ]
      },
      "properties": {
        "routes": [
          {
            "color": "#DA291C",
            "long_name": "Sant Andreu",
            "route_type": 3,
            "short_name": "126",
            "text_color": "#FFFFFF"
          },
          {
            "color": "#DA291C",
            "long_name": "Trinitat Vella / Fabra i Puig",
            "route_type": 3,
            "short_name": "133",
            "text_color": "#FFFFFF"
          },
          {
            "color": "#DA291C",
            "long_name": "\u003cM\u003e Clot / Ciutat Meridiana",
            "route_type": 3,
            "short_name": "62",
            "text_color": "#FFFFFF"
          },
          {
            "color": "#DA291C",
            "long_name": "\u003cM\u003e La Sagrera / Montcada i Reixac",
            "route_type": 3,
            "short_name": "96",
            "text_color": "#FFFFFF"
          }
        ],
        "stop_id": "2.1167.675822",
        "stop_name": "CAP Sant Andreu"
      }
    },
    {
      "type": "Feature",
      "geometry": {
        "type": "Point",
        "coordinates": [
          2.136399,
          41.365223
        ]
      },
      "properties": {
        "routes": [
          {
            "color": "#DA291C",
            "long_name": "Hospital Clínic / Polígon Zona Franca",
            "route_type": 3,
            "short_name": "109",
            "text_color": "#FFFFFF"
          },
          {
            "color": "#DA291C",
            "long_name": "Pl. Espanya / Aeroport BCN",
            "route_type": 3,
            "short_name": "46",
            "text_color": "#FFFFFF"
          },
          {
            "color": "#DA291C",
            "long_name": "Pl. Espanya / El Prat",
            "route_type": 3,
            "short_name": "65",
            "text_color": "#FFFFFF"
          },
          {
            "color": "#003888",
            "long_name": "Gornal / Besòs Verneda",
            "route_type": 3,
            "short_name": "H12",
            "text_color": "#FFFFFF"
          },
          {
            "color": "#003888",
            "long_name": "Pg. Zona Franca / Fòrum Campus Besòs",
            "route_type": 3,
            "short_name": "H16",
            "text_color": "#FFFFFF"
          }
        ],
        "stop_id": "2.1173.698925",
        "stop_name": "Gran Via - Física"
      }
    },
    {
      "type": "Feature",
      "geometry": {
        "type": "Point",
        "coordinates": [
          2.152629,
          41.375128
        ]
      },
      "properties": {
        "routes": [
          {
            "color": "#93107E",
            "long_name": "Pg. Marítim / Ernest Lluch",
            "route_type": 3,
            "short_name": "D20",
            "text_color": "#FFFFFF"
          },
          {
            "color": "#003888",
            "long_name": "Pg. Zona Franca / Fòrum Campus Besòs",
            "route_type": 3,
            "short_name": "H16",
            "text_color": "#FFFFFF"
          }
        ],
        "stop_id": "2.1185.695868",
        "stop_name": "Paral·lel - Av Mistral"
      }
    },
    {
      "type": "Feature",
      "geometry": {
        "type": "Point",
        "coordinates": [
          2.192025,
          41.411335
        ]
      },
      "properties": {
        "routes": [
          {
            "color": "#DA291C",
            "long_name": "Poblenou / Hospital de Sant Pau",
            "route_type": 3,
            "short_name": "192",
            "text_color": "#FFFFFF"
          }
        ],
        "stop_id": "2.1191.675241",
        "stop_name": "Bilbao - Concili de Trento"
      }
    },
    {
      "type": "Feature",
      "geometry": {
        "type": "Point",
        "coordinates": [
          2.144236,
          41.413062
        ]
      },
      "properties": {
        "routes": [
          {
            "color": "#DA291C",
            "long_name": "Pl. Catalunya / El Carmel",
            "route_type": 3,
            "short_name": "22",
            "text_color": "#FFFFFF"
          },
          {
            "color": "#6AB023",
            "long_name": "Barceloneta / Pl. Alfonso Comín",
            "route_type": 3,
            "short_name": "V19",
            "text_color": "#FFFFFF"
          }
        ],
        "stop_id": "2.1195.674894",
        "stop_name": "Vallcarca"
      }
    },
    {
      "type": "Feature",
      "geometry": {
        "type": "Point",
        "coordinates": [
          2.077829,
          41.366651
        ]
      },
      "properties": {
        "routes": [
          {
            "color": "#DA291C",
            "long_name": "Hospital Clínic / Cornellà",
            "route_type": 3,
            "short_name": "68",
            "text_color": "#FFFFFF"
          },
          {
            "color": "#DA291C",
            "long_name": "Circular Cornellà 1",
            "route_type": 3,
            "short_name": "95",
            "text_color": "#FFFFFF"
          }
        ],
        "stop_id": "2.1197.691544",
        "stop_name": "Ctra d'Esplugues - Oliverar"
      }
    },
    {
      "type": "Feature",
      "geometry": {
        "type": "Point",
        "coordinates": [
          2.082364,
          41.362154
        ]
      },
      "properties": {
        "routes": [
          {
            "color": "#DA291C",
            "long_name": "Pl. Catalunya / Cornellà",
            "route_type": 3,
            "short_name": "67",
            "text_color": "#FFFFFF"
          },
          {
            "color": "#DA291C",
            "long_name": "Circular Cornellà 1",
            "route_type": 3,
            "short_name": "95",
            "text_color": "#FFFFFF"
          }
        ],
        "stop_id": "2.1198.691691",
        "stop_name": "Av Sant Ildefons - Dàlia"
      }
    },
    {
      "type": "Feature",
      "geometry": {
        "type": "Point",
        "coordinates": [
          2.081165,
          41.360524
        ]
      },
      "properties": {
        "routes": [
          {
            "color": "#DA291C",
            "long_name": "Pl. Catalunya / Cornellà",
            "route_type": 3,
            "short_name": "67",
            "text_color": "#FFFFFF"
          },
          {
            "color": "#DA291C",
            "long_name": "Circular Cornellà 1",
            "route_type": 3,
            "short_name": "95",
            "text_color": "#FFFFFF"
          }
        ],
        "stop_id": "2.1199.675526",
        "stop_name": "Av Sant Ildefons - Marfull"
      }
    },
    {
      "type": "Feature",
      "geometry": {
        "type": "Point",
        "coordinates": [
          2.07278,
          41.361136
        ]
      },
      "properties": {
        "routes": [
          {
            "color": "#DA291C",
            "long_name": "Hospital Clínic / Cornellà",
            "route_type": 3,
            "short_name": "68",
            "text_color": "#FFFFFF"
          },
          {
            "color": "#DA291C",
            "long_name": "Circular Cornellà 2",
            "route_type": 3,
            "short_name": "94",
            "text_color": "#FFFFFF"
          }
        ],
        "stop_id": "2.1200.691585",
        "stop_name": "Ctra d'Esplugues - La Miranda"
      }
    },
    {
      "type": "Feature",
      "geometry": {
        "type": "Point",
        "coordinates": [
          2.075946,
          41.364401
        ]
      },
      "properties": {
        "routes": [
          {
            "color": "#DA291C",
            "long_name": "Hospital Clínic / Cornellà",
            "route_type": 3,
            "short_name": "68",
            "text_color": "#FFFFFF"
          },
          {
            "color": "#DA291C",
            "long_name": "Circular Cornellà 2",
            "route_type": 3,
            "short_name": "94",
            "text_color": "#FFFFFF"
          }
        ],
        "stop_id": "2.1201.691587",
        "stop_name": "Ctra d'Esplugues - Pl del Sol"
      }
    },
    {
      "type": "Feature",
      "geometry": {
        "type": "Point",
        "coordinates": [
          2.082789,
          41.365504
        ]
      },
      "properties": {
        "routes": [
          {
            "color": "#DA291C",
            "long_name": "Pl. Catalunya / Cornellà",
            "route_type": 3,
            "short_name": "67",
            "text_color": "#FFFFFF"
          },
          {
            "color": "#DA291C",
            "long_name": "Circular Cornellà 2",
            "route_type": 3,
            "short_name": "94",
            "text_color": "#FFFFFF"
          }
        ],
        "stop_id": "2.1202.691687",
        "stop_name": "Av de Sant Ildefons - Avet"
      }
    },
    {
      "type": "Feature",
      "geometry": {
        "type": "Point",
        "coordinates": [
          2.08028,
          41.367453
        ]
      },
      "properties": {
        "routes": [
          {
            "color": "#DA291C",
            "long_name": "Pl. Catalunya / Cornellà",
            "route_type": 3,
            "short_name": "67",
            "text_color": "#FFFFFF"
          }
        ],
        "stop_id": "2.1203.699486",
        "stop_name": "Av de Sant Ildefons - Ctra d'Esplugues"
      }
    },
    {
      "type": "Feature",
      "geometry": {
        "type": "Point",
        "coordinates": [
          2.161799,
          41.393336
        ]
      },
      "properties": {
        "routes": [
          {
            "color": "#003888",
            "long_name": "Pl. Sants / Olímpic de Badalona",
            "route_type": 3,
            "short_name": "H10",
            "text_color": "#FFFFFF"
          }
        ],
        "stop_id": "2.1207.674799",
        "stop_name": "Mallorca - Pg de Gràcia"
      }
    },
    {
      "type": "Feature",
      "geometry": {
        "type": "Point",
        "coordinates": [
          2.168831,
          41.387575
        ]
      },
      "properties": {
        "routes": [
          {
            "color": "#DA291C",
            "long_name": "Pl. Catalunya / El Carmel",
            "route_type": 3,
            "short_name": "24",
            "text_color": "#FFFFFF"
          }
        ],
        "stop_id": "2.1208.687703",
        "stop_name": "Pl Catalunya - Rambla Catalunya - Final de traject"
      }
    },
    {
      "type": "Feature",
      "geometry": {
        "type": "Point",
        "coordinates": [
          2.166431,
          41.387931
        ]
      },
      "properties": {
        "routes": [
          {
            "color": "#DA291C",
            "long_name": "Pl. Catalunya / Collblanc",
            "route_type": 3,
            "short_name": "52",
            "text_color": "#FFFFFF"
          },
          {
            "color": "#DA291C",
            "long_name": "Estació del Nord / Cardenal Reig",
            "route_type": 3,
            "short_name": "54",
            "text_color": "#FFFFFF"
          },
          {
            "color": "#DA291C",
            "long_name": "Pl. Catalunya / Cornellà",
            "route_type": 3,
            "short_name": "67",
            "text_color": "#FFFFFF"
          },
          {
            "color": "#DA291C",
            "long_name": "Fòrum / Zona Universitària",
            "route_type": 3,
            "short_name": "7",
            "text_color": "#FFFFFF"
          },
          {
            "color": "#003888",
            "long_name": "Gornal / Besòs Verneda",
            "route_type": 3,
            "short_name": "H12",
            "text_color": "#FFFFFF"
          }
        ],
        "stop_id": "2.1209.679467",
        "stop_name": "Gran Via - Balmes"
      }
    },
    {
      "type": "Feature",
      "geometry": {
        "type": "Point",
        "coordinates": [
          2.169316,
          41.387757
        ]
      },
      "properties": {
        "routes": [
          {
            "color": "#DA291C",
            "long_name": "Pl. Urquinaona / Parc de Montjuïc",
            "route_type": 3,
            "short_name": "55",
            "text_color": "#FFFFFF"
          },
          {
            "color": "#93107E",
            "long_name": "Paral·lel / Ciutat Meridiana",
            "route_type": 3,
            "short_name": "D50",
            "text_color": "#FFFFFF"
          },
          {
            "color": "#003888",
            "long_name": "Pg. Zona Franca / Fòrum Campus Besòs",
            "route_type": 3,
            "short_name": "H16",
            "text_color": "#FFFFFF"
          }
        ],
        "stop_id": "2.1210.687701",
        "stop_name": "Pl Catalunya - Pg de Gràcia"
      }
    },
    {
      "type": "Feature",
      "geometry": {
        "type": "Point",
        "coordinates": [
          2.075892,
          41.379351
        ]
      },
      "properties": {
        "routes": [
          {
            "color": "#DA291C",
            "long_name": "Collblanc / Sant Joan Despí",
            "route_type": 3,
            "short_name": "157",
            "text_color": "#FFFFFF"
          },
          {
            "color": "#DA291C",
            "long_name": "Pl.Catalunya / Sant Joan Despí",
            "route_type": 3,
            "short_name": "63",
            "text_color": "#FFFFFF"
          }
        ],
        "stop_id": "2.1211.675672",
        "stop_name": "Rambla Sant Just - Ctra Reial"
      }
    },
    {
      "type": "Feature",
      "geometry": {
        "type": "Point",
        "coordinates": [
          2.075249,
          41.38034
        ]
      },
      "properties": {
        "routes": [
          {
            "color": "#DA291C",
            "long_name": "Collblanc / Sant Joan Despí",
            "route_type": 3,
            "short_name": "157",
            "text_color": "#FFFFFF"
          },
          {
            "color": "#DA291C",
            "long_name": "Pl.Catalunya / Sant Joan Despí",
            "route_type": 3,
            "short_name": "63",
            "text_color": "#FFFFFF"
          }
        ],
        "stop_id": "2.1212.675674",
        "stop_name": "Parc de la Rambla"
      }
    },
    {
      "type": "Feature",
      "geometry": {
        "type": "Point",
        "coordinates": [
          2.184429,
          41.410324
        ]
      },
      "properties": {
        "routes": [
          {
            "color": "#DA291C",
            "long_name": "Zona Universitària / Verneda",
            "route_type": 3,
            "short_name": "33",
            "text_color": "#FFFFFF"
          },
          {
            "color": "#DA291C",
            "long_name": "Pg. Manuel Girona / Pl. Virrei Amat",
            "route_type": 3,
            "short_name": "34",
            "text_color": "#FFFFFF"
          },
          {
            "color": "#003888",
            "long_name": "Pl. Sants / Olímpic de Badalona",
            "route_type": 3,
            "short_name": "H10",
            "text_color": "#FFFFFF"
          }
        ],
        "stop_id": "2.1224.674947",
        "stop_name": "Mallorca - Rogent"
      }
    },
    {
      "type": "Feature",
      "geometry": {
        "type": "Point",
        "coordinates": [
          2.185365,
          41.390461
        ]
      },
      "properties": {
        "routes": [
          {
            "color": "#003888",
            "long_name": "Paral·lel / Sant Adrià",
            "route_type": 3,
            "short_name": "H14",
            "text_color": "#FFFFFF"
          },
          {
            "color": "#003888",
            "long_name": "Pg. Zona Franca / Fòrum Campus Besòs",
            "route_type": 3,
            "short_name": "H16",
            "text_color": "#FFFFFF"
          }
        ],
        "stop_id": "2.1226.675082",
        "stop_name": "Pg Pujades - Parc de la Ciutadella"
      }
    },
    {
      "type": "Feature",
      "geometry": {
        "type": "Point",
        "coordinates": [
          2.170428,
          41.399839
        ]
      },
      "properties": {
        "routes": [
          {
            "color": "#DA291C",
            "long_name": "Zona Universitària / Verneda",
            "route_type": 3,
            "short_name": "33",
            "text_color": "#FFFFFF"
          },
          {
            "color": "#DA291C",
            "long_name": "Pg. Manuel Girona / Pl. Virrei Amat",
            "route_type": 3,
            "short_name": "34",
            "text_color": "#FFFFFF"
          },
          {
            "color": "#003888",
            "long_name": "Pl. Sants / Olímpic de Badalona",
            "route_type": 3,
            "short_name": "H10",
            "text_color": "#FFFFFF"
          }
        ],
        "stop_id": "2.1227.689732",
        "stop_name": "Mallorca - Pg Sant Joan"
      }
    },
    {
      "type": "Feature",
      "geometry": {
        "type": "Point",
        "coordinates": [
          2.171628,
          41.398873
        ]
      },
      "properties": {
        "routes": [
          {
            "color": "#DA291C",
            "long_name": "Pl. Catalunya / Sant Genís",
            "route_type": 3,
            "short_name": "19",
            "text_color": "#FFFFFF"
          },
          {
            "color": "#DA291C",
            "long_name": "Zona Universitària / Verneda",
            "route_type": 3,
            "short_name": "33",
            "text_color": "#FFFFFF"
          },
          {
            "color": "#DA291C",
            "long_name": "Pg. Manuel Girona / Pl. Virrei Amat",
            "route_type": 3,
            "short_name": "34",
            "text_color": "#FFFFFF"
          },
          {
            "color": "#93107E",
            "long_name": "Paral·lel / Ciutat Meridiana",
            "route_type": 3,
            "short_name": "D50",
            "text_color": "#FFFFFF"
          },
          {
            "color": "#003888",
            "long_name": "Pl. Sants / Olímpic de Badalona",
            "route_type": 3,
            "short_name": "H10",
            "text_color": "#FFFFFF"
          }
        ],
        "stop_id": "2.1228.696966",
        "stop_name": "València - Pg Sant Joan"
      }
    },
    {
      "type": "Feature",
      "geometry": {
        "type": "Point",
        "coordinates": [
          2.176898,
          41.39619
        ]
      },
      "properties": {
        "routes": [
          {
            "color": "#DA291C",
            "long_name": "Pg. Manuel Girona / Poblenou",
            "route_type": 3,
            "short_name": "6",
            "text_color": "#FFFFFF"
          },
          {
            "color": "#DA291C",
            "long_name": "Fòrum / Zona Universitària",
            "route_type": 3,
            "short_name": "7",
            "text_color": "#FFFFFF"
          },
          {
            "color": "#003888",
            "long_name": "Gornal / Besòs Verneda",
            "route_type": 3,
            "short_name": "H12",
            "text_color": "#FFFFFF"
          }
        ],
        "stop_id": "2.1230.688213",
        "stop_name": "Gran Via - Roger de Flor"
      }
    },
    {
      "type": "Feature",
      "geometry": {
        "type": "Point",
        "coordinates": [
          2.171236,
          41.391937
        ]
      },
      "properties": {
        "routes": [
          {
            "color": "#DA291C",
            "long_name": "Estació del Nord / Cardenal Reig",
            "route_type": 3,
            "short_name": "54",
            "text_color": "#FFFFFF"
          },
          {
            "color": "#DA291C",
            "long_name": "Fòrum / Zona Universitària",
            "route_type": 3,
            "short_name": "7",
            "text_color": "#FFFFFF"
          },
          {
            "color": "#003888",
            "long_name": "Gornal / Besòs Verneda",
            "route_type": 3,
            "short_name": "H12",
            "text_color": "#FFFFFF"
          }
        ],
        "stop_id": "2.1246.688174",
        "stop_name": "Gran Via - Llúria"
      }
    },
    {
      "type": "Feature",
      "geometry": {
        "type": "Point",
        "coordinates": [
          2.166028,
          41.394666
        ]
      },
      "properties": {
        "routes": [
          {
            "color": "#003888",
            "long_name": "Pl. Sants / Olímpic de Badalona",
            "route_type": 3,
            "short_name": "H10",
            "text_color": "#FFFFFF"
          }
        ],
        "stop_id": "2.1247.675093",
        "stop_name": "València - Roger de Llúria"
      }
    },
    {
      "type": "Feature",
      "geometry": {
        "type": "Point",
        "coordinates": [
          2.142976,
          41.38641
        ]
      },
      "properties": {
        "routes": [
          {
            "color": "#DA291C",
            "long_name": "Estació de Sants / Roquetes",
            "route_type": 3,
            "short_name": "27",
            "text_color": "#FFFFFF"
          },
          {
            "color": "#DA291C",
            "long_name": "Poblenou / Pl. Reina Maria Cristina",
            "route_type": 3,
            "short_name": "59",
            "text_color": "#FFFFFF"
          },
          {
            "color": "#93107E",
            "long_name": "Pl. Espanya / Canyelles",
            "route_type": 3,
            "short_name": "D40",
            "text_color": "#FFFFFF"
          },
          {
            "color": "#003888",
            "long_name": "Ernest Lluch / Bon Pastor",
            "route_type": 3,
            "short_name": "H8",
            "text_color": "#FFFFFF"
          }
        ],
        "stop_id": "2.1253.674689",
        "stop_name": "Josep Tarradellas - París"
      }
    },
    {
      "type": "Feature",
      "geometry": {
        "type": "Point",
        "coordinates": [
          2.153719,
          41.378385
        ]
      },
      "properties": {
        "routes": [
          {
            "color": "#DA291C",
            "long_name": "Pl. Catalunya / Collblanc",
            "route_type": 3,
            "short_name": "52",
            "text_color": "#FFFFFF"
          },
          {
            "color": "#003888",
            "long_name": "Gornal / Besòs Verneda",
            "route_type": 3,
            "short_name": "H12",
            "text_color": "#FFFFFF"
          }
        ],
        "stop_id": "2.1254.674368",
        "stop_name": "Gran Via - Entença"
      }
    },
    {
      "type": "Feature",
      "geometry": {
        "type": "Point",
        "coordinates": [
          2.15467,
          41.377377
        ]
      },
      "properties": {
        "routes": [
          {
            "color": "#DA291C",
            "long_name": "Mercat Sant Antoni / Parc de Montjuïc",
            "route_type": 3,
            "short_name": "13",
            "text_color": "#FFFFFF"
          },
          {
            "color": "#DA291C",
            "long_name": "Pl. Urquinaona / Parc de Montjuïc",
            "route_type": 3,
            "short_name": "55",
            "text_color": "#FFFFFF"
          },
          {
            "color": "#DA291C",
            "long_name": "Manso / La Bordeta",
            "route_type": 3,
            "short_name": "91",
            "text_color": "#FFFFFF"
          }
        ],
        "stop_id": "2.1255.690665",
        "stop_name": "Sepúlveda - Rocafort"
      }
    },
    {
      "type": "Feature",
      "geometry": {
        "type": "Point",
        "coordinates": [
          2.170547,
          41.387727
        ]
      },
      "properties": {
        "routes": [
          {
            "color": "#93107E",
            "long_name": "Paral·lel / Ciutat Meridiana",
            "route_type": 3,
            "short_name": "D50",
            "text_color": "#FFFFFF"
          }
        ],
        "stop_id": "2.1257.692595",
        "stop_name": "Pl Catalunya - Ronda Sant Pere"
      }
    },
    {
      "type": "Feature",
      "geometry": {
        "type": "Point",
        "coordinates": [
          2.170423,
          41.38536
        ]
      },
      "properties": {
        "routes": [
          {
            "color": "#DA291C",
            "long_name": "Poblenou / Pl. Reina Maria Cristina",
            "route_type": 3,
            "short_name": "59",
            "text_color": "#FFFFFF"
          }
        ],
        "stop_id": "2.1258.700017",
        "stop_name": "La Rambla - Pl Catalunya"
      }
    },
    {
      "type": "Feature",
      "geometry": {
        "type": "Point",
        "coordinates": [
          2.114639,
          41.375919
        ]
      },
      "properties": {
        "routes": [
          {
            "color": "#DA291C",
            "long_name": "Collblanc / Sant Joan Despí",
            "route_type": 3,
            "short_name": "157",
            "text_color": "#FFFFFF"
          },
          {
            "color": "#DA291C",
            "long_name": "Estació del Nord / Cardenal Reig",
            "route_type": 3,
            "short_name": "54",
            "text_color": "#FFFFFF"
          },
          {
            "color": "#93107E",
            "long_name": "Pg. Marítim / Ernest Lluch",
            "route_type": 3,
            "short_name": "D20",
            "text_color": "#FFFFFF"
          },
          {
            "color": "#003888",
            "long_name": "Ernest Lluch / Bon Pastor",
            "route_type": 3,
            "short_name": "H8",
            "text_color": "#FFFFFF"
          }
        ],
        "stop_id": "2.1259.681594",
        "stop_name": "Collblanc - Cardenal Reig"
      }
    },
    {
      "type": "Feature",
      "geometry": {
        "type": "Point",
        "coordinates": [
          2.155029,
          41.400279
        ]
      },
      "properties": {
        "routes": [
          {
            "color": "#DA291C",
            "long_name": "Pl. Catalunya / El Carmel",
            "route_type": 3,
            "short_name": "22",
            "text_color": "#FFFFFF"
          },
          {
            "color": "#DA291C",
            "long_name": "Pl. Catalunya / El Carmel",
            "route_type": 3,
            "short_name": "24",
            "text_color": "#FFFFFF"
          },
          {
            "color": "#6AB023",
            "long_name": "Port Vell / Vall d'Hebron",
            "route_type": 3,
            "short_name": "V17",
            "text_color": "#FFFFFF"
          }
        ],
        "stop_id": "2.1260.676555",
        "stop_name": "Gran de Gràcia - Trav de Gràcia"
      }
    },
    {
      "type": "Feature",
      "geometry": {
        "type": "Point",
        "coordinates": [
          2.153274,
          41.401809
        ]
      },
      "properties": {
        "routes": [
          {
            "color": "#DA291C",
            "long_name": "Pl. Catalunya / El Carmel",
            "route_type": 3,
            "short_name": "22",
            "text_color": "#FFFFFF"
          },
          {
            "color": "#DA291C",
            "long_name": "Pl. Catalunya / El Carmel",
            "route_type": 3,
            "short_name": "24",
            "text_color": "#FFFFFF"
          },
          {
            "color": "#6AB023",
            "long_name": "Port Vell / Vall d'Hebron",
            "route_type": 3,
            "short_name": "V17",
            "text_color": "#FFFFFF"
          }
        ],
        "stop_id": "2.1261.674807",
        "stop_name": "Gran de Gràcia - Metro Fontana"
      }
    },
    {
      "type": "Feature",
      "geometry": {
        "type": "Point",
        "coordinates": [
          2.152082,
          41.399901
        ]
      },
      "properties": {
        "routes": [
          {
            "color": "#DA291C",
            "long_name": "Pl. Catalunya / El Carmel",
            "route_type": 3,
            "short_name": "22",
            "text_color": "#FFFFFF"
          },
          {
            "color": "#DA291C",
            "long_name": "Pl. Catalunya / El Carmel",
            "route_type": 3,
            "short_name": "24",
            "text_color": "#FFFFFF"
          },
          {
            "color": "#DA291C",
            "long_name": "Estació de Sants / Roquetes",
            "route_type": 3,
            "short_name": "27",
            "text_color": "#FFFFFF"
          },
          {
            "color": "#93107E",
            "long_name": "Pl. Espanya / Canyelles",
            "route_type": 3,
            "short_name": "D40",
            "text_color": "#FFFFFF"
          },
          {
            "color": "#6AB023",
            "long_name": "Barceloneta / Av. Tibidabo",
            "route_type": 3,
            "short_name": "V15",
            "text_color": "#FFFFFF"
          },
          {
            "color": "#6AB023",
            "long_name": "Port Vell / Vall d'Hebron",
            "route_type": 3,
            "short_name": "V17",
            "text_color": "#FFFFFF"
          }
        ],
        "stop_id": "2.1262.699661",
        "stop_name": "Pl Gal·la Placídia"
      }
    },
    {
      "type": "Feature",
      "geometry": {
        "type": "Point",
        "coordinates": [
          2.163439,
          41.39884
        ]
      },
      "properties": {
        "routes": [
          {
            "color": "#DA291C",
            "long_name": "Pg. Marítim / Canyelles",
            "route_type": 3,
            "short_name": "47",
            "text_color": "#FFFFFF"
          }
        ],
        "stop_id": "2.1263.674796",
        "stop_name": "Bruc - Còrsega"
      }
    },
    {
      "type": "Feature",
      "geometry": {
        "type": "Point",
        "coordinates": [
          2.151134,
          41.389382
        ]
      },
      "properties": {
        "routes": [
          {
            "color": "#DA291C",
            "long_name": "Esq. de l'Eixample",
            "route_type": 3,
            "short_name": "141",
            "text_color": "#FFFFFF"
          },
          {
            "color": "#DA291C",
            "long_name": "Poblenou / Pl. Reina Maria Cristina",
            "route_type": 3,
            "short_name": "59",
            "text_color": "#FFFFFF"
          },
          {
            "color": "#DA291C",
            "long_name": "Pl.Catalunya / Sant Joan Despí",
            "route_type": 3,
            "short_name": "63",
            "text_color": "#FFFFFF"
          },
          {
            "color": "#6AB023",
            "long_name": "Estació Marítima (WTC) / Bonanova",
            "route_type": 3,
            "short_name": "V11",
            "text_color": "#FFFFFF"
          },
          {
            "color": "#010101",
            "long_name": "BCN Centre-F.Macià / BCN Centre-Glòries",
            "route_type": 3,
            "short_name": "X1",
            "text_color": "#FFFFFF"
          }
        ],
        "stop_id": "2.1264.674612",
        "stop_name": "Villarroel - Hospital Clínic"
      }
    },
    {
      "type": "Feature",
      "geometry": {
        "type": "Point",
        "coordinates": [
          2.165655,
          41.402074
        ]
      },
      "properties": {
        "routes": [
          {
            "color": "#DA291C",
            "long_name": "Pg. Marítim / Canyelles",
            "route_type": 3,
            "short_name": "47",
            "text_color": "#FFFFFF"
          },
          {
            "color": "#003888",
            "long_name": "Ernest Lluch / Bon Pastor",
            "route_type": 3,
            "short_name": "H8",
            "text_color": "#FFFFFF"
          },
          {
            "color": "#6AB023",
            "long_name": "Barceloneta / Pl. Alfonso Comín",
            "route_type": 3,
            "short_name": "V19",
            "text_color": "#FFFFFF"
          }
        ],
        "stop_id": "2.1265.699760",
        "stop_name": "Pg de Sant Joan - Còrsega"
      }
    },
    {
      "type": "Feature",
      "geometry": {
        "type": "Point",
        "coordinates": [
          2.147954,
          41.385099
        ]
      },
      "properties": {
        "routes": [
          {
            "color": "#DA291C",
            "long_name": "Esq. de l'Eixample",
            "route_type": 3,
            "short_name": "141",
            "text_color": "#FFFFFF"
          }
        ],
        "stop_id": "2.1267.696832",
        "stop_name": "Calàbria - Provença"
      }
    },
    {
      "type": "Feature",
      "geometry": {
        "type": "Point",
        "coordinates": [
          2.153439,
          41.391059
        ]
      },
      "properties": {
        "routes": [
          {
            "color": "#DA291C",
            "long_name": "Estació del Nord / Cardenal Reig",
            "route_type": 3,
            "short_name": "54",
            "text_color": "#FFFFFF"
          },
          {
            "color": "#DA291C",
            "long_name": "Hospital Clínic / Cornellà",
            "route_type": 3,
            "short_name": "68",
            "text_color": "#FFFFFF"
          },
          {
            "color": "#6AB023",
            "long_name": "Pl. Catalunya / Av. Tibidabo",
            "route_type": 3,
            "short_name": "V13",
            "text_color": "#FFFFFF"
          }
        ],
        "stop_id": "2.1268.689013",
        "stop_name": "Muntaner - Rosselló"
      }
    },
    {
      "type": "Feature",
      "geometry": {
        "type": "Point",
        "coordinates": [
          2.169525,
          41.386552
        ]
      },
      "properties": {
        "routes": [
          {
            "color": "#6AB023",
            "long_name": "Pl. Catalunya / Av. Tibidabo",
            "route_type": 3,
            "short_name": "V13",
            "text_color": "#FFFFFF"
          }
        ],
        "stop_id": "2.1271.675212",
        "stop_name": "Pl Catalunya - Bergara - Final de trajecte"
      }
    },
    {
      "type": "Feature",
      "geometry": {
        "type": "Point",
        "coordinates": [
          2.192181,
          41.390944
        ]
      },
      "properties": {
        "routes": [
          {
            "color": "#DA291C",
            "long_name": "Pg. Marítim / Verneda",
            "route_type": 3,
            "short_name": "136",
            "text_color": "#FFFFFF"
          },
          {
            "color": "#003888",
            "long_name": "Pg. Zona Franca / Fòrum Campus Besòs",
            "route_type": 3,
            "short_name": "H16",
            "text_color": "#FFFFFF"
          },
          {
            "color": "#6AB023",
            "long_name": "Pg. Marítim / Montbau",
            "route_type": 3,
            "short_name": "V21",
            "text_color": "#FFFFFF"
          }
        ],
        "stop_id": "2.1278.677957",
        "stop_name": "Marina - Doctor Trueta"
      }
    },
    {
      "type": "Feature",
      "geometry": {
        "type": "Point",
        "coordinates": [
          2.175618,
          41.378726
        ]
      },
      "properties": {
        "routes": [
          {
            "color": "#DA291C",
            "long_name": "Poblenou / Pl. Reina Maria Cristina",
            "route_type": 3,
            "short_name": "59",
            "text_color": "#FFFFFF"
          }
        ],
        "stop_id": "2.1289.700020",
        "stop_name": "La Rambla - Pl del Teatre"
      }
    },
    {
      "type": "Feature",
      "geometry": {
        "type": "Point",
        "coordinates": [
          2.173076,
          41.381611
        ]
      },
      "properties": {
        "routes": [
          {
            "color": "#DA291C",
            "long_name": "Poblenou / Pl. Reina Maria Cristina",
            "route_type": 3,
            "short_name": "59",
            "text_color": "#FFFFFF"
          }
        ],
        "stop_id": "2.1290.700019",
        "stop_name": "La Rambla - Liceu"
      }
    },
    {
      "type": "Feature",
      "geometry": {
        "type": "Point",
        "coordinates": [
          2.175937,
          41.403954
        ]
      },
      "properties": {
        "routes": [
          {
            "color": "#DA291C",
            "long_name": "Pl. Catalunya / Sant Genís",
            "route_type": 3,
            "short_name": "19",
            "text_color": "#FFFFFF"
          },
          {
            "color": "#DA291C",
            "long_name": "Zona Universitària / Verneda",
            "route_type": 3,
            "short_name": "33",
            "text_color": "#FFFFFF"
          },
          {
            "color": "#DA291C",
            "long_name": "Pg. Manuel Girona / Pl. Virrei Amat",
            "route_type": 3,
            "short_name": "34",
            "text_color": "#FFFFFF"
          },
          {
            "color": "#93107E",
            "long_name": "Paral·lel / Ciutat Meridiana",
            "route_type": 3,
            "short_name": "D50",
            "text_color": "#FFFFFF"
          },
          {
            "color": "#003888",
            "long_name": "Pl. Sants / Olímpic de Badalona",
            "route_type": 3,
            "short_name": "H10",
            "text_color": "#FFFFFF"
          }
        ],
        "stop_id": "2.1297.689817",
        "stop_name": "Mallorca - Marina"
      }
    },
    {
      "type": "Feature",
      "geometry": {
        "type": "Point",
        "coordinates": [
          2.180295,
          41.398739
        ]
      },
      "properties": {
        "routes": [
          {
            "color": "#DA291C",
            "long_name": "Pg. Manuel Girona / Poblenou",
            "route_type": 3,
            "short_name": "6",
            "text_color": "#FFFFFF"
          },
          {
            "color": "#DA291C",
            "long_name": "Fòrum / Zona Universitària",
            "route_type": 3,
            "short_name": "7",
            "text_color": "#FFFFFF"
          },
          {
            "color": "#003888",
            "long_name": "Gornal / Besòs Verneda",
            "route_type": 3,
            "short_name": "H12",
            "text_color": "#FFFFFF"
          }
        ],
        "stop_id": "2.1298.688193",
        "stop_name": "Gran Via - Sardenya"
      }
    },
    {
      "type": "Feature",
      "geometry": {
        "type": "Point",
        "coordinates": [
          2.187546,
          41.393584
        ]
      },
      "properties": {
        "routes": [
          {
            "color": "#003888",
            "long_name": "Paral·lel / Sant Adrià",
            "route_type": 3,
            "short_name": "H14",
            "text_color": "#FFFFFF"
          }
        ],
        "stop_id": "2.1302.690734",
        "stop_name": "Buenaventura Muñoz - Sardenya"
      }
    },
    {
      "type": "Feature",
      "geometry": {
        "type": "Point",
        "coordinates": [
          2.180784,
          41.415155
        ]
      },
      "properties": {
        "routes": [
          {
            "color": "#DA291C",
            "long_name": "Pl. Catalunya / Sant Genís",
            "route_type": 3,
            "short_name": "19",
            "text_color": "#FFFFFF"
          },
          {
            "color": "#DA291C",
            "long_name": "Pl. Congrés / Can Baró",
            "route_type": 3,
            "short_name": "191",
            "text_color": "#FFFFFF"
          },
          {
            "color": "#DA291C",
            "long_name": "Pg. Marítim / Canyelles",
            "route_type": 3,
            "short_name": "47",
            "text_color": "#FFFFFF"
          },
          {
            "color": "#93107E",
            "long_name": "Paral·lel / Ciutat Meridiana",
            "route_type": 3,
            "short_name": "D50",
            "text_color": "#FFFFFF"
          }
        ],
        "stop_id": "2.1305.683485",
        "stop_name": "Pg Maragall - Indústria"
      }
    },
    {
      "type": "Feature",
      "geometry": {
        "type": "Point",
        "coordinates": [
          2.172795,
          41.40909
        ]
      },
      "properties": {
        "routes": [
          {
            "color": "#6AB023",
            "long_name": "Pg. Marítim / Montbau",
            "route_type": 3,
            "short_name": "V21",
            "text_color": "#FFFFFF"
          }
        ],
        "stop_id": "2.1306.699745",
        "stop_name": "Padilla - Indústria"
      }
    },
    {
      "type": "Feature",
      "geometry": {
        "type": "Point",
        "coordinates": [
          2.163188,
          41.403929
        ]
      },
      "properties": {
        "routes": [
          {
            "color": "#6AB023",
            "long_name": "Barceloneta / Pl. Alfonso Comín",
            "route_type": 3,
            "short_name": "V19",
            "text_color": "#FFFFFF"
          }
        ],
        "stop_id": "2.1307.675348",
        "stop_name": "Pg de Sant Joan - Trav de Gràcia"
      }
    },
    {
      "type": "Feature",
      "geometry": {
        "type": "Point",
        "coordinates": [
          2.14488,
          41.371705
        ]
      },
      "properties": {
        "routes": [
          {
            "color": "#DA291C",
            "long_name": "Hospital Clínic / Polígon Zona Franca",
            "route_type": 3,
            "short_name": "109",
            "text_color": "#FFFFFF"
          },
          {
            "color": "#DA291C",
            "long_name": "Pl. Espanya / Aeroport BCN",
            "route_type": 3,
            "short_name": "46",
            "text_color": "#FFFFFF"
          },
          {
            "color": "#DA291C",
            "long_name": "Pl. Espanya / El Prat",
            "route_type": 3,
            "short_name": "65",
            "text_color": "#FFFFFF"
          },
          {
            "color": "#DA291C",
            "long_name": "Manso / La Bordeta",
            "route_type": 3,
            "short_name": "91",
            "text_color": "#FFFFFF"
          },
          {
            "color": "#003888",
            "long_name": "Gornal / Besòs Verneda",
            "route_type": 3,
            "short_name": "H12",
            "text_color": "#FFFFFF"
          },
          {
            "color": "#003888",
            "long_name": "Pg. Zona Franca / Fòrum Campus Besòs",
            "route_type": 3,
            "short_name": "H16",
            "text_color": "#FFFFFF"
          }
        ],
        "stop_id": "2.1310.689969",
        "stop_name": "Gran Via - Santa Dorotea"
      }
    },
    {
      "type": "Feature",
      "geometry": {
        "type": "Point",
        "coordinates": [
          2.174058,
          41.400688
        ]
      },
      "properties": {
        "routes": [
          {
            "color": "#DA291C",
            "long_name": "Pl. Catalunya / Sant Genís",
            "route_type": 3,
            "short_name": "19",
            "text_color": "#FFFFFF"
          },
          {
            "color": "#DA291C",
            "long_name": "Zona Universitària / Verneda",
            "route_type": 3,
            "short_name": "33",
            "text_color": "#FFFFFF"
          },
          {
            "color": "#DA291C",
            "long_name": "Pg. Manuel Girona / Pl. Virrei Amat",
            "route_type": 3,
            "short_name": "34",
            "text_color": "#FFFFFF"
          },
          {
            "color": "#93107E",
            "long_name": "Paral·lel / Ciutat Meridiana",
            "route_type": 3,
            "short_name": "D50",
            "text_color": "#FFFFFF"
          },
          {
            "color": "#003888",
            "long_name": "Pl. Sants / Olímpic de Badalona",
            "route_type": 3,
            "short_name": "H10",
            "text_color": "#FFFFFF"
          }
        ],
        "stop_id": "2.1318.674380",
        "stop_name": "València - Diagonal"
      }
    },
    {
      "type": "Feature",
      "geometry": {
        "type": "Point",
        "coordinates": [
          2.177304,
          41.396101
        ]
      },
      "properties": {
        "routes": [
          {
            "color": "#DA291C",
            "long_name": "Pg. Manuel Girona / Poblenou",
            "route_type": 3,
            "short_name": "6",
            "text_color": "#FFFFFF"
          },
          {
            "color": "#DA291C",
            "long_name": "Fòrum / Zona Universitària",
            "route_type": 3,
            "short_name": "7",
            "text_color": "#FFFFFF"
          },
          {
            "color": "#003888",
            "long_name": "Gornal / Besòs Verneda",
            "route_type": 3,
            "short_name": "H12",
            "text_color": "#FFFFFF"
          }
        ],
        "stop_id": "2.1319.688040",
        "stop_name": "Gran Via - Roger de Flor"
      }
    },
    {
      "type": "Feature",
      "geometry": {
        "type": "Point",
        "coordinates": [
          2.143169,
          41.354767
        ]
      },
      "properties": {
        "routes": [
          {
            "color": "#DA291C",
            "long_name": "Hospital Clínic / Polígon Zona Franca",
            "route_type": 3,
            "short_name": "109",
            "text_color": "#FFFFFF"
          },
          {
            "color": "#DA291C",
            "long_name": "Pl. Espanya / Parc Logístic",
            "route_type": 3,
            "short_name": "23",
            "text_color": "#FFFFFF"
          },
          {
            "color": "#003888",
            "long_name": "Pg. Zona Franca / Fòrum Campus Besòs",
            "route_type": 3,
            "short_name": "H16",
            "text_color": "#FFFFFF"
          },
          {
            "color": "#6AB023",
            "long_name": "Zona Franca / Can Caralleu",
            "route_type": 3,
            "short_name": "V3",
            "text_color": "#FFFFFF"
          }
        ],
        "stop_id": "2.1323.675012",
        "stop_name": "Pg Zona Franca - Cisell"
      }
    },
    {
      "type": "Feature",
      "geometry": {
        "type": "Point",
        "coordinates": [
          2.17464,
          41.374788
        ]
      },
      "properties": {
        "routes": [
          {
            "color": "#DA291C",
            "long_name": "Paral·lel / El Prat",
            "route_type": 3,
            "short_name": "21",
            "text_color": "#FFFFFF"
          },
          {
            "color": "#93107E",
            "long_name": "Pg. Marítim / Ernest Lluch",
            "route_type": 3,
            "short_name": "D20",
            "text_color": "#FFFFFF"
          },
          {
            "color": "#003888",
            "long_name": "Paral·lel / Sant Adrià",
            "route_type": 3,
            "short_name": "H14",
            "text_color": "#FFFFFF"
          },
          {
            "color": "#6AB023",
            "long_name": "Estació Marítima (WTC) / Bonanova",
            "route_type": 3,
            "short_name": "V11",
            "text_color": "#FFFFFF"
          }
        ],
        "stop_id": "2.1326.693753",
        "stop_name": "Paral·lel - Drassanes"
      }
    },
    {
      "type": "Feature",
      "geometry": {
        "type": "Point",
        "coordinates": [
          2.162517,
          41.406114
        ]
      },
      "properties": {
        "routes": [
          {
            "color": "#DA291C",
            "long_name": "Pl. Urquinaona / Pl. Catalana",
            "route_type": 3,
            "short_name": "39",
            "text_color": "#FFFFFF"
          }
        ],
        "stop_id": "2.1335.679022",
        "stop_name": "Escorial - Pl Joanic"
      }
    },
    {
      "type": "Feature",
      "geometry": {
        "type": "Point",
        "coordinates": [
          2.18514,
          41.428613
        ]
      },
      "properties": {
        "routes": [
          {
            "color": "#DA291C",
            "long_name": "Pg. Manuel Girona / Pl. Virrei Amat",
            "route_type": 3,
            "short_name": "34",
            "text_color": "#FFFFFF"
          },
          {
            "color": "#003888",
            "long_name": "Zona Universitària / Onze de Setembre",
            "route_type": 3,
            "short_name": "H6",
            "text_color": "#FFFFFF"
          }
        ],
        "stop_id": "2.1339.674546",
        "stop_name": "Dublín - Meridiana"
      }
    },
    {
      "type": "Feature",
      "geometry": {
        "type": "Point",
        "coordinates": [
          2.121489,
          41.37605
        ]
      },
      "properties": {
        "routes": [
          {
            "color": "#DA291C",
            "long_name": "Pl. Catalunya / Collblanc",
            "route_type": 3,
            "short_name": "52",
            "text_color": "#FFFFFF"
          }
        ],
        "stop_id": "2.1361.690118",
        "stop_name": "Riera Blanca - Trav de les Corts - Final trajecte"
      }
    },
    {
      "type": "Feature",
      "geometry": {
        "type": "Point",
        "coordinates": [
          2.130779,
          41.375223
        ]
      },
      "properties": {
        "routes": [
          {
            "color": "#DA291C",
            "long_name": "Rambla de Badal / Bonanova",
            "route_type": 3,
            "short_name": "70",
            "text_color": "#FFFFFF"
          }
        ],
        "stop_id": "2.1362.688312",
        "stop_name": "Badal - Sants"
      }
    },
    {
      "type": "Feature",
      "geometry": {
        "type": "Point",
        "coordinates": [
          2.128986,
          41.378894
        ]
      },
      "properties": {
        "routes": [
          {
            "color": "#DA291C",
            "long_name": "Rambla de Badal / Bonanova",
            "route_type": 3,
            "short_name": "70",
            "text_color": "#FFFFFF"
          }
        ],
        "stop_id": "2.1363.675277",
        "stop_name": "Rambla del Brasil - Violant d'Hongria"
      }
    },
    {
      "type": "Feature",
      "geometry": {
        "type": "Point",
        "coordinates": [
          2.136604,
          41.375438
        ]
      },
      "properties": {
        "routes": [
          {
            "color": "#DA291C",
            "long_name": "Pl. Catalunya / Collblanc",
            "route_type": 3,
            "short_name": "52",
            "text_color": "#FFFFFF"
          },
          {
            "color": "#93107E",
            "long_name": "Pg. Marítim / Ernest Lluch",
            "route_type": 3,
            "short_name": "D20",
            "text_color": "#FFFFFF"
          }
        ],
        "stop_id": "2.1364.676375",
        "stop_name": "Metro Pl de Sants"
      }
    },
    {
      "type": "Feature",
      "geometry": {
        "type": "Point",
        "coordinates": [
          2.139312,
          41.375385
        ]
      },
      "properties": {
        "routes": [
          {
            "color": "#DA291C",
            "long_name": "Pl. Catalunya / Collblanc",
            "route_type": 3,
            "short_name": "52",
            "text_color": "#FFFFFF"
          },
          {
            "color": "#93107E",
            "long_name": "Pg. Marítim / Ernest Lluch",
            "route_type": 3,
            "short_name": "D20",
            "text_color": "#FFFFFF"
          }
        ],
        "stop_id": "2.1365.674933",
        "stop_name": "Sants - Premià"
      }
    },
    {
      "type": "Feature",
      "geometry": {
        "type": "Point",
        "coordinates": [
          2.161561,
          41.381507
        ]
      },
      "properties": {
        "routes": [
          {
            "color": "#DA291C",
            "long_name": "Ciutat Vella",
            "route_type": 3,
            "short_name": "120",
            "text_color": "#FFFFFF"
          },
          {
            "color": "#DA291C",
            "long_name": "Esq. de l'Eixample",
            "route_type": 3,
            "short_name": "141",
            "text_color": "#FFFFFF"
          },
          {
            "color": "#DA291C",
            "long_name": "Pl. Urquinaona / Parc de Montjuïc",
            "route_type": 3,
            "short_name": "55",
            "text_color": "#FFFFFF"
          },
          {
            "color": "#93107E",
            "long_name": "Paral·lel / Ciutat Meridiana",
            "route_type": 3,
            "short_name": "D50",
            "text_color": "#FFFFFF"
          },
          {
            "color": "#003888",
            "long_name": "Pg. Zona Franca / Fòrum Campus Besòs",
            "route_type": 3,
            "short_name": "H16",
            "text_color": "#FFFFFF"
          },
          {
            "color": "#6AB023",
            "long_name": "Estació Marítima (WTC) / Bonanova",
            "route_type": 3,
            "short_name": "V11",
            "text_color": "#FFFFFF"
          }
        ],
        "stop_id": "2.1366.692575",
        "stop_name": "Villarroel - Sepúlveda"
      }
    },
    {
      "type": "Feature",
      "geometry": {
        "type": "Point",
        "coordinates": [
          2.155468,
          41.374889
        ]
      },
      "properties": {
        "routes": [
          {
            "color": "#93107E",
            "long_name": "Pg. Marítim / Ernest Lluch",
            "route_type": 3,
            "short_name": "D20",
            "text_color": "#FFFFFF"
          }
        ],
        "stop_id": "2.1367.690900",
        "stop_name": "Paral·lel - Tamarit"
      }
    },
    {
      "type": "Feature",
      "geometry": {
        "type": "Point",
        "coordinates": [
          2.155173,
          41.374199
        ]
      },
      "properties": {
        "routes": [
          {
            "color": "#DA291C",
            "long_name": "Pl. Urquinaona / Parc de Montjuïc",
            "route_type": 3,
            "short_name": "55",
            "text_color": "#FFFFFF"
          }
        ],
        "stop_id": "2.1368.697331",
        "stop_name": "Tamarit - Lleida"
      }
    },
    {
      "type": "Feature",
      "geometry": {
        "type": "Point",
        "coordinates": [
          2.154201,
          41.374508
        ]
      },
      "properties": {
        "routes": [
          {
            "color": "#DA291C",
            "long_name": "Pl. Espanya / Castell de Montjuïc",
            "route_type": 3,
            "short_name": "150",
            "text_color": "#FFFFFF"
          },
          {
            "color": "#DA291C",
            "long_name": "Pl. Urquinaona / Parc de Montjuïc",
            "route_type": 3,
            "short_name": "55",
            "text_color": "#FFFFFF"
          },
          {
            "color": "#010101",
            "long_name": "Paral·lel - L'Hospitalet (Av. Carrilet)",
            "route_type": 3,
            "short_name": "X3",
            "text_color": "#FFFFFF"
          }
        ],
        "stop_id": "2.1369.692808",
        "stop_name": "Lleida - Av Paral·lel"
      }
    },
    {
      "type": "Feature",
      "geometry": {
        "type": "Point",
        "coordinates": [
          2.158372,
          41.377237
        ]
      },
      "properties": {
        "routes": [
          {
            "color": "#DA291C",
            "long_name": "Ciutat Vella",
            "route_type": 3,
            "short_name": "120",
            "text_color": "#FFFFFF"
          },
          {
            "color": "#DA291C",
            "long_name": "Mercat Sant Antoni / Parc de Montjuïc",
            "route_type": 3,
            "short_name": "13",
            "text_color": "#FFFFFF"
          },
          {
            "color": "#DA291C",
            "long_name": "Manso / La Bordeta",
            "route_type": 3,
            "short_name": "91",
            "text_color": "#FFFFFF"
          }
        ],
        "stop_id": "2.1370.683093",
        "stop_name": "Calàbria - Av Mistral"
      }
    },
    {
      "type": "Feature",
      "geometry": {
        "type": "Point",
        "coordinates": [
          2.123687,
          41.378573
        ]
      },
      "properties": {
        "routes": [
          {
            "color": "#DA291C",
            "long_name": "Pl. Catalunya / Collblanc",
            "route_type": 3,
            "short_name": "52",
            "text_color": "#FFFFFF"
          },
          {
            "color": "#DA291C",
            "long_name": "Estació del Nord / Cardenal Reig",
            "route_type": 3,
            "short_name": "54",
            "text_color": "#FFFFFF"
          },
          {
            "color": "#93107E",
            "long_name": "Pg. Marítim / Ernest Lluch",
            "route_type": 3,
            "short_name": "D20",
            "text_color": "#FFFFFF"
          }
        ],
        "stop_id": "2.1373.675271",
        "stop_name": "Arizala - Les Corts"
      }
    },
    {
      "type": "Feature",
      "geometry": {
        "type": "Point",
        "coordinates": [
          2.126945,
          41.387436
        ]
      },
      "properties": {
        "routes": [
          {
            "color": "#DA291C",
            "long_name": "Les Corts",
            "route_type": 3,
            "short_name": "175",
            "text_color": "#FFFFFF"
          },
          {
            "color": "#DA291C",
            "long_name": "Rambla de Badal / Bonanova",
            "route_type": 3,
            "short_name": "70",
            "text_color": "#FFFFFF"
          },
          {
            "color": "#6AB023",
            "long_name": "Zona Franca / Can Caralleu",
            "route_type": 3,
            "short_name": "V3",
            "text_color": "#FFFFFF"
          },
          {
            "color": "#6AB023",
            "long_name": "Mare de Déu de Port / Pedralbes",
            "route_type": 3,
            "short_name": "V5",
            "text_color": "#FFFFFF"
          }
        ],
        "stop_id": "2.1376.695931",
        "stop_name": "Carles III - Maria Cristina"
      }
    },
    {
      "type": "Feature",
      "geometry": {
        "type": "Point",
        "coordinates": [
          2.137775,
          41.386253
        ]
      },
      "properties": {
        "routes": [
          {
            "color": "#DA291C",
            "long_name": "Estació de Sants / Sant Joan Despí",
            "route_type": 3,
            "short_name": "78",
            "text_color": "#FFFFFF"
          },
          {
            "color": "#6AB023",
            "long_name": "Pl. Espanya / Sarrià",
            "route_type": 3,
            "short_name": "V7",
            "text_color": "#FFFFFF"
          }
        ],
        "stop_id": "2.1377.688003",
        "stop_name": "Nicaragua - Parc Les Corts"
      }
    },
    {
      "type": "Feature",
      "geometry": {
        "type": "Point",
        "coordinates": [
          2.127233,
          41.384214
        ]
      },
      "properties": {
        "routes": [
          {
            "color": "#DA291C",
            "long_name": "Les Corts",
            "route_type": 3,
            "short_name": "175",
            "text_color": "#FFFFFF"
          },
          {
            "color": "#DA291C",
            "long_name": "Poblenou / Pl. Reina Maria Cristina",
            "route_type": 3,
            "short_name": "59",
            "text_color": "#FFFFFF"
          },
          {
            "color": "#DA291C",
            "long_name": "Rambla de Badal / Bonanova",
            "route_type": 3,
            "short_name": "70",
            "text_color": "#FFFFFF"
          },
          {
            "color": "#6AB023",
            "long_name": "Zona Franca / Can Caralleu",
            "route_type": 3,
            "short_name": "V3",
            "text_color": "#FFFFFF"
          },
          {
            "color": "#6AB023",
            "long_name": "Mare de Déu de Port / Pedralbes",
            "route_type": 3,
            "short_name": "V5",
            "text_color": "#FFFFFF"
          }
        ],
        "stop_id": "2.1378.675293",
        "stop_name": "Carles III - Mejía Lequerica"
      }
    },
    {
      "type": "Feature",
      "geometry": {
        "type": "Point",
        "coordinates": [
          2.129228,
          41.37998
        ]
      },
      "properties": {
        "routes": [
          {
            "color": "#DA291C",
            "long_name": "Les Corts",
            "route_type": 3,
            "short_name": "175",
            "text_color": "#FFFFFF"
          },
          {
            "color": "#DA291C",
            "long_name": "Rambla de Badal / Bonanova",
            "route_type": 3,
            "short_name": "70",
            "text_color": "#FFFFFF"
          }
        ],
        "stop_id": "2.1379.675276",
        "stop_name": "Gran Via Carles III - Av Madrid"
      }
    },
    {
      "type": "Feature",
      "geometry": {
        "type": "Point",
        "coordinates": [
          2.132859,
          41.389153
        ]
      },
      "properties": {
        "routes": [
          {
            "color": "#DA291C",
            "long_name": "Estació de Sants / Sant Joan Despí",
            "route_type": 3,
            "short_name": "78",
            "text_color": "#FFFFFF"
          },
          {
            "color": "#6AB023",
            "long_name": "Pl. Espanya / Sarrià",
            "route_type": 3,
            "short_name": "V7",
            "text_color": "#FFFFFF"
          }
        ],
        "stop_id": "2.1380.681532",
        "stop_name": "Numància - Diagonal"
      }
    },
    {
      "type": "Feature",
      "geometry": {
        "type": "Point",
        "coordinates": [
          2.139463,
          41.388533
        ]
      },
      "properties": {
        "routes": [
          {
            "color": "#DA291C",
            "long_name": "Estació de Sants / Sant Joan Despí",
            "route_type": 3,
            "short_name": "78",
            "text_color": "#FFFFFF"
          },
          {
            "color": "#6AB023",
            "long_name": "Poble-sec / Sarrià",
            "route_type": 3,
            "short_name": "V9",
            "text_color": "#FFFFFF"
          }
        ],
        "stop_id": "2.1381.687648",
        "stop_name": "Entença - Montnegre"
      }
    },
    {
      "type": "Feature",
      "geometry": {
        "type": "Point",
        "coordinates": [
          2.185399,
          41.384839
        ]
      },
      "properties": {
        "routes": [
          {
            "color": "#003888",
            "long_name": "Paral·lel / Sant Adrià",
            "route_type": 3,
            "short_name": "H14",
            "text_color": "#FFFFFF"
          },
          {
            "color": "#6AB023",
            "long_name": "Port Vell / Vall d'Hebron",
            "route_type": 3,
            "short_name": "V17",
            "text_color": "#FFFFFF"
          },
          {
            "color": "#6AB023",
            "long_name": "Barceloneta / Pl. Alfonso Comín",
            "route_type": 3,
            "short_name": "V19",
            "text_color": "#FFFFFF"
          }
        ],
        "stop_id": "2.1382.674625",
        "stop_name": "Estació de França"
      }
    },
    {
      "type": "Feature",
      "geometry": {
        "type": "Point",
        "coordinates": [
          2.150395,
          41.395208
        ]
      },
      "properties": {
        "routes": [
          {
            "color": "#6AB023",
            "long_name": "Pl. Catalunya / Av. Tibidabo",
            "route_type": 3,
            "short_name": "V13",
            "text_color": "#FFFFFF"
          }
        ],
        "stop_id": "2.1386.679573",
        "stop_name": "Aribau - Diagonal"
      }
    },
    {
      "type": "Feature",
      "geometry": {
        "type": "Point",
        "coordinates": [
          2.152383,
          41.399203
        ]
      },
      "properties": {
        "routes": [
          {
            "color": "#DA291C",
            "long_name": "Pl. Catalunya / El Carmel",
            "route_type": 3,
            "short_name": "22",
            "text_color": "#FFFFFF"
          },
          {
            "color": "#DA291C",
            "long_name": "Pl. Catalunya / El Carmel",
            "route_type": 3,
            "short_name": "24",
            "text_color": "#FFFFFF"
          },
          {
            "color": "#6AB023",
            "long_name": "Port Vell / Vall d'Hebron",
            "route_type": 3,
            "short_name": "V17",
            "text_color": "#FFFFFF"
          }
        ],
        "stop_id": "2.1387.690492",
        "stop_name": "Gal·la Placídia"
      }
    },
    {
      "type": "Feature",
      "geometry": {
        "type": "Point",
        "coordinates": [
          2.163851,
          41.40401
        ]
      },
      "properties": {
        "routes": [
          {
            "color": "#DA291C",
            "long_name": "Pl. Urquinaona / Pl. Catalana",
            "route_type": 3,
            "short_name": "39",
            "text_color": "#FFFFFF"
          },
          {
            "color": "#6AB023",
            "long_name": "Barceloneta / Pl. Alfonso Comín",
            "route_type": 3,
            "short_name": "V19",
            "text_color": "#FFFFFF"
          }
        ],
        "stop_id": "2.1388.695665",
        "stop_name": "Pg de Sant Joan - Travessera de Gràcia"
      }
    },
    {
      "type": "Feature",
      "geometry": {
        "type": "Point",
        "coordinates": [
          2.15556,
          41.39607
        ]
      },
      "properties": {
        "routes": [
          {
            "color": "#DA291C",
            "long_name": "Pl. Catalunya / El Carmel",
            "route_type": 3,
            "short_name": "22",
            "text_color": "#FFFFFF"
          },
          {
            "color": "#DA291C",
            "long_name": "Pl. Catalunya / El Carmel",
            "route_type": 3,
            "short_name": "24",
            "text_color": "#FFFFFF"
          },
          {
            "color": "#6AB023",
            "long_name": "Barceloneta / Av. Tibidabo",
            "route_type": 3,
            "short_name": "V15",
            "text_color": "#FFFFFF"
          },
          {
            "color": "#6AB023",
            "long_name": "Port Vell / Vall d'Hebron",
            "route_type": 3,
            "short_name": "V17",
            "text_color": "#FFFFFF"
          }
        ],
        "stop_id": "2.1389.691603",
        "stop_name": "Via Augusta - Diagonal"
      }
    },
    {
      "type": "Feature",
      "geometry": {
        "type": "Point",
        "coordinates": [
          2.157307,
          41.398356
        ]
      },
      "properties": {
        "routes": [
          {
            "color": "#DA291C",
            "long_name": "Pl. Catalunya / El Carmel",
            "route_type": 3,
            "short_name": "22",
            "text_color": "#FFFFFF"
          },
          {
            "color": "#DA291C",
            "long_name": "Pl. Catalunya / El Carmel",
            "route_type": 3,
            "short_name": "24",
            "text_color": "#FFFFFF"
          },
          {
            "color": "#6AB023",
            "long_name": "Port Vell / Vall d'Hebron",
            "route_type": 3,
            "short_name": "V17",
            "text_color": "#FFFFFF"
          }
        ],
        "stop_id": "2.1391.674806",
        "stop_name": "Gran de Gràcia - Jesús"
      }
    },
    {
      "type": "Feature",
      "geometry": {
        "type": "Point",
        "coordinates": [
          2.15589,
          41.403263
        ]
      },
      "properties": {
        "routes": [
          {
            "color": "#DA291C",
            "long_name": "Gràcia / Can Baró",
            "route_type": 3,
            "short_name": "114",
            "text_color": "#FFFFFF"
          },
          {
            "color": "#DA291C",
            "long_name": "Pl. Urquinaona / Pl. Catalana",
            "route_type": 3,
            "short_name": "39",
            "text_color": "#FFFFFF"
          }
        ],
        "stop_id": "2.1394.696875",
        "stop_name": "Torrent de l'Olla - Astúries"
      }
    },
    {
      "type": "Feature",
      "geometry": {
        "type": "Point",
        "coordinates": [
          2.167011,
          41.411698
        ]
      },
      "properties": {
        "routes": [
          {
            "color": "#6AB023",
            "long_name": "Pg. Marítim / Montbau",
            "route_type": 3,
            "short_name": "V21",
            "text_color": "#FFFFFF"
          }
        ],
        "stop_id": "2.1396.674513",
        "stop_name": "Lepant - Rda Guinardó"
      }
    },
    {
      "type": "Feature",
      "geometry": {
        "type": "Point",
        "coordinates": [
          2.084743,
          41.373696
        ]
      },
      "properties": {
        "routes": [
          {
            "color": "#DA291C",
            "long_name": "Pl. Catalunya / Cornellà",
            "route_type": 3,
            "short_name": "67",
            "text_color": "#FFFFFF"
          },
          {
            "color": "#DA291C",
            "long_name": "Hospital Clínic / Cornellà",
            "route_type": 3,
            "short_name": "68",
            "text_color": "#FFFFFF"
          },
          {
            "color": "#DA291C",
            "long_name": "Estació de Sants / Sant Joan Despí",
            "route_type": 3,
            "short_name": "78",
            "text_color": "#FFFFFF"
          }
        ],
        "stop_id": "2.1411.691538",
        "stop_name": "Av de Cornellà - St Francesc Xavier"
      }
    },
    {
      "type": "Feature",
      "geometry": {
        "type": "Point",
        "coordinates": [
          2.119079,
          41.390079
        ]
      },
      "properties": {
        "routes": [
          {
            "color": "#DA291C",
            "long_name": "Pl.Catalunya / Sant Joan Despí",
            "route_type": 3,
            "short_name": "63",
            "text_color": "#FFFFFF"
          },
          {
            "color": "#DA291C",
            "long_name": "Estació de Sants / Sant Joan Despí",
            "route_type": 3,
            "short_name": "78",
            "text_color": "#FFFFFF"
          },
          {
            "color": "#6AB023",
            "long_name": "Mare de Déu de Port / Pedralbes",
            "route_type": 3,
            "short_name": "V5",
            "text_color": "#FFFFFF"
          }
        ],
        "stop_id": "2.1413.675300",
        "stop_name": "Av Pedralbes - Tòquio"
      }
    },
    {
      "type": "Feature",
      "geometry": {
        "type": "Point",
        "coordinates": [
          2.142089,
          41.381164
        ]
      },
      "properties": {
        "routes": [
          {
            "color": "#DA291C",
            "long_name": "Estació de Sants / Roquetes",
            "route_type": 3,
            "short_name": "27",
            "text_color": "#FFFFFF"
          },
          {
            "color": "#93107E",
            "long_name": "Pl. Espanya / Canyelles",
            "route_type": 3,
            "short_name": "D40",
            "text_color": "#FFFFFF"
          }
        ],
        "stop_id": "2.1414.674711",
        "stop_name": "Josep Tarradellas - Numància"
      }
    },
    {
      "type": "Feature",
      "geometry": {
        "type": "Point",
        "coordinates": [
          2.154913,
          41.395446
        ]
      },
      "properties": {
        "routes": [
          {
            "color": "#DA291C",
            "long_name": "Zona Universitària / Verneda",
            "route_type": 3,
            "short_name": "33",
            "text_color": "#FFFFFF"
          },
          {
            "color": "#DA291C",
            "long_name": "Pg. Manuel Girona / Pl. Virrei Amat",
            "route_type": 3,
            "short_name": "34",
            "text_color": "#FFFFFF"
          },
          {
            "color": "#DA291C",
            "long_name": "Pg. Manuel Girona / Poblenou",
            "route_type": 3,
            "short_name": "6",
            "text_color": "#FFFFFF"
          },
          {
            "color": "#DA291C",
            "long_name": "Fòrum / Zona Universitària",
            "route_type": 3,
            "short_name": "7",
            "text_color": "#FFFFFF"
          },
          {
            "color": "#003888",
            "long_name": "Ernest Lluch / Bon Pastor",
            "route_type": 3,
            "short_name": "H8",
            "text_color": "#FFFFFF"
          }
        ],
        "stop_id": "2.1425.690778",
        "stop_name": "Diagonal - Balmes"
      }
    },
    {
      "type": "Feature",
      "geometry": {
        "type": "Point",
        "coordinates": [
          2.122077,
          41.354971
        ]
      },
      "properties": {
        "routes": [
          {
            "color": "#DA291C",
            "long_name": "Pl. Espanya / Aeroport BCN",
            "route_type": 3,
            "short_name": "46",
            "text_color": "#FFFFFF"
          },
          {
            "color": "#DA291C",
            "long_name": "Pl. Espanya / El Prat",
            "route_type": 3,
            "short_name": "65",
            "text_color": "#FFFFFF"
          },
          {
            "color": "#003888",
            "long_name": "Gornal / Besòs Verneda",
            "route_type": 3,
            "short_name": "H12",
            "text_color": "#FFFFFF"
          }
        ],
        "stop_id": "2.1434.681618",
        "stop_name": "Av Granvia - Can Tries"
      }
    },
    {
      "type": "Feature",
      "geometry": {
        "type": "Point",
        "coordinates": [
          2.11081,
          41.375973
        ]
      },
      "properties": {
        "routes": [
          {
            "color": "#DA291C",
            "long_name": "Collblanc / Sant Joan Despí",
            "route_type": 3,
            "short_name": "157",
            "text_color": "#FFFFFF"
          }
        ],
        "stop_id": "2.1438.697845",
        "stop_name": "Ctra de Collblanc - Metro Ernest Lluch"
      }
    },
    {
      "type": "Feature",
      "geometry": {
        "type": "Point",
        "coordinates": [
          2.110329,
          41.375837
        ]
      },
      "properties": {
        "routes": [
          {
            "color": "#DA291C",
            "long_name": "Collblanc / Sant Joan Despí",
            "route_type": 3,
            "short_name": "157",
            "text_color": "#FFFFFF"
          }
        ],
        "stop_id": "2.1439.697847",
        "stop_name": "Metro Ernest Lluch"
      }
    },
    {
      "type": "Feature",
      "geometry": {
        "type": "Point",
        "coordinates": [
          2.099254,
          41.327341
        ]
      },
      "properties": {
        "routes": [
          {
            "color": "#DA291C",
            "long_name": "Paral·lel / El Prat",
            "route_type": 3,
            "short_name": "21",
            "text_color": "#FFFFFF"
          },
          {
            "color": "#010101",
            "long_name": "Prat XPRES (Pl. Espanya - Av. Remolar)",
            "route_type": 3,
            "short_name": "X2",
            "text_color": "#FFFFFF"
          }
        ],
        "stop_id": "2.1442.696058",
        "stop_name": "Av Verge de Montserrat - Ctra Marina"
      }
    },
    {
      "type": "Feature",
      "geometry": {
        "type": "Point",
        "coordinates": [
          2.094527,
          41.379549
        ]
      },
      "properties": {
        "routes": [
          {
            "color": "#DA291C",
            "long_name": "Pl.Catalunya / Sant Joan Despí",
            "route_type": 3,
            "short_name": "63",
            "text_color": "#FFFFFF"
          },
          {
            "color": "#DA291C",
            "long_name": "Pl. Catalunya / Cornellà",
            "route_type": 3,
            "short_name": "67",
            "text_color": "#FFFFFF"
          },
          {
            "color": "#DA291C",
            "long_name": "Hospital Clínic / Cornellà",
            "route_type": 3,
            "short_name": "68",
            "text_color": "#FFFFFF"
          },
          {
            "color": "#DA291C",
            "long_name": "Estació de Sants / Sant Joan Despí",
            "route_type": 3,
            "short_name": "78",
            "text_color": "#FFFFFF"
          }
        ],
        "stop_id": "2.1458.675947",
        "stop_name": "Av dels Països Catalans - David Carreras i Trias"
      }
    },
    {
      "type": "Feature",
      "geometry": {
        "type": "Point",
        "coordinates": [
          2.091657,
          41.377852
        ]
      },
      "properties": {
        "routes": [
          {
            "color": "#DA291C",
            "long_name": "Pl.Catalunya / Sant Joan Despí",
            "route_type": 3,
            "short_name": "63",
            "text_color": "#FFFFFF"
          },
          {
            "color": "#DA291C",
            "long_name": "Pl. Catalunya / Cornellà",
            "route_type": 3,
            "short_name": "67",
            "text_color": "#FFFFFF"
          },
          {
            "color": "#DA291C",
            "long_name": "Hospital Clínic / Cornellà",
            "route_type": 3,
            "short_name": "68",
            "text_color": "#FFFFFF"
          },
          {
            "color": "#DA291C",
            "long_name": "Estació de Sants / Sant Joan Despí",
            "route_type": 3,
            "short_name": "78",
            "text_color": "#FFFFFF"
          }
        ],
        "stop_id": "2.1459.676803",
        "stop_name": "Av dels Països Catalans - Laureà Miró"
      }
    },
    {
      "type": "Feature",
      "geometry": {
        "type": "Point",
        "coordinates": [
          2.086176,
          41.374844
        ]
      },
      "properties": {
        "routes": [
          {
            "color": "#DA291C",
            "long_name": "Pl. Catalunya / Cornellà",
            "route_type": 3,
            "short_name": "67",
            "text_color": "#FFFFFF"
          },
          {
            "color": "#DA291C",
            "long_name": "Hospital Clínic / Cornellà",
            "route_type": 3,
            "short_name": "68",
            "text_color": "#FFFFFF"
          },
          {
            "color": "#DA291C",
            "long_name": "Estació de Sants / Sant Joan Despí",
            "route_type": 3,
            "short_name": "78",
            "text_color": "#FFFFFF"
          }
        ],
        "stop_id": "2.1460.691558",
        "stop_name": "Av de Cornellà - 8 de Març"
      }
    },
    {
      "type": "Feature",
      "geometry": {
        "type": "Point",
        "coordinates": [
          2.088863,
          41.376825
        ]
      },
      "properties": {
        "routes": [
          {
            "color": "#DA291C",
            "long_name": "Pl. Catalunya / Cornellà",
            "route_type": 3,
            "short_name": "67",
            "text_color": "#FFFFFF"
          },
          {
            "color": "#DA291C",
            "long_name": "Hospital Clínic / Cornellà",
            "route_type": 3,
            "short_name": "68",
            "text_color": "#FFFFFF"
          },
          {
            "color": "#DA291C",
            "long_name": "Estació de Sants / Sant Joan Despí",
            "route_type": 3,
            "short_name": "78",
            "text_color": "#FFFFFF"
          }
        ],
        "stop_id": "2.1461.679714",
        "stop_name": "Av de Cornellà - Pont d'Esplugues"
      }
    },
    {
      "type": "Feature",
      "geometry": {
        "type": "Point",
        "coordinates": [
          2.163068,
          41.37925
        ]
      },
      "properties": {
        "routes": [
          {
            "color": "#DA291C",
            "long_name": "Ciutat Vella",
            "route_type": 3,
            "short_name": "120",
            "text_color": "#FFFFFF"
          },
          {
            "color": "#DA291C",
            "long_name": "Esq. de l'Eixample",
            "route_type": 3,
            "short_name": "141",
            "text_color": "#FFFFFF"
          },
          {
            "color": "#DA291C",
            "long_name": "Pl. Urquinaona / Parc de Montjuïc",
            "route_type": 3,
            "short_name": "55",
            "text_color": "#FFFFFF"
          },
          {
            "color": "#93107E",
            "long_name": "Paral·lel / Ciutat Meridiana",
            "route_type": 3,
            "short_name": "D50",
            "text_color": "#FFFFFF"
          },
          {
            "color": "#003888",
            "long_name": "Pg. Zona Franca / Fòrum Campus Besòs",
            "route_type": 3,
            "short_name": "H16",
            "text_color": "#FFFFFF"
          },
          {
            "color": "#6AB023",
            "long_name": "Estació Marítima (WTC) / Bonanova",
            "route_type": 3,
            "short_name": "V11",
            "text_color": "#FFFFFF"
          }
        ],
        "stop_id": "2.1464.699548",
        "stop_name": "Ronda Sant Antoni - Comte d'Urgell"
      }
    },
    {
      "type": "Feature",
      "geometry": {
        "type": "Point",
        "coordinates": [
          2.149643,
          41.389297
        ]
      },
      "properties": {
        "routes": [
          {
            "color": "#DA291C",
            "long_name": "Estació del Nord / Cardenal Reig",
            "route_type": 3,
            "short_name": "54",
            "text_color": "#FFFFFF"
          },
          {
            "color": "#DA291C",
            "long_name": "Poblenou / Pl. Reina Maria Cristina",
            "route_type": 3,
            "short_name": "59",
            "text_color": "#FFFFFF"
          },
          {
            "color": "#010101",
            "long_name": "BCN Centre-F.Macià / BCN Centre-Glòries",
            "route_type": 3,
            "short_name": "X1",
            "text_color": "#FFFFFF"
          }
        ],
        "stop_id": "2.1466.692781",
        "stop_name": "Còrsega - Hospital Clínic"
      }
    },
    {
      "type": "Feature",
      "geometry": {
        "type": "Point",
        "coordinates": [
          2.147794,
          41.389461
        ]
      },
      "properties": {
        "routes": [
          {
            "color": "#DA291C",
            "long_name": "Estació del Nord / Cardenal Reig",
            "route_type": 3,
            "short_name": "54",
            "text_color": "#FFFFFF"
          }
        ],
        "stop_id": "2.1467.675338",
        "stop_name": "París - Comte d'Urgell"
      }
    },
    {
      "type": "Feature",
      "geometry": {
        "type": "Point",
        "coordinates": [
          2.158922,
          41.382694
        ]
      },
      "properties": {
        "routes": [
          {
            "color": "#DA291C",
            "long_name": "Pl. Catalunya / Collblanc",
            "route_type": 3,
            "short_name": "52",
            "text_color": "#FFFFFF"
          },
          {
            "color": "#003888",
            "long_name": "Gornal / Besòs Verneda",
            "route_type": 3,
            "short_name": "H12",
            "text_color": "#FFFFFF"
          }
        ],
        "stop_id": "2.1468.688727",
        "stop_name": "Gran Via - Villarroel"
      }
    },
    {
      "type": "Feature",
      "geometry": {
        "type": "Point",
        "coordinates": [
          2.159086,
          41.382423
        ]
      },
      "properties": {
        "routes": [
          {
            "color": "#DA291C",
            "long_name": "Pl. Catalunya / Collblanc",
            "route_type": 3,
            "short_name": "52",
            "text_color": "#FFFFFF"
          },
          {
            "color": "#003888",
            "long_name": "Gornal / Besòs Verneda",
            "route_type": 3,
            "short_name": "H12",
            "text_color": "#FFFFFF"
          }
        ],
        "stop_id": "2.1469.688221",
        "stop_name": "Gran Via - Urgell"
      }
    },
    {
      "type": "Feature",
      "geometry": {
        "type": "Point",
        "coordinates": [
          2.18413,
          41.382081
        ]
      },
      "properties": {
        "routes": [
          {
            "color": "#DA291C",
            "long_name": "Ciutat Vella",
            "route_type": 3,
            "short_name": "120",
            "text_color": "#FFFFFF"
          },
          {
            "color": "#93107E",
            "long_name": "Pg. Marítim / Ernest Lluch",
            "route_type": 3,
            "short_name": "D20",
            "text_color": "#FFFFFF"
          },
          {
            "color": "#6AB023",
            "long_name": "Barceloneta / Pl. Alfonso Comín",
            "route_type": 3,
            "short_name": "V19",
            "text_color": "#FFFFFF"
          }
        ],
        "stop_id": "2.1476.689885",
        "stop_name": "Pla de Palau"
      }
    },
    {
      "type": "Feature",
      "geometry": {
        "type": "Point",
        "coordinates": [
          2.184435,
          41.381164
        ]
      },
      "properties": {
        "routes": [
          {
            "color": "#DA291C",
            "long_name": "Pg. Marítim / Canyelles",
            "route_type": 3,
            "short_name": "47",
            "text_color": "#FFFFFF"
          },
          {
            "color": "#DA291C",
            "long_name": "Poblenou / Pl. Reina Maria Cristina",
            "route_type": 3,
            "short_name": "59",
            "text_color": "#FFFFFF"
          },
          {
            "color": "#6AB023",
            "long_name": "Barceloneta / Av. Tibidabo",
            "route_type": 3,
            "short_name": "V15",
            "text_color": "#FFFFFF"
          }
        ],
        "stop_id": "2.1477.674774",
        "stop_name": "Pas Sota Muralla - Pl Pau Vila"
      }
    },
    {
      "type": "Feature",
      "geometry": {
        "type": "Point",
        "coordinates": [
          2.182396,
          41.375717
        ]
      },
      "properties": {
        "routes": [
          {
            "color": "#6AB023",
            "long_name": "Port Vell / Vall d'Hebron",
            "route_type": 3,
            "short_name": "V17",
            "text_color": "#FFFFFF"
          }
        ],
        "stop_id": "2.1482.689799",
        "stop_name": "Maremagnum - Final de trajecte"
      }
    },
    {
      "type": "Feature",
      "geometry": {
        "type": "Point",
        "coordinates": [
          2.114729,
          41.387681
        ]
      },
      "properties": {
        "routes": [
          {
            "color": "#DA291C",
            "long_name": "Zona Universitària / Verneda",
            "route_type": 3,
            "short_name": "33",
            "text_color": "#FFFFFF"
          }
        ],
        "stop_id": "2.1484.693025",
        "stop_name": "Jordi Girona - John M Keynes - Final de trajecte"
      }
    },
    {
      "type": "Feature",
      "geometry": {
        "type": "Point",
        "coordinates": [
          2.154554,
          41.386799
        ]
      },
      "properties": {
        "routes": [
          {
            "color": "#DA291C",
            "long_name": "Esq. de l'Eixample",
            "route_type": 3,
            "short_name": "141",
            "text_color": "#FFFFFF"
          },
          {
            "color": "#DA291C",
            "long_name": "Poblenou / Pl. Reina Maria Cristina",
            "route_type": 3,
            "short_name": "59",
            "text_color": "#FFFFFF"
          },
          {
            "color": "#6AB023",
            "long_name": "Estació Marítima (WTC) / Bonanova",
            "route_type": 3,
            "short_name": "V11",
            "text_color": "#FFFFFF"
          }
        ],
        "stop_id": "2.1488.674613",
        "stop_name": "Villarroel - Mercat del Ninot"
      }
    },
    {
      "type": "Feature",
      "geometry": {
        "type": "Point",
        "coordinates": [
          2.187053,
          41.411071
        ]
      },
      "properties": {
        "routes": [
          {
            "color": "#DA291C",
            "long_name": "Poblenou / Hospital de Sant Pau",
            "route_type": 3,
            "short_name": "192",
            "text_color": "#FFFFFF"
          },
          {
            "color": "#DA291C",
            "long_name": "\u003cM\u003e Clot / Ciutat Meridiana",
            "route_type": 3,
            "short_name": "62",
            "text_color": "#FFFFFF"
          },
          {
            "color": "#6AB023",
            "long_name": "Nova Icària / Horta",
            "route_type": 3,
            "short_name": "V25",
            "text_color": "#FFFFFF"
          }
        ],
        "stop_id": "2.1489.695635",
        "stop_name": "Meridiana - València"
      }
    },
    {
      "type": "Feature",
      "geometry": {
        "type": "Point",
        "coordinates": [
          2.164609,
          41.394548
        ]
      },
      "properties": {
        "routes": [
          {
            "color": "#DA291C",
            "long_name": "Pl. Urquinaona / Pl. Catalana",
            "route_type": 3,
            "short_name": "39",
            "text_color": "#FFFFFF"
          },
          {
            "color": "#DA291C",
            "long_name": "Pg. Marítim / Canyelles",
            "route_type": 3,
            "short_name": "47",
            "text_color": "#FFFFFF"
          },
          {
            "color": "#6AB023",
            "long_name": "Port Vell / Vall d'Hebron",
            "route_type": 3,
            "short_name": "V17",
            "text_color": "#FFFFFF"
          }
        ],
        "stop_id": "2.1490.675121",
        "stop_name": "Pau Claris - Mallorca"
      }
    },
    {
      "type": "Feature",
      "geometry": {
        "type": "Point",
        "coordinates": [
          2.151352,
          41.382545
        ]
      },
      "properties": {
        "routes": [
          {
            "color": "#DA291C",
            "long_name": "Esq. de l'Eixample",
            "route_type": 3,
            "short_name": "141",
            "text_color": "#FFFFFF"
          }
        ],
        "stop_id": "2.1491.696830",
        "stop_name": "Calàbria - Aragó"
      }
    },
    {
      "type": "Feature",
      "geometry": {
        "type": "Point",
        "coordinates": [
          2.170429,
          41.398624
        ]
      },
      "properties": {
        "routes": [
          {
            "color": "#DA291C",
            "long_name": "Pl. Catalunya / Sant Genís",
            "route_type": 3,
            "short_name": "19",
            "text_color": "#FFFFFF"
          },
          {
            "color": "#DA291C",
            "long_name": "Pg. Manuel Girona / Poblenou",
            "route_type": 3,
            "short_name": "6",
            "text_color": "#FFFFFF"
          },
          {
            "color": "#93107E",
            "long_name": "Paral·lel / Ciutat Meridiana",
            "route_type": 3,
            "short_name": "D50",
            "text_color": "#FFFFFF"
          },
          {
            "color": "#6AB023",
            "long_name": "Barceloneta / Pl. Alfonso Comín",
            "route_type": 3,
            "short_name": "V19",
            "text_color": "#FFFFFF"
          }
        ],
        "stop_id": "2.1492.690405",
        "stop_name": "Pg de Sant Joan - Pl Mossèn Jacint Verdaguer"
      }
    },
    {
      "type": "Feature",
      "geometry": {
        "type": "Point",
        "coordinates": [
          2.160075,
          41.391139
        ]
      },
      "properties": {
        "routes": [
          {
            "color": "#DA291C",
            "long_name": "Pl. Catalunya / Cornellà",
            "route_type": 3,
            "short_name": "67",
            "text_color": "#FFFFFF"
          },
          {
            "color": "#DA291C",
            "long_name": "Fòrum / Zona Universitària",
            "route_type": 3,
            "short_name": "7",
            "text_color": "#FFFFFF"
          },
          {
            "color": "#6AB023",
            "long_name": "Barceloneta / Av. Tibidabo",
            "route_type": 3,
            "short_name": "V15",
            "text_color": "#FFFFFF"
          }
        ],
        "stop_id": "2.1493.683697",
        "stop_name": "Balmes - València"
      }
    },
    {
      "type": "Feature",
      "geometry": {
        "type": "Point",
        "coordinates": [
          2.186716,
          41.410909
        ]
      },
      "properties": {
        "routes": [
          {
            "color": "#DA291C",
            "long_name": "\u003cM\u003e Clot / Ciutat Meridiana",
            "route_type": 3,
            "short_name": "62",
            "text_color": "#FFFFFF"
          },
          {
            "color": "#6AB023",
            "long_name": "Nova Icària / Horta",
            "route_type": 3,
            "short_name": "V25",
            "text_color": "#FFFFFF"
          }
        ],
        "stop_id": "2.1494.695678",
        "stop_name": "Meridiana - Pl Doctor Serrat"
      }
    },
    {
      "type": "Feature",
      "geometry": {
        "type": "Point",
        "coordinates": [
          2.156873,
          41.388468
        ]
      },
      "properties": {
        "routes": [
          {
            "color": "#DA291C",
            "long_name": "Estació del Nord / Cardenal Reig",
            "route_type": 3,
            "short_name": "54",
            "text_color": "#FFFFFF"
          },
          {
            "color": "#6AB023",
            "long_name": "Pl. Catalunya / Av. Tibidabo",
            "route_type": 3,
            "short_name": "V13",
            "text_color": "#FFFFFF"
          }
        ],
        "stop_id": "2.1495.675217",
        "stop_name": "Muntaner - València"
      }
    },
    {
      "type": "Feature",
      "geometry": {
        "type": "Point",
        "coordinates": [
          2.163272,
          41.393348
        ]
      },
      "properties": {
        "routes": [
          {
            "color": "#DA291C",
            "long_name": "Pl. Catalunya / El Carmel",
            "route_type": 3,
            "short_name": "22",
            "text_color": "#FFFFFF"
          },
          {
            "color": "#DA291C",
            "long_name": "Pl. Catalunya / El Carmel",
            "route_type": 3,
            "short_name": "24",
            "text_color": "#FFFFFF"
          }
        ],
        "stop_id": "2.1497.691076",
        "stop_name": "Pg de Gràcia - València"
      }
    },
    {
      "type": "Feature",
      "geometry": {
        "type": "Point",
        "coordinates": [
          2.177067,
          41.404073
        ]
      },
      "properties": {
        "routes": [
          {
            "color": "#6AB023",
            "long_name": "Pg. Marítim / Montbau",
            "route_type": 3,
            "short_name": "V21",
            "text_color": "#FFFFFF"
          }
        ],
        "stop_id": "2.1498.676638",
        "stop_name": "Lepant - Mallorca"
      }
    },
    {
      "type": "Feature",
      "geometry": {
        "type": "Point",
        "coordinates": [
          2.145213,
          41.378369
        ]
      },
      "properties": {
        "routes": [
          {
            "color": "#DA291C",
            "long_name": "Hospital Clínic / Polígon Zona Franca",
            "route_type": 3,
            "short_name": "109",
            "text_color": "#FFFFFF"
          },
          {
            "color": "#DA291C",
            "long_name": "La Bordeta",
            "route_type": 3,
            "short_name": "115",
            "text_color": "#FFFFFF"
          },
          {
            "color": "#93107E",
            "long_name": "Pg. Marítim / Ernest Lluch",
            "route_type": 3,
            "short_name": "D20",
            "text_color": "#FFFFFF"
          },
          {
            "color": "#6AB023",
            "long_name": "Mare de Déu de Port / Pedralbes",
            "route_type": 3,
            "short_name": "V5",
            "text_color": "#FFFFFF"
          }
        ],
        "stop_id": "2.1499.688168",
        "stop_name": "Metro Tarragona"
      }
    },
    {
      "type": "Feature",
      "geometry": {
        "type": "Point",
        "coordinates": [
          2.144333,
          41.412055
        ]
      },
      "properties": {
        "routes": [
          {
            "color": "#DA291C",
            "long_name": "Estació de Sants / Roquetes",
            "route_type": 3,
            "short_name": "27",
            "text_color": "#FFFFFF"
          }
        ],
        "stop_id": "2.1508.674904",
        "stop_name": "Av de Vallcarca - Viaducte de Vallcarca"
      }
    },
    {
      "type": "Feature",
      "geometry": {
        "type": "Point",
        "coordinates": [
          2.141516,
          41.411604
        ]
      },
      "properties": {
        "routes": [
          {
            "color": "#6AB023",
            "long_name": "Port Vell / Vall d'Hebron",
            "route_type": 3,
            "short_name": "V17",
            "text_color": "#FFFFFF"
          },
          {
            "color": "#6AB023",
            "long_name": "Barceloneta / Pl. Alfonso Comín",
            "route_type": 3,
            "short_name": "V19",
            "text_color": "#FFFFFF"
          }
        ],
        "stop_id": "2.1509.695662",
        "stop_name": "Av República Argentina - Mare de Déu del Carmel"
      }
    },
    {
      "type": "Feature",
      "geometry": {
        "type": "Point",
        "coordinates": [
          2.153017,
          41.408901
        ]
      },
      "properties": {
        "routes": [
          {
            "color": "#DA291C",
            "long_name": "Pl. Catalunya / El Carmel",
            "route_type": 3,
            "short_name": "24",
            "text_color": "#FFFFFF"
          },
          {
            "color": "#93107E",
            "long_name": "Pl. Espanya / Canyelles",
            "route_type": 3,
            "short_name": "D40",
            "text_color": "#FFFFFF"
          },
          {
            "color": "#003888",
            "long_name": "Zona Universitària / Onze de Setembre",
            "route_type": 3,
            "short_name": "H6",
            "text_color": "#FFFFFF"
          }
        ],
        "stop_id": "2.1513.693089",
        "stop_name": "Trav de Dalt - Verdi"
      }
    },
    {
      "type": "Feature",
      "geometry": {
        "type": "Point",
        "coordinates": [
          2.160304,
          41.396809
        ]
      },
      "properties": {
        "routes": [
          {
            "color": "#DA291C",
            "long_name": "Zona Universitària / Verneda",
            "route_type": 3,
            "short_name": "33",
            "text_color": "#FFFFFF"
          },
          {
            "color": "#DA291C",
            "long_name": "Pg. Manuel Girona / Pl. Virrei Amat",
            "route_type": 3,
            "short_name": "34",
            "text_color": "#FFFFFF"
          },
          {
            "color": "#DA291C",
            "long_name": "Pg. Manuel Girona / Poblenou",
            "route_type": 3,
            "short_name": "6",
            "text_color": "#FFFFFF"
          },
          {
            "color": "#003888",
            "long_name": "Ernest Lluch / Bon Pastor",
            "route_type": 3,
            "short_name": "H8",
            "text_color": "#FFFFFF"
          },
          {
            "color": "#6AB023",
            "long_name": "Port Vell / Vall d'Hebron",
            "route_type": 3,
            "short_name": "V17",
            "text_color": "#FFFFFF"
          }
        ],
        "stop_id": "2.1520.690628",
        "stop_name": "Diagonal - Pg de Gràcia"
      }
    },
    {
      "type": "Feature",
      "geometry": {
        "type": "Point",
        "coordinates": [
          2.151112,
          41.401226
        ]
      },
      "properties": {
        "routes": [
          {
            "color": "#DA291C",
            "long_name": "Pl. Catalunya / El Carmel",
            "route_type": 3,
            "short_name": "22",
            "text_color": "#FFFFFF"
          },
          {
            "color": "#DA291C",
            "long_name": "Pl. Catalunya / El Carmel",
            "route_type": 3,
            "short_name": "24",
            "text_color": "#FFFFFF"
          },
          {
            "color": "#6AB023",
            "long_name": "Port Vell / Vall d'Hebron",
            "route_type": 3,
            "short_name": "V17",
            "text_color": "#FFFFFF"
          }
        ],
        "stop_id": "2.1522.674828",
        "stop_name": "Av Riera de Cassoles - Via Augusta"
      }
    },
    {
      "type": "Feature",
      "geometry": {
        "type": "Point",
        "coordinates": [
          2.15003,
          41.402807
        ]
      },
      "properties": {
        "routes": [
          {
            "color": "#DA291C",
            "long_name": "Pl. Catalunya / El Carmel",
            "route_type": 3,
            "short_name": "22",
            "text_color": "#FFFFFF"
          },
          {
            "color": "#DA291C",
            "long_name": "Pl. Catalunya / El Carmel",
            "route_type": 3,
            "short_name": "24",
            "text_color": "#FFFFFF"
          },
          {
            "color": "#6AB023",
            "long_name": "Port Vell / Vall d'Hebron",
            "route_type": 3,
            "short_name": "V17",
            "text_color": "#FFFFFF"
          }
        ],
        "stop_id": "2.1533.674827",
        "stop_name": "Av Riera de Cassoles - Guillem Tell"
      }
    },
    {
      "type": "Feature",
      "geometry": {
        "type": "Point",
        "coordinates": [
          2.140921,
          41.419111
        ]
      },
      "properties": {
        "routes": [
          {
            "color": "#DA291C",
            "long_name": "La Teixonera",
            "route_type": 3,
            "short_name": "119",
            "text_color": "#FFFFFF"
          },
          {
            "color": "#DA291C",
            "long_name": "Estació de Sants / Roquetes",
            "route_type": 3,
            "short_name": "27",
            "text_color": "#FFFFFF"
          }
        ],
        "stop_id": "2.1542.674910",
        "stop_name": "Av Vallcarca - Capellades"
      }
    },
    {
      "type": "Feature",
      "geometry": {
        "type": "Point",
        "coordinates": [
          2.161455,
          41.380647
        ]
      },
      "properties": {
        "routes": [
          {
            "color": "#DA291C",
            "long_name": "Ciutat Vella",
            "route_type": 3,
            "short_name": "120",
            "text_color": "#FFFFFF"
          },
          {
            "color": "#DA291C",
            "long_name": "Pl. Urquinaona / Parc de Montjuïc",
            "route_type": 3,
            "short_name": "55",
            "text_color": "#FFFFFF"
          },
          {
            "color": "#93107E",
            "long_name": "Paral·lel / Ciutat Meridiana",
            "route_type": 3,
            "short_name": "D50",
            "text_color": "#FFFFFF"
          },
          {
            "color": "#003888",
            "long_name": "Pg. Zona Franca / Fòrum Campus Besòs",
            "route_type": 3,
            "short_name": "H16",
            "text_color": "#FFFFFF"
          }
        ],
        "stop_id": "2.1545.675073",
        "stop_name": "Floridablanca - Comte d'Urgell"
      }
    },
    {
      "type": "Feature",
      "geometry": {
        "type": "Point",
        "coordinates": [
          2.146621,
          41.392024
        ]
      },
      "properties": {
        "routes": [
          {
            "color": "#DA291C",
            "long_name": "Estació de Sants / Roquetes",
            "route_type": 3,
            "short_name": "27",
            "text_color": "#FFFFFF"
          },
          {
            "color": "#93107E",
            "long_name": "Pl. Espanya / Canyelles",
            "route_type": 3,
            "short_name": "D40",
            "text_color": "#FFFFFF"
          }
        ],
        "stop_id": "2.1546.674708",
        "stop_name": "Buenos Aires - Comte d'Urgell"
      }
    },
    {
      "type": "Feature",
      "geometry": {
        "type": "Point",
        "coordinates": [
          2.100882,
          41.334075
        ]
      },
      "properties": {
        "routes": [
          {
            "color": "#DA291C",
            "long_name": "Pl. Espanya / El Prat",
            "route_type": 3,
            "short_name": "65",
            "text_color": "#FFFFFF"
          },
          {
            "color": "#010101",
            "long_name": "Prat XPRES (Pl. Espanya - Av. Remolar)",
            "route_type": 3,
            "short_name": "X2",
            "text_color": "#FFFFFF"
          }
        ],
        "stop_id": "2.1553.692821",
        "stop_name": "Av Anselm Clavé - Les Moreres"
      }
    },
    {
      "type": "Feature",
      "geometry": {
        "type": "Point",
        "coordinates": [
          2.14356,
          41.389195
        ]
      },
      "properties": {
        "routes": [
          {
            "color": "#DA291C",
            "long_name": "Estació de Sants / Roquetes",
            "route_type": 3,
            "short_name": "27",
            "text_color": "#FFFFFF"
          },
          {
            "color": "#DA291C",
            "long_name": "Poblenou / Pl. Reina Maria Cristina",
            "route_type": 3,
            "short_name": "59",
            "text_color": "#FFFFFF"
          },
          {
            "color": "#93107E",
            "long_name": "Pl. Espanya / Canyelles",
            "route_type": 3,
            "short_name": "D40",
            "text_color": "#FFFFFF"
          },
          {
            "color": "#003888",
            "long_name": "Ernest Lluch / Bon Pastor",
            "route_type": 3,
            "short_name": "H8",
            "text_color": "#FFFFFF"
          },
          {
            "color": "#6AB023",
            "long_name": "Poble-sec / Sarrià",
            "route_type": 3,
            "short_name": "V9",
            "text_color": "#FFFFFF"
          }
        ],
        "stop_id": "2.1554.674690",
        "stop_name": "Josep Tarradellas - Viladomat"
      }
    },
    {
      "type": "Feature",
      "geometry": {
        "type": "Point",
        "coordinates": [
          2.145813,
          41.389812
        ]
      },
      "properties": {
        "routes": [
          {
            "color": "#DA291C",
            "long_name": "Estació del Nord / Cardenal Reig",
            "route_type": 3,
            "short_name": "54",
            "text_color": "#FFFFFF"
          }
        ],
        "stop_id": "2.1555.677879",
        "stop_name": "Londres - Hospital del Sagrat Cor"
      }
    },
    {
      "type": "Feature",
      "geometry": {
        "type": "Point",
        "coordinates": [
          2.155913,
          41.380036
        ]
      },
      "properties": {
        "routes": [
          {
            "color": "#DA291C",
            "long_name": "Pl. Catalunya / Collblanc",
            "route_type": 3,
            "short_name": "52",
            "text_color": "#FFFFFF"
          },
          {
            "color": "#003888",
            "long_name": "Gornal / Besòs Verneda",
            "route_type": 3,
            "short_name": "H12",
            "text_color": "#FFFFFF"
          }
        ],
        "stop_id": "2.1556.674369",
        "stop_name": "Gran Via - Viladomat"
      }
    },
    {
      "type": "Feature",
      "geometry": {
        "type": "Point",
        "coordinates": [
          2.144103,
          41.366194
        ]
      },
      "properties": {
        "routes": [
          {
            "color": "#DA291C",
            "long_name": "Mercat Sant Antoni / Parc de Montjuïc",
            "route_type": 3,
            "short_name": "13",
            "text_color": "#FFFFFF"
          }
        ],
        "stop_id": "2.1563.685493",
        "stop_name": "Camí del Polvorí - Estadi Serrahima"
      }
    },
    {
      "type": "Feature",
      "geometry": {
        "type": "Point",
        "coordinates": [
          2.14351,
          41.36434
        ]
      },
      "properties": {
        "routes": [
          {
            "color": "#DA291C",
            "long_name": "Mercat Sant Antoni / Parc de Montjuïc",
            "route_type": 3,
            "short_name": "13",
            "text_color": "#FFFFFF"
          }
        ],
        "stop_id": "2.1564.674569",
        "stop_name": "Segura - Estadi Serrahima"
      }
    },
    {
      "type": "Feature",
      "geometry": {
        "type": "Point",
        "coordinates": [
          2.141489,
          41.365457
        ]
      },
      "properties": {
        "routes": [
          {
            "color": "#DA291C",
            "long_name": "Mercat Sant Antoni / Parc de Montjuïc",
            "route_type": 3,
            "short_name": "13",
            "text_color": "#FFFFFF"
          }
        ],
        "stop_id": "2.1565.676748",
        "stop_name": "Segura - Barri del Polvorí"
      }
    },
    {
      "type": "Feature",
      "geometry": {
        "type": "Point",
        "coordinates": [
          2.141662,
          41.365312
        ]
      },
      "properties": {
        "routes": [
          {
            "color": "#DA291C",
            "long_name": "La Marina",
            "route_type": 3,
            "short_name": "125",
            "text_color": "#FFFFFF"
          },
          {
            "color": "#DA291C",
            "long_name": "Mercat Sant Antoni / Parc de Montjuïc",
            "route_type": 3,
            "short_name": "13",
            "text_color": "#FFFFFF"
          }
        ],
        "stop_id": "2.1566.674578",
        "stop_name": "Segura - Fortuna"
      }
    },
    {
      "type": "Feature",
      "geometry": {
        "type": "Point",
        "coordinates": [
          2.143334,
          41.364375
        ]
      },
      "properties": {
        "routes": [
          {
            "color": "#DA291C",
            "long_name": "La Marina",
            "route_type": 3,
            "short_name": "125",
            "text_color": "#FFFFFF"
          },
          {
            "color": "#DA291C",
            "long_name": "Mercat Sant Antoni / Parc de Montjuïc",
            "route_type": 3,
            "short_name": "13",
            "text_color": "#FFFFFF"
          }
        ],
        "stop_id": "2.1567.674581",
        "stop_name": "Segura - Polvorí"
      }
    },
    {
      "type": "Feature",
      "geometry": {
        "type": "Point",
        "coordinates": [
          2.144961,
          41.365382
        ]
      },
      "properties": {
        "routes": [
          {
            "color": "#DA291C",
            "long_name": "Mercat Sant Antoni / Parc de Montjuïc",
            "route_type": 3,
            "short_name": "13",
            "text_color": "#FFFFFF"
          }
        ],
        "stop_id": "2.1568.694105",
        "stop_name": "Polvorí - Camí de la Foixarda"
      }
    },
    {
      "type": "Feature",
      "geometry": {
        "type": "Point",
        "coordinates": [
          2.144628,
          41.368073
        ]
      },
      "properties": {
        "routes": [
          {
            "color": "#DA291C",
            "long_name": "Mercat Sant Antoni / Parc de Montjuïc",
            "route_type": 3,
            "short_name": "13",
            "text_color": "#FFFFFF"
          }
        ],
        "stop_id": "2.1569.674587",
        "stop_name": "Polvorí - Av Ferrer i Guàrdia"
      }
    },
    {
      "type": "Feature",
      "geometry": {
        "type": "Point",
        "coordinates": [
          2.136713,
          41.384969
        ]
      },
      "properties": {
        "routes": [
          {
            "color": "#DA291C",
            "long_name": "Estació del Nord / Cardenal Reig",
            "route_type": 3,
            "short_name": "54",
            "text_color": "#FFFFFF"
          }
        ],
        "stop_id": "2.1575.675291",
        "stop_name": "Marquès de Sentmenat - Numància"
      }
    },
    {
      "type": "Feature",
      "geometry": {
        "type": "Point",
        "coordinates": [
          2.132811,
          41.380815
        ]
      },
      "properties": {
        "routes": [
          {
            "color": "#DA291C",
            "long_name": "Estació del Nord / Cardenal Reig",
            "route_type": 3,
            "short_name": "54",
            "text_color": "#FFFFFF"
          },
          {
            "color": "#93107E",
            "long_name": "Pg. Marítim / Ernest Lluch",
            "route_type": 3,
            "short_name": "D20",
            "text_color": "#FFFFFF"
          }
        ],
        "stop_id": "2.1576.683582",
        "stop_name": "Av Madrid - Joan Güell"
      }
    },
    {
      "type": "Feature",
      "geometry": {
        "type": "Point",
        "coordinates": [
          2.132669,
          41.385284
        ]
      },
      "properties": {
        "routes": [
          {
            "color": "#DA291C",
            "long_name": "Poblenou / Pl. Reina Maria Cristina",
            "route_type": 3,
            "short_name": "59",
            "text_color": "#FFFFFF"
          },
          {
            "color": "#003888",
            "long_name": "Ernest Lluch / Bon Pastor",
            "route_type": 3,
            "short_name": "H8",
            "text_color": "#FFFFFF"
          }
        ],
        "stop_id": "2.1577.674686",
        "stop_name": "Les Corts - Vallespir"
      }
    },
    {
      "type": "Feature",
      "geometry": {
        "type": "Point",
        "coordinates": [
          2.136063,
          41.381885
        ]
      },
      "properties": {
        "routes": [
          {
            "color": "#DA291C",
            "long_name": "Estació del Nord / Cardenal Reig",
            "route_type": 3,
            "short_name": "54",
            "text_color": "#FFFFFF"
          },
          {
            "color": "#93107E",
            "long_name": "Pg. Marítim / Ernest Lluch",
            "route_type": 3,
            "short_name": "D20",
            "text_color": "#FFFFFF"
          }
        ],
        "stop_id": "2.1578.691990",
        "stop_name": "Pl del Centre"
      }
    },
    {
      "type": "Feature",
      "geometry": {
        "type": "Point",
        "coordinates": [
          2.148996,
          41.402796
        ]
      },
      "properties": {
        "routes": [
          {
            "color": "#DA291C",
            "long_name": "Estació de Sants / Roquetes",
            "route_type": 3,
            "short_name": "27",
            "text_color": "#FFFFFF"
          },
          {
            "color": "#93107E",
            "long_name": "Pl. Espanya / Canyelles",
            "route_type": 3,
            "short_name": "D40",
            "text_color": "#FFFFFF"
          }
        ],
        "stop_id": "2.1580.679775",
        "stop_name": "Guillem Tell - Av Riera de Cassoles"
      }
    },
    {
      "type": "Feature",
      "geometry": {
        "type": "Point",
        "coordinates": [
          2.146153,
          41.405824
        ]
      },
      "properties": {
        "routes": [
          {
            "color": "#003888",
            "long_name": "Zona Universitària / Onze de Setembre",
            "route_type": 3,
            "short_name": "H6",
            "text_color": "#FFFFFF"
          }
        ],
        "stop_id": "2.1582.683180",
        "stop_name": "Mitre - Pàdua"
      }
    },
    {
      "type": "Feature",
      "geometry": {
        "type": "Point",
        "coordinates": [
          2.181903,
          41.430274
        ]
      },
      "properties": {
        "routes": [
          {
            "color": "#DA291C",
            "long_name": "Turó de la Peira",
            "route_type": 3,
            "short_name": "122",
            "text_color": "#FFFFFF"
          },
          {
            "color": "#DA291C",
            "long_name": "Roquetes / Fabra i Puig",
            "route_type": 3,
            "short_name": "134",
            "text_color": "#FFFFFF"
          },
          {
            "color": "#DA291C",
            "long_name": "Pg. Manuel Girona / Pl. Virrei Amat",
            "route_type": 3,
            "short_name": "34",
            "text_color": "#FFFFFF"
          },
          {
            "color": "#003888",
            "long_name": "Zona Universitària / Onze de Setembre",
            "route_type": 3,
            "short_name": "H6",
            "text_color": "#FFFFFF"
          },
          {
            "color": "#6AB023",
            "long_name": "Diagonal Mar / Roquetes",
            "route_type": 3,
            "short_name": "V29",
            "text_color": "#FFFFFF"
          }
        ],
        "stop_id": "2.1590.695667",
        "stop_name": "Fabra i Puig - Meridiana"
      }
    },
    {
      "type": "Feature",
      "geometry": {
        "type": "Point",
        "coordinates": [
          2.180363,
          41.382821
        ]
      },
      "properties": {
        "routes": [
          {
            "color": "#DA291C",
            "long_name": "Ciutat Vella",
            "route_type": 3,
            "short_name": "120",
            "text_color": "#FFFFFF"
          },
          {
            "color": "#DA291C",
            "long_name": "Pg. Marítim / Canyelles",
            "route_type": 3,
            "short_name": "47",
            "text_color": "#FFFFFF"
          },
          {
            "color": "#6AB023",
            "long_name": "Barceloneta / Av. Tibidabo",
            "route_type": 3,
            "short_name": "V15",
            "text_color": "#FFFFFF"
          }
        ],
        "stop_id": "2.1599.689621",
        "stop_name": "Via Laietana - Manresa"
      }
    },
    {
      "type": "Feature",
      "geometry": {
        "type": "Point",
        "coordinates": [
          2.17739,
          41.385071
        ]
      },
      "properties": {
        "routes": [
          {
            "color": "#DA291C",
            "long_name": "Ciutat Vella",
            "route_type": 3,
            "short_name": "120",
            "text_color": "#FFFFFF"
          },
          {
            "color": "#DA291C",
            "long_name": "Pg. Marítim / Canyelles",
            "route_type": 3,
            "short_name": "47",
            "text_color": "#FFFFFF"
          },
          {
            "color": "#6AB023",
            "long_name": "Barceloneta / Av. Tibidabo",
            "route_type": 3,
            "short_name": "V15",
            "text_color": "#FFFFFF"
          }
        ],
        "stop_id": "2.1600.692380",
        "stop_name": "Via Laietana - Pl Ramon Berenguer"
      }
    },
    {
      "type": "Feature",
      "geometry": {
        "type": "Point",
        "coordinates": [
          2.177278,
          41.384963
        ]
      },
      "properties": {
        "routes": [
          {
            "color": "#DA291C",
            "long_name": "Pg. Marítim / Canyelles",
            "route_type": 3,
            "short_name": "47",
            "text_color": "#FFFFFF"
          },
          {
            "color": "#DA291C",
            "long_name": "Poblenou / Pl. Reina Maria Cristina",
            "route_type": 3,
            "short_name": "59",
            "text_color": "#FFFFFF"
          },
          {
            "color": "#6AB023",
            "long_name": "Barceloneta / Av. Tibidabo",
            "route_type": 3,
            "short_name": "V15",
            "text_color": "#FFFFFF"
          },
          {
            "color": "#6AB023",
            "long_name": "Port Vell / Vall d'Hebron",
            "route_type": 3,
            "short_name": "V17",
            "text_color": "#FFFFFF"
          }
        ],
        "stop_id": "2.1602.674770",
        "stop_name": "Via Laietana - Pl Ramon Berenguer"
      }
    },
    {
      "type": "Feature",
      "geometry": {
        "type": "Point",
        "coordinates": [
          2.131949,
          41.329827
        ]
      },
      "properties": {
        "routes": [
          {
            "color": "#DA291C",
            "long_name": "Hospital Clínic / Polígon Zona Franca",
            "route_type": 3,
            "short_name": "109",
            "text_color": "#FFFFFF"
          },
          {
            "color": "#DA291C",
            "long_name": "Paral·lel / El Prat",
            "route_type": 3,
            "short_name": "21",
            "text_color": "#FFFFFF"
          }
        ],
        "stop_id": "2.1610.675927",
        "stop_name": "Carrer número 4 - Carrer C"
      }
    },
    {
      "type": "Feature",
      "geometry": {
        "type": "Point",
        "coordinates": [
          2.112261,
          41.348273
        ]
      },
      "properties": {
        "routes": [
          {
            "color": "#DA291C",
            "long_name": "Pl. Espanya / Aeroport BCN",
            "route_type": 3,
            "short_name": "46",
            "text_color": "#FFFFFF"
          },
          {
            "color": "#DA291C",
            "long_name": "Pl. Espanya / El Prat",
            "route_type": 3,
            "short_name": "65",
            "text_color": "#FFFFFF"
          }
        ],
        "stop_id": "2.1611.675903",
        "stop_name": "Parc de Bellvitge"
      }
    },
    {
      "type": "Feature",
      "geometry": {
        "type": "Point",
        "coordinates": [
          2.11024,
          41.346167
        ]
      },
      "properties": {
        "routes": [
          {
            "color": "#DA291C",
            "long_name": "Pl. Espanya / Aeroport BCN",
            "route_type": 3,
            "short_name": "46",
            "text_color": "#FFFFFF"
          },
          {
            "color": "#DA291C",
            "long_name": "Pl. Espanya / El Prat",
            "route_type": 3,
            "short_name": "65",
            "text_color": "#FFFFFF"
          }
        ],
        "stop_id": "2.1612.691674",
        "stop_name": "Hospital Oncològic"
      }
    },
    {
      "type": "Feature",
      "geometry": {
        "type": "Point",
        "coordinates": [
          2.110198,
          41.35162
        ]
      },
      "properties": {
        "routes": [
          {
            "color": "#010101",
            "long_name": "Paral·lel - L'Hospitalet (Av. Carrilet)",
            "route_type": 3,
            "short_name": "X3",
            "text_color": "#FFFFFF"
          }
        ],
        "stop_id": "2.1613.690930",
        "stop_name": "Metro Bellvitge Rambla Marina"
      }
    },
    {
      "type": "Feature",
      "geometry": {
        "type": "Point",
        "coordinates": [
          2.133333,
          41.329619
        ]
      },
      "properties": {
        "routes": [
          {
            "color": "#DA291C",
            "long_name": "Hospital Clínic / Polígon Zona Franca",
            "route_type": 3,
            "short_name": "109",
            "text_color": "#FFFFFF"
          },
          {
            "color": "#DA291C",
            "long_name": "Paral·lel / El Prat",
            "route_type": 3,
            "short_name": "21",
            "text_color": "#FFFFFF"
          }
        ],
        "stop_id": "2.1614.675820",
        "stop_name": "Carrer número 4 - Carrer B"
      }
    },
    {
      "type": "Feature",
      "geometry": {
        "type": "Point",
        "coordinates": [
          2.185053,
          41.389982
        ]
      },
      "properties": {
        "routes": [
          {
            "color": "#003888",
            "long_name": "Paral·lel / Sant Adrià",
            "route_type": 3,
            "short_name": "H14",
            "text_color": "#FFFFFF"
          },
          {
            "color": "#003888",
            "long_name": "Pg. Zona Franca / Fòrum Campus Besòs",
            "route_type": 3,
            "short_name": "H16",
            "text_color": "#FFFFFF"
          }
        ],
        "stop_id": "2.1616.690523",
        "stop_name": "Pg Pujades - Parc de la Ciutadella"
      }
    },
    {
      "type": "Feature",
      "geometry": {
        "type": "Point",
        "coordinates": [
          2.119037,
          41.334345
        ]
      },
      "properties": {
        "routes": [
          {
            "color": "#DA291C",
            "long_name": "Hospital Clínic / Polígon Zona Franca",
            "route_type": 3,
            "short_name": "109",
            "text_color": "#FFFFFF"
          },
          {
            "color": "#DA291C",
            "long_name": "Paral·lel / El Prat",
            "route_type": 3,
            "short_name": "21",
            "text_color": "#FFFFFF"
          }
        ],
        "stop_id": "2.1617.684710",
        "stop_name": "Carrer número 4 - Mercabarna"
      }
    },
    {
      "type": "Feature",
      "geometry": {
        "type": "Point",
        "coordinates": [
          2.122905,
          41.33299
        ]
      },
      "properties": {
        "routes": [
          {
            "color": "#DA291C",
            "long_name": "Hospital Clínic / Polígon Zona Franca",
            "route_type": 3,
            "short_name": "109",
            "text_color": "#FFFFFF"
          },
          {
            "color": "#DA291C",
            "long_name": "Paral·lel / El Prat",
            "route_type": 3,
            "short_name": "21",
            "text_color": "#FFFFFF"
          }
        ],
        "stop_id": "2.1618.675924",
        "stop_name": "Carrer número 4 - Carrer F"
      }
    },
    {
      "type": "Feature",
      "geometry": {
        "type": "Point",
        "coordinates": [
          2.125338,
          41.332135
        ]
      },
      "properties": {
        "routes": [
          {
            "color": "#DA291C",
            "long_name": "Hospital Clínic / Polígon Zona Franca",
            "route_type": 3,
            "short_name": "109",
            "text_color": "#FFFFFF"
          },
          {
            "color": "#DA291C",
            "long_name": "Paral·lel / El Prat",
            "route_type": 3,
            "short_name": "21",
            "text_color": "#FFFFFF"
          }
        ],
        "stop_id": "2.1619.675925",
        "stop_name": "Carrer número 4 - Carrer E"
      }
    },
    {
      "type": "Feature",
      "geometry": {
        "type": "Point",
        "coordinates": [
          2.159895,
          41.37488
        ]
      },
      "properties": {
        "routes": [
          {
            "color": "#93107E",
            "long_name": "Pg. Marítim / Ernest Lluch",
            "route_type": 3,
            "short_name": "D20",
            "text_color": "#FFFFFF"
          },
          {
            "color": "#010101",
            "long_name": "Paral·lel - L'Hospitalet (Av. Carrilet)",
            "route_type": 3,
            "short_name": "X3",
            "text_color": "#FFFFFF"
          }
        ],
        "stop_id": "2.1620.691595",
        "stop_name": "Metro Poble Sec"
      }
    },
    {
      "type": "Feature",
      "geometry": {
        "type": "Point",
        "coordinates": [
          2.191899,
          41.390871
        ]
      },
      "properties": {
        "routes": [
          {
            "color": "#DA291C",
            "long_name": "Pg. Marítim / Verneda",
            "route_type": 3,
            "short_name": "136",
            "text_color": "#FFFFFF"
          },
          {
            "color": "#6AB023",
            "long_name": "Pg. Marítim / Montbau",
            "route_type": 3,
            "short_name": "V21",
            "text_color": "#FFFFFF"
          }
        ],
        "stop_id": "2.1631.674484",
        "stop_name": "Marina - Ramon Turró"
      }
    },
    {
      "type": "Feature",
      "geometry": {
        "type": "Point",
        "coordinates": [
          2.140311,
          41.334949
        ]
      },
      "properties": {
        "routes": [
          {
            "color": "#DA291C",
            "long_name": "Hospital Clínic / Polígon Zona Franca",
            "route_type": 3,
            "short_name": "109",
            "text_color": "#FFFFFF"
          },
          {
            "color": "#DA291C",
            "long_name": "Paral·lel / El Prat",
            "route_type": 3,
            "short_name": "21",
            "text_color": "#FFFFFF"
          }
        ],
        "stop_id": "2.1638.675928",
        "stop_name": "Carrer A - Carrer número 3"
      }
    },
    {
      "type": "Feature",
      "geometry": {
        "type": "Point",
        "coordinates": [
          2.142164,
          41.338013
        ]
      },
      "properties": {
        "routes": [
          {
            "color": "#DA291C",
            "long_name": "Hospital Clínic / Polígon Zona Franca",
            "route_type": 3,
            "short_name": "109",
            "text_color": "#FFFFFF"
          },
          {
            "color": "#DA291C",
            "long_name": "Paral·lel / El Prat",
            "route_type": 3,
            "short_name": "21",
            "text_color": "#FFFFFF"
          }
        ],
        "stop_id": "2.1639.675929",
        "stop_name": "Carrer A- Comissaria Portuària"
      }
    },
    {
      "type": "Feature",
      "geometry": {
        "type": "Point",
        "coordinates": [
          2.142583,
          41.339524
        ]
      },
      "properties": {
        "routes": [
          {
            "color": "#DA291C",
            "long_name": "Hospital Clínic / Polígon Zona Franca",
            "route_type": 3,
            "short_name": "109",
            "text_color": "#FFFFFF"
          },
          {
            "color": "#DA291C",
            "long_name": "Paral·lel / El Prat",
            "route_type": 3,
            "short_name": "21",
            "text_color": "#FFFFFF"
          }
        ],
        "stop_id": "2.1640.698013",
        "stop_name": "Carrer A - Comissaria Portuària"
      }
    },
    {
      "type": "Feature",
      "geometry": {
        "type": "Point",
        "coordinates": [
          2.137357,
          41.331041
        ]
      },
      "properties": {
        "routes": [
          {
            "color": "#DA291C",
            "long_name": "Hospital Clínic / Polígon Zona Franca",
            "route_type": 3,
            "short_name": "109",
            "text_color": "#FFFFFF"
          },
          {
            "color": "#DA291C",
            "long_name": "Paral·lel / El Prat",
            "route_type": 3,
            "short_name": "21",
            "text_color": "#FFFFFF"
          }
        ],
        "stop_id": "2.1641.675818",
        "stop_name": "Carrer A - Carrer número 3"
      }
    },
    {
      "type": "Feature",
      "geometry": {
        "type": "Point",
        "coordinates": [
          2.136191,
          41.329164
        ]
      },
      "properties": {
        "routes": [
          {
            "color": "#DA291C",
            "long_name": "Hospital Clínic / Polígon Zona Franca",
            "route_type": 3,
            "short_name": "109",
            "text_color": "#FFFFFF"
          },
          {
            "color": "#DA291C",
            "long_name": "Paral·lel / El Prat",
            "route_type": 3,
            "short_name": "21",
            "text_color": "#FFFFFF"
          }
        ],
        "stop_id": "2.1642.675819",
        "stop_name": "Carrer A - Carrer número 4"
      }
    },
    {
      "type": "Feature",
      "geometry": {
        "type": "Point",
        "coordinates": [
          2.117334,
          41.334052
        ]
      },
      "properties": {
        "routes": [
          {
            "color": "#DA291C",
            "long_name": "Hospital Clínic / Polígon Zona Franca",
            "route_type": 3,
            "short_name": "109",
            "text_color": "#FFFFFF"
          }
        ],
        "stop_id": "2.1643.675922",
        "stop_name": "Mercabarna - Mercat del Peix"
      }
    },
    {
      "type": "Feature",
      "geometry": {
        "type": "Point",
        "coordinates": [
          2.112228,
          41.376343
        ]
      },
      "properties": {
        "routes": [
          {
            "color": "#93107E",
            "long_name": "Pg. Marítim / Ernest Lluch",
            "route_type": 3,
            "short_name": "D20",
            "text_color": "#FFFFFF"
          },
          {
            "color": "#003888",
            "long_name": "Ernest Lluch / Bon Pastor",
            "route_type": 3,
            "short_name": "H8",
            "text_color": "#FFFFFF"
          }
        ],
        "stop_id": "2.1649.698914",
        "stop_name": "Camí de la Torre Melina - Av de Xile"
      }
    },
    {
      "type": "Feature",
      "geometry": {
        "type": "Point",
        "coordinates": [
          2.11435,
          41.381439
        ]
      },
      "properties": {
        "routes": [
          {
            "color": "#DA291C",
            "long_name": "La Mercè",
            "route_type": 3,
            "short_name": "113",
            "text_color": "#FFFFFF"
          },
          {
            "color": "#6AB023",
            "long_name": "Districte Gran Via l'Hospitalet / Av. Esplugues",
            "route_type": 3,
            "short_name": "V1",
            "text_color": "#FFFFFF"
          }
        ],
        "stop_id": "2.1650.675305",
        "stop_name": "Av Doctor Marañón - Av de Xile"
      }
    },
    {
      "type": "Feature",
      "geometry": {
        "type": "Point",
        "coordinates": [
          2.074911,
          41.363693
        ]
      },
      "properties": {
        "routes": [
          {
            "color": "#DA291C",
            "long_name": "Hospital Clínic / Cornellà",
            "route_type": 3,
            "short_name": "68",
            "text_color": "#FFFFFF"
          },
          {
            "color": "#DA291C",
            "long_name": "Circular Cornellà 1",
            "route_type": 3,
            "short_name": "95",
            "text_color": "#FFFFFF"
          }
        ],
        "stop_id": "2.1653.696313",
        "stop_name": "Ctra d'Esplugues - Feliu i Codina"
      }
    },
    {
      "type": "Feature",
      "geometry": {
        "type": "Point",
        "coordinates": [
          2.072433,
          41.361171
        ]
      },
      "properties": {
        "routes": [
          {
            "color": "#DA291C",
            "long_name": "Hospital Clínic / Cornellà",
            "route_type": 3,
            "short_name": "68",
            "text_color": "#FFFFFF"
          },
          {
            "color": "#DA291C",
            "long_name": "Circular Cornellà 1",
            "route_type": 3,
            "short_name": "95",
            "text_color": "#FFFFFF"
          }
        ],
        "stop_id": "2.1654.691548",
        "stop_name": "Ctra d'Esplugues - Torras i Bages"
      }
    },
    {
      "type": "Feature",
      "geometry": {
        "type": "Point",
        "coordinates": [
          2.082816,
          41.362768
        ]
      },
      "properties": {
        "routes": [
          {
            "color": "#DA291C",
            "long_name": "Pl. Catalunya / Cornellà",
            "route_type": 3,
            "short_name": "67",
            "text_color": "#FFFFFF"
          },
          {
            "color": "#DA291C",
            "long_name": "Circular Cornellà 2",
            "route_type": 3,
            "short_name": "94",
            "text_color": "#FFFFFF"
          }
        ],
        "stop_id": "2.1655.675528",
        "stop_name": "Av Sant Ildefons - Av República Argentina"
      }
    },
    {
      "type": "Feature",
      "geometry": {
        "type": "Point",
        "coordinates": [
          2.080818,
          41.36049
        ]
      },
      "properties": {
        "routes": [
          {
            "color": "#DA291C",
            "long_name": "Pl. Catalunya / Cornellà",
            "route_type": 3,
            "short_name": "67",
            "text_color": "#FFFFFF"
          },
          {
            "color": "#DA291C",
            "long_name": "Circular Cornellà 2",
            "route_type": 3,
            "short_name": "94",
            "text_color": "#FFFFFF"
          }
        ],
        "stop_id": "2.1656.675525",
        "stop_name": "Av Sant Ildefons - Bruc"
      }
    },
    {
      "type": "Feature",
      "geometry": {
        "type": "Point",
        "coordinates": [
          2.070638,
          41.368507
        ]
      },
      "properties": {
        "routes": [
          {
            "color": "#DA291C",
            "long_name": "Estació de Sants / Sant Joan Despí",
            "route_type": 3,
            "short_name": "78",
            "text_color": "#FFFFFF"
          }
        ],
        "stop_id": "2.1657.688881",
        "stop_name": "Av Barcelona - Mare de Déu de la Mercè"
      }
    },
    {
      "type": "Feature",
      "geometry": {
        "type": "Point",
        "coordinates": [
          2.145284,
          41.343925
        ]
      },
      "properties": {
        "routes": [
          {
            "color": "#DA291C",
            "long_name": "Hospital Clínic / Polígon Zona Franca",
            "route_type": 3,
            "short_name": "109",
            "text_color": "#FFFFFF"
          },
          {
            "color": "#DA291C",
            "long_name": "Paral·lel / El Prat",
            "route_type": 3,
            "short_name": "21",
            "text_color": "#FFFFFF"
          },
          {
            "color": "#DA291C",
            "long_name": "Pl. Espanya / Parc Logístic",
            "route_type": 3,
            "short_name": "23",
            "text_color": "#FFFFFF"
          }
        ],
        "stop_id": "2.1669.698023",
        "stop_name": "Carrer A - Carrer número 1"
      }
    },
    {
      "type": "Feature",
      "geometry": {
        "type": "Point",
        "coordinates": [
          2.14228,
          41.346736
        ]
      },
      "properties": {
        "routes": [
          {
            "color": "#DA291C",
            "long_name": "Hospital Clínic / Polígon Zona Franca",
            "route_type": 3,
            "short_name": "109",
            "text_color": "#FFFFFF"
          },
          {
            "color": "#DA291C",
            "long_name": "Paral·lel / El Prat",
            "route_type": 3,
            "short_name": "21",
            "text_color": "#FFFFFF"
          },
          {
            "color": "#DA291C",
            "long_name": "Pl. Espanya / Parc Logístic",
            "route_type": 3,
            "short_name": "23",
            "text_color": "#FFFFFF"
          },
          {
            "color": "#6AB023",
            "long_name": "Zona Franca / Can Caralleu",
            "route_type": 3,
            "short_name": "V3",
            "text_color": "#FFFFFF"
          }
        ],
        "stop_id": "2.1670.688269",
        "stop_name": "Transports Metropolitans de Barcelona"
      }
    },
    {
      "type": "Feature",
      "geometry": {
        "type": "Point",
        "coordinates": [
          2.142219,
          41.346705
        ]
      },
      "properties": {
        "routes": [
          {
            "color": "#DA291C",
            "long_name": "Paral·lel / El Prat",
            "route_type": 3,
            "short_name": "21",
            "text_color": "#FFFFFF"
          }
        ],
        "stop_id": "2.1671.675007",
        "stop_name": "Area Metropolitana de Barcelona"
      }
    },
    {
      "type": "Feature",
      "geometry": {
        "type": "Point",
        "coordinates": [
          2.077387,
          41.378633
        ]
      },
      "properties": {
        "routes": [
          {
            "color": "#DA291C",
            "long_name": "Collblanc / Sant Joan Despí",
            "route_type": 3,
            "short_name": "157",
            "text_color": "#FFFFFF"
          },
          {
            "color": "#DA291C",
            "long_name": "Pl.Catalunya / Sant Joan Despí",
            "route_type": 3,
            "short_name": "63",
            "text_color": "#FFFFFF"
          }
        ],
        "stop_id": "2.1697.695196",
        "stop_name": "Ctra Reial - Ateneu"
      }
    },
    {
      "type": "Feature",
      "geometry": {
        "type": "Point",
        "coordinates": [
          2.119821,
          41.377057
        ]
      },
      "properties": {
        "routes": [
          {
            "color": "#DA291C",
            "long_name": "Collblanc / Sant Joan Despí",
            "route_type": 3,
            "short_name": "157",
            "text_color": "#FFFFFF"
          },
          {
            "color": "#DA291C",
            "long_name": "Estació del Nord / Cardenal Reig",
            "route_type": 3,
            "short_name": "54",
            "text_color": "#FFFFFF"
          },
          {
            "color": "#93107E",
            "long_name": "Pg. Marítim / Ernest Lluch",
            "route_type": 3,
            "short_name": "D20",
            "text_color": "#FFFFFF"
          },
          {
            "color": "#003888",
            "long_name": "Ernest Lluch / Bon Pastor",
            "route_type": 3,
            "short_name": "H8",
            "text_color": "#FFFFFF"
          }
        ],
        "stop_id": "2.1713.691613",
        "stop_name": "Les Corts - Aurora Bertrana"
      }
    },
    {
      "type": "Feature",
      "geometry": {
        "type": "Point",
        "coordinates": [
          2.101576,
          41.37649
        ]
      },
      "properties": {
        "routes": [
          {
            "color": "#DA291C",
            "long_name": "Collblanc / Sant Joan Despí",
            "route_type": 3,
            "short_name": "157",
            "text_color": "#FFFFFF"
          }
        ],
        "stop_id": "2.1725.688475",
        "stop_name": "Complex Esportiu Hospitalet Nord"
      }
    },
    {
      "type": "Feature",
      "geometry": {
        "type": "Point",
        "coordinates": [
          2.095614,
          41.376918
        ]
      },
      "properties": {
        "routes": [
          {
            "color": "#DA291C",
            "long_name": "Collblanc / Sant Joan Despí",
            "route_type": 3,
            "short_name": "157",
            "text_color": "#FFFFFF"
          }
        ],
        "stop_id": "2.1726.696794",
        "stop_name": "Comissaria Mossos d'Esquadra"
      }
    },
    {
      "type": "Feature",
      "geometry": {
        "type": "Point",
        "coordinates": [
          2.087016,
          41.34969
        ]
      },
      "properties": {
        "routes": [
          {
            "color": "#DA291C",
            "long_name": "Circular Cornellà 1",
            "route_type": 3,
            "short_name": "95",
            "text_color": "#FFFFFF"
          }
        ],
        "stop_id": "2.1728.675547",
        "stop_name": "Av Maresme - Av de la Fama"
      }
    },
    {
      "type": "Feature",
      "geometry": {
        "type": "Point",
        "coordinates": [
          2.148719,
          41.346925
        ]
      },
      "properties": {
        "routes": [
          {
            "color": "#DA291C",
            "long_name": "Paral·lel / El Prat",
            "route_type": 3,
            "short_name": "21",
            "text_color": "#FFFFFF"
          }
        ],
        "stop_id": "2.1736.675009",
        "stop_name": "Estació TIR - Pg Zona Franca"
      }
    },
    {
      "type": "Feature",
      "geometry": {
        "type": "Point",
        "coordinates": [
          2.137157,
          41.32987
        ]
      },
      "properties": {
        "routes": [
          {
            "color": "#DA291C",
            "long_name": "Hospital Clínic / Polígon Zona Franca",
            "route_type": 3,
            "short_name": "109",
            "text_color": "#FFFFFF"
          },
          {
            "color": "#DA291C",
            "long_name": "Paral·lel / El Prat",
            "route_type": 3,
            "short_name": "21",
            "text_color": "#FFFFFF"
          }
        ],
        "stop_id": "2.1741.688581",
        "stop_name": "Cotxeres TB Zona Franca"
      }
    },
    {
      "type": "Feature",
      "geometry": {
        "type": "Point",
        "coordinates": [
          2.091891,
          41.377829
        ]
      },
      "properties": {
        "routes": [
          {
            "color": "#DA291C",
            "long_name": "Pl.Catalunya / Sant Joan Despí",
            "route_type": 3,
            "short_name": "63",
            "text_color": "#FFFFFF"
          },
          {
            "color": "#DA291C",
            "long_name": "Pl. Catalunya / Cornellà",
            "route_type": 3,
            "short_name": "67",
            "text_color": "#FFFFFF"
          },
          {
            "color": "#DA291C",
            "long_name": "Hospital Clínic / Cornellà",
            "route_type": 3,
            "short_name": "68",
            "text_color": "#FFFFFF"
          },
          {
            "color": "#DA291C",
            "long_name": "Estació de Sants / Sant Joan Despí",
            "route_type": 3,
            "short_name": "78",
            "text_color": "#FFFFFF"
          }
        ],
        "stop_id": "2.1746.686142",
        "stop_name": "Av dels Països Catalans - Laureà Miró"
      }
    },
    {
      "type": "Feature",
      "geometry": {
        "type": "Point",
        "coordinates": [
          2.094964,
          41.379655
        ]
      },
      "properties": {
        "routes": [
          {
            "color": "#DA291C",
            "long_name": "Pl.Catalunya / Sant Joan Despí",
            "route_type": 3,
            "short_name": "63",
            "text_color": "#FFFFFF"
          },
          {
            "color": "#DA291C",
            "long_name": "Pl. Catalunya / Cornellà",
            "route_type": 3,
            "short_name": "67",
            "text_color": "#FFFFFF"
          },
          {
            "color": "#DA291C",
            "long_name": "Hospital Clínic / Cornellà",
            "route_type": 3,
            "short_name": "68",
            "text_color": "#FFFFFF"
          },
          {
            "color": "#DA291C",
            "long_name": "Estació de Sants / Sant Joan Despí",
            "route_type": 3,
            "short_name": "78",
            "text_color": "#FFFFFF"
          }
        ],
        "stop_id": "2.1747.675488",
        "stop_name": "Secretaria General de l'Esport"
      }
    },
    {
      "type": "Feature",
      "geometry": {
        "type": "Point",
        "coordinates": [
          2.076869,
          41.378569
        ]
      },
      "properties": {
        "routes": [
          {
            "color": "#DA291C",
            "long_name": "Collblanc / Sant Joan Despí",
            "route_type": 3,
            "short_name": "157",
            "text_color": "#FFFFFF"
          },
          {
            "color": "#DA291C",
            "long_name": "Pl.Catalunya / Sant Joan Despí",
            "route_type": 3,
            "short_name": "63",
            "text_color": "#FFFFFF"
          }
        ],
        "stop_id": "2.1749.691734",
        "stop_name": "Ctra Reial - Rambla Modolell"
      }
    },
    {
      "type": "Feature",
      "geometry": {
        "type": "Point",
        "coordinates": [
          2.079496,
          41.378268
        ]
      },
      "properties": {
        "routes": [
          {
            "color": "#DA291C",
            "long_name": "Collblanc / Sant Joan Despí",
            "route_type": 3,
            "short_name": "157",
            "text_color": "#FFFFFF"
          },
          {
            "color": "#DA291C",
            "long_name": "Pl.Catalunya / Sant Joan Despí",
            "route_type": 3,
            "short_name": "63",
            "text_color": "#FFFFFF"
          }
        ],
        "stop_id": "2.1750.691728",
        "stop_name": "Can Ristol"
      }
    },
    {
      "type": "Feature",
      "geometry": {
        "type": "Point",
        "coordinates": [
          2.082374,
          41.377957
        ]
      },
      "properties": {
        "routes": [
          {
            "color": "#DA291C",
            "long_name": "Collblanc / Sant Joan Despí",
            "route_type": 3,
            "short_name": "157",
            "text_color": "#FFFFFF"
          },
          {
            "color": "#DA291C",
            "long_name": "Pl.Catalunya / Sant Joan Despí",
            "route_type": 3,
            "short_name": "63",
            "text_color": "#FFFFFF"
          }
        ],
        "stop_id": "2.1751.675504",
        "stop_name": "Laureà Miró - Alcalde Martí Figueras i Castillo"
      }
    },
    {
      "type": "Feature",
      "geometry": {
        "type": "Point",
        "coordinates": [
          2.127706,
          41.378713
        ]
      },
      "properties": {
        "routes": [
          {
            "color": "#DA291C",
            "long_name": "Estació del Nord / Cardenal Reig",
            "route_type": 3,
            "short_name": "54",
            "text_color": "#FFFFFF"
          },
          {
            "color": "#93107E",
            "long_name": "Pg. Marítim / Ernest Lluch",
            "route_type": 3,
            "short_name": "D20",
            "text_color": "#FFFFFF"
          }
        ],
        "stop_id": "2.1752.688987",
        "stop_name": "Av Madrid - Carles III"
      }
    },
    {
      "type": "Feature",
      "geometry": {
        "type": "Point",
        "coordinates": [
          2.125406,
          41.377393
        ]
      },
      "properties": {
        "routes": [
          {
            "color": "#DA291C",
            "long_name": "Estació del Nord / Cardenal Reig",
            "route_type": 3,
            "short_name": "54",
            "text_color": "#FFFFFF"
          },
          {
            "color": "#93107E",
            "long_name": "Pg. Marítim / Ernest Lluch",
            "route_type": 3,
            "short_name": "D20",
            "text_color": "#FFFFFF"
          }
        ],
        "stop_id": "2.1753.688989",
        "stop_name": "Av Madrid - Benavent"
      }
    },
    {
      "type": "Feature",
      "geometry": {
        "type": "Point",
        "coordinates": [
          2.123659,
          41.376134
        ]
      },
      "properties": {
        "routes": [
          {
            "color": "#DA291C",
            "long_name": "Estació del Nord / Cardenal Reig",
            "route_type": 3,
            "short_name": "54",
            "text_color": "#FFFFFF"
          },
          {
            "color": "#93107E",
            "long_name": "Pg. Marítim / Ernest Lluch",
            "route_type": 3,
            "short_name": "D20",
            "text_color": "#FFFFFF"
          }
        ],
        "stop_id": "2.1754.679805",
        "stop_name": "Av Madrid - Comte de Güell"
      }
    },
    {
      "type": "Feature",
      "geometry": {
        "type": "Point",
        "coordinates": [
          2.122873,
          41.375605
        ]
      },
      "properties": {
        "routes": [
          {
            "color": "#DA291C",
            "long_name": "Pl. Catalunya / Collblanc",
            "route_type": 3,
            "short_name": "52",
            "text_color": "#FFFFFF"
          },
          {
            "color": "#93107E",
            "long_name": "Pg. Marítim / Ernest Lluch",
            "route_type": 3,
            "short_name": "D20",
            "text_color": "#FFFFFF"
          }
        ],
        "stop_id": "2.1755.686166",
        "stop_name": "Sants - Munné"
      }
    },
    {
      "type": "Feature",
      "geometry": {
        "type": "Point",
        "coordinates": [
          2.128797,
          41.375601
        ]
      },
      "properties": {
        "routes": [
          {
            "color": "#DA291C",
            "long_name": "Pl. Catalunya / Collblanc",
            "route_type": 3,
            "short_name": "52",
            "text_color": "#FFFFFF"
          },
          {
            "color": "#93107E",
            "long_name": "Pg. Marítim / Ernest Lluch",
            "route_type": 3,
            "short_name": "D20",
            "text_color": "#FFFFFF"
          }
        ],
        "stop_id": "2.1756.675280",
        "stop_name": "Metro Badal"
      }
    },
    {
      "type": "Feature",
      "geometry": {
        "type": "Point",
        "coordinates": [
          2.127962,
          41.375499
        ]
      },
      "properties": {
        "routes": [
          {
            "color": "#DA291C",
            "long_name": "Pl. Catalunya / Collblanc",
            "route_type": 3,
            "short_name": "52",
            "text_color": "#FFFFFF"
          },
          {
            "color": "#93107E",
            "long_name": "Pg. Marítim / Ernest Lluch",
            "route_type": 3,
            "short_name": "D20",
            "text_color": "#FFFFFF"
          }
        ],
        "stop_id": "2.1766.686067",
        "stop_name": "Metro Badal"
      }
    },
    {
      "type": "Feature",
      "geometry": {
        "type": "Point",
        "coordinates": [
          2.13427,
          41.375489
        ]
      },
      "properties": {
        "routes": [
          {
            "color": "#DA291C",
            "long_name": "Pl. Catalunya / Collblanc",
            "route_type": 3,
            "short_name": "52",
            "text_color": "#FFFFFF"
          },
          {
            "color": "#93107E",
            "long_name": "Pg. Marítim / Ernest Lluch",
            "route_type": 3,
            "short_name": "D20",
            "text_color": "#FFFFFF"
          }
        ],
        "stop_id": "2.1767.675173",
        "stop_name": "Pl de Sants"
      }
    },
    {
      "type": "Feature",
      "geometry": {
        "type": "Point",
        "coordinates": [
          2.131029,
          41.375555
        ]
      },
      "properties": {
        "routes": [
          {
            "color": "#DA291C",
            "long_name": "Pl. Catalunya / Collblanc",
            "route_type": 3,
            "short_name": "52",
            "text_color": "#FFFFFF"
          },
          {
            "color": "#93107E",
            "long_name": "Pg. Marítim / Ernest Lluch",
            "route_type": 3,
            "short_name": "D20",
            "text_color": "#FFFFFF"
          }
        ],
        "stop_id": "2.1768.675282",
        "stop_name": "Sants - Rambla del Brasil"
      }
    },
    {
      "type": "Feature",
      "geometry": {
        "type": "Point",
        "coordinates": [
          2.133047,
          41.369376
        ]
      },
      "properties": {
        "routes": [
          {
            "color": "#6AB023",
            "long_name": "Zona Franca / Can Caralleu",
            "route_type": 3,
            "short_name": "V3",
            "text_color": "#FFFFFF"
          }
        ],
        "stop_id": "2.1769.675169",
        "stop_name": "Badal - Constitució"
      }
    },
    {
      "type": "Feature",
      "geometry": {
        "type": "Point",
        "coordinates": [
          2.148776,
          41.347015
        ]
      },
      "properties": {
        "routes": [
          {
            "color": "#DA291C",
            "long_name": "Hospital Clínic / Polígon Zona Franca",
            "route_type": 3,
            "short_name": "109",
            "text_color": "#FFFFFF"
          },
          {
            "color": "#DA291C",
            "long_name": "Paral·lel / El Prat",
            "route_type": 3,
            "short_name": "21",
            "text_color": "#FFFFFF"
          }
        ],
        "stop_id": "2.1781.675008",
        "stop_name": "Estació TIR - Ronda Litoral"
      }
    },
    {
      "type": "Feature",
      "geometry": {
        "type": "Point",
        "coordinates": [
          2.105187,
          41.343168
        ]
      },
      "properties": {
        "routes": [
          {
            "color": "#DA291C",
            "long_name": "Pl. Espanya / Aeroport BCN",
            "route_type": 3,
            "short_name": "46",
            "text_color": "#FFFFFF"
          },
          {
            "color": "#DA291C",
            "long_name": "Pl. Espanya / El Prat",
            "route_type": 3,
            "short_name": "65",
            "text_color": "#FFFFFF"
          }
        ],
        "stop_id": "2.1789.692052",
        "stop_name": "Hospital de Bellvitge"
      }
    },
    {
      "type": "Feature",
      "geometry": {
        "type": "Point",
        "coordinates": [
          2.191311,
          41.421084
        ]
      },
      "properties": {
        "routes": [
          {
            "color": "#DA291C",
            "long_name": "Pg. Manuel Girona / Pl. Virrei Amat",
            "route_type": 3,
            "short_name": "34",
            "text_color": "#FFFFFF"
          }
        ],
        "stop_id": "2.1791.697137",
        "stop_name": "Berenguer de Palou - Baixada de La Sagrera"
      }
    },
    {
      "type": "Feature",
      "geometry": {
        "type": "Point",
        "coordinates": [
          2.191309,
          41.418211
        ]
      },
      "properties": {
        "routes": [
          {
            "color": "#DA291C",
            "long_name": "Sant Andreu",
            "route_type": 3,
            "short_name": "126",
            "text_color": "#FFFFFF"
          },
          {
            "color": "#DA291C",
            "long_name": "Pg. Manuel Girona / Pl. Virrei Amat",
            "route_type": 3,
            "short_name": "34",
            "text_color": "#FFFFFF"
          }
        ],
        "stop_id": "2.1792.675336",
        "stop_name": "Sagrera - Pl del General Moragues"
      }
    },
    {
      "type": "Feature",
      "geometry": {
        "type": "Point",
        "coordinates": [
          2.169782,
          41.386255
        ]
      },
      "properties": {
        "routes": [
          {
            "color": "#DA291C",
            "long_name": "Pl.Catalunya / Sant Joan Despí",
            "route_type": 3,
            "short_name": "63",
            "text_color": "#FFFFFF"
          }
        ],
        "stop_id": "2.1797.675863",
        "stop_name": "Plaça Catalunya - Final de trajecte"
      }
    },
    {
      "type": "Feature",
      "geometry": {
        "type": "Point",
        "coordinates": [
          2.165212,
          41.36864
        ]
      },
      "properties": {
        "routes": [
          {
            "color": "#DA291C",
            "long_name": "Pl. Urquinaona / Parc de Montjuïc",
            "route_type": 3,
            "short_name": "55",
            "text_color": "#FFFFFF"
          }
        ],
        "stop_id": "2.1826.675153",
        "stop_name": "Pl Dante - Final de trajecte"
      }
    },
    {
      "type": "Feature",
      "geometry": {
        "type": "Point",
        "coordinates": [
          2.183588,
          41.421444
        ]
      },
      "properties": {
        "routes": [
          {
            "color": "#DA291C",
            "long_name": "Pl. Congrés / Can Baró",
            "route_type": 3,
            "short_name": "191",
            "text_color": "#FFFFFF"
          }
        ],
        "stop_id": "2.1835.681349",
        "stop_name": "Olesa - Campo Florido"
      }
    },
    {
      "type": "Feature",
      "geometry": {
        "type": "Point",
        "coordinates": [
          2.145704,
          41.376557
        ]
      },
      "properties": {
        "routes": [
          {
            "color": "#DA291C",
            "long_name": "La Bordeta",
            "route_type": 3,
            "short_name": "115",
            "text_color": "#FFFFFF"
          },
          {
            "color": "#6AB023",
            "long_name": "Mare de Déu de Port / Pedralbes",
            "route_type": 3,
            "short_name": "V5",
            "text_color": "#FFFFFF"
          }
        ],
        "stop_id": "2.1841.686030",
        "stop_name": "Consell de Cent - Rector Triadó"
      }
    },
    {
      "type": "Feature",
      "geometry": {
        "type": "Point",
        "coordinates": [
          2.142472,
          41.374266
        ]
      },
      "properties": {
        "routes": [
          {
            "color": "#DA291C",
            "long_name": "La Bordeta",
            "route_type": 3,
            "short_name": "115",
            "text_color": "#FFFFFF"
          },
          {
            "color": "#6AB023",
            "long_name": "Mare de Déu de Port / Pedralbes",
            "route_type": 3,
            "short_name": "V5",
            "text_color": "#FFFFFF"
          }
        ],
        "stop_id": "2.1842.694031",
        "stop_name": "Moianès - Vilardell"
      }
    },
    {
      "type": "Feature",
      "geometry": {
        "type": "Point",
        "coordinates": [
          2.134587,
          41.369524
        ]
      },
      "properties": {
        "routes": [
          {
            "color": "#DA291C",
            "long_name": "La Bordeta",
            "route_type": 3,
            "short_name": "115",
            "text_color": "#FFFFFF"
          },
          {
            "color": "#DA291C",
            "long_name": "Manso / La Bordeta",
            "route_type": 3,
            "short_name": "91",
            "text_color": "#FFFFFF"
          }
        ],
        "stop_id": "2.1848.692258",
        "stop_name": "Constitució - Riera de Tena"
      }
    },
    {
      "type": "Feature",
      "geometry": {
        "type": "Point",
        "coordinates": [
          2.13771,
          41.370357
        ]
      },
      "properties": {
        "routes": [
          {
            "color": "#DA291C",
            "long_name": "La Bordeta",
            "route_type": 3,
            "short_name": "115",
            "text_color": "#FFFFFF"
          },
          {
            "color": "#6AB023",
            "long_name": "Mare de Déu de Port / Pedralbes",
            "route_type": 3,
            "short_name": "V5",
            "text_color": "#FFFFFF"
          }
        ],
        "stop_id": "2.1849.685785",
        "stop_name": "Olzinelles - Constitució"
      }
    },
    {
      "type": "Feature",
      "geometry": {
        "type": "Point",
        "coordinates": [
          2.137049,
          41.371937
        ]
      },
      "properties": {
        "routes": [
          {
            "color": "#DA291C",
            "long_name": "La Bordeta",
            "route_type": 3,
            "short_name": "115",
            "text_color": "#FFFFFF"
          },
          {
            "color": "#6AB023",
            "long_name": "Mare de Déu de Port / Pedralbes",
            "route_type": 3,
            "short_name": "V5",
            "text_color": "#FFFFFF"
          }
        ],
        "stop_id": "2.1850.675890",
        "stop_name": "Olzinelles - Noguera Pallaresa"
      }
    },
    {
      "type": "Feature",
      "geometry": {
        "type": "Point",
        "coordinates": [
          2.136371,
          41.374228
        ]
      },
      "properties": {
        "routes": [
          {
            "color": "#DA291C",
            "long_name": "La Bordeta",
            "route_type": 3,
            "short_name": "115",
            "text_color": "#FFFFFF"
          },
          {
            "color": "#6AB023",
            "long_name": "Mare de Déu de Port / Pedralbes",
            "route_type": 3,
            "short_name": "V5",
            "text_color": "#FFFFFF"
          }
        ],
        "stop_id": "2.1851.686140",
        "stop_name": "Pl Bonet i Muixí"
      }
    },
    {
      "type": "Feature",
      "geometry": {
        "type": "Point",
        "coordinates": [
          2.122464,
          41.383518
        ]
      },
      "properties": {
        "routes": [
          {
            "color": "#DA291C",
            "long_name": "La Mercè",
            "route_type": 3,
            "short_name": "113",
            "text_color": "#FFFFFF"
          }
        ],
        "stop_id": "2.1862.699380",
        "stop_name": "Av Joan XXIII - Maternitat"
      }
    },
    {
      "type": "Feature",
      "geometry": {
        "type": "Point",
        "coordinates": [
          2.109948,
          41.388114
        ]
      },
      "properties": {
        "routes": [
          {
            "color": "#DA291C",
            "long_name": "La Mercè",
            "route_type": 3,
            "short_name": "113",
            "text_color": "#FFFFFF"
          }
        ],
        "stop_id": "2.1863.675966",
        "stop_name": "Sor Eulàlia d'Anzizu - Gran Capità"
      }
    },
    {
      "type": "Feature",
      "geometry": {
        "type": "Point",
        "coordinates": [
          2.112436,
          41.389938
        ]
      },
      "properties": {
        "routes": [
          {
            "color": "#DA291C",
            "long_name": "La Mercè",
            "route_type": 3,
            "short_name": "113",
            "text_color": "#FFFFFF"
          }
        ],
        "stop_id": "2.1864.675967",
        "stop_name": "Sor Eulàlia d'Anzizu - Dulcet"
      }
    },
    {
      "type": "Feature",
      "geometry": {
        "type": "Point",
        "coordinates": [
          2.110861,
          41.391528
        ]
      },
      "properties": {
        "routes": [
          {
            "color": "#DA291C",
            "long_name": "La Mercè",
            "route_type": 3,
            "short_name": "113",
            "text_color": "#FFFFFF"
          }
        ],
        "stop_id": "2.1865.675968",
        "stop_name": "Miret i Sans - Av d'Esplugues"
      }
    },
    {
      "type": "Feature",
      "geometry": {
        "type": "Point",
        "coordinates": [
          2.103567,
          41.389236
        ]
      },
      "properties": {
        "routes": [
          {
            "color": "#DA291C",
            "long_name": "La Mercè",
            "route_type": 3,
            "short_name": "113",
            "text_color": "#FFFFFF"
          }
        ],
        "stop_id": "2.1869.675972",
        "stop_name": "Torrent de les Roses - Mare de Déu de la Merçé"
      }
    },
    {
      "type": "Feature",
      "geometry": {
        "type": "Point",
        "coordinates": [
          2.104321,
          41.389088
        ]
      },
      "properties": {
        "routes": [
          {
            "color": "#DA291C",
            "long_name": "La Mercè",
            "route_type": 3,
            "short_name": "113",
            "text_color": "#FFFFFF"
          }
        ],
        "stop_id": "2.1870.697990",
        "stop_name": "Pl Coll de Finestrelles"
      }
    },
    {
      "type": "Feature",
      "geometry": {
        "type": "Point",
        "coordinates": [
          2.191262,
          41.404189
        ]
      },
      "properties": {
        "routes": [
          {
            "color": "#DA291C",
            "long_name": "Fòrum / Zona Universitària",
            "route_type": 3,
            "short_name": "7",
            "text_color": "#FFFFFF"
          },
          {
            "color": "#6AB023",
            "long_name": "Nova Icària / Horta",
            "route_type": 3,
            "short_name": "V25",
            "text_color": "#FFFFFF"
          },
          {
            "color": "#010101",
            "long_name": "BCN Centre-F.Macià / BCN Centre-Glòries",
            "route_type": 3,
            "short_name": "X1",
            "text_color": "#FFFFFF"
          }
        ],
        "stop_id": "2.1879.679497",
        "stop_name": "Diagonal - Ciutat de Granada"
      }
    },
    {
      "type": "Feature",
      "geometry": {
        "type": "Point",
        "coordinates": [
          2.191227,
          41.404571
        ]
      },
      "properties": {
        "routes": [
          {
            "color": "#DA291C",
            "long_name": "Fòrum / Zona Universitària",
            "route_type": 3,
            "short_name": "7",
            "text_color": "#FFFFFF"
          },
          {
            "color": "#003888",
            "long_name": "Gornal / Besòs Verneda",
            "route_type": 3,
            "short_name": "H12",
            "text_color": "#FFFFFF"
          },
          {
            "color": "#6AB023",
            "long_name": "Nova Icària / Horta",
            "route_type": 3,
            "short_name": "V25",
            "text_color": "#FFFFFF"
          }
        ],
        "stop_id": "2.1880.675931",
        "stop_name": "Diagonal - Roc Boronat"
      }
    },
    {
      "type": "Feature",
      "geometry": {
        "type": "Point",
        "coordinates": [
          2.104711,
          41.385277
        ]
      },
      "properties": {
        "routes": [
          {
            "color": "#DA291C",
            "long_name": "Pl.Catalunya / Sant Joan Despí",
            "route_type": 3,
            "short_name": "63",
            "text_color": "#FFFFFF"
          },
          {
            "color": "#DA291C",
            "long_name": "Hospital Clínic / Cornellà",
            "route_type": 3,
            "short_name": "68",
            "text_color": "#FFFFFF"
          },
          {
            "color": "#DA291C",
            "long_name": "Estació de Sants / Sant Joan Despí",
            "route_type": 3,
            "short_name": "78",
            "text_color": "#FFFFFF"
          }
        ],
        "stop_id": "2.1881.675942",
        "stop_name": "Parc de Cervantes"
      }
    },
    {
      "type": "Feature",
      "geometry": {
        "type": "Point",
        "coordinates": [
          2.194704,
          41.405444
        ]
      },
      "properties": {
        "routes": [
          {
            "color": "#DA291C",
            "long_name": "Fòrum / Zona Universitària",
            "route_type": 3,
            "short_name": "7",
            "text_color": "#FFFFFF"
          }
        ],
        "stop_id": "2.1894.679299",
        "stop_name": "Diagonal - Rambla del Poblenou"
      }
    },
    {
      "type": "Feature",
      "geometry": {
        "type": "Point",
        "coordinates": [
          2.183203,
          41.431626
        ]
      },
      "properties": {
        "routes": [
          {
            "color": "#DA291C",
            "long_name": "Fabra i Puig / Cementiri de Collserola",
            "route_type": 3,
            "short_name": "104",
            "text_color": "#FFFFFF"
          }
        ],
        "stop_id": "2.1901.699393",
        "stop_name": "Metro Fabra i Puig"
      }
    },
    {
      "type": "Feature",
      "geometry": {
        "type": "Point",
        "coordinates": [
          2.166933,
          41.385956
        ]
      },
      "properties": {
        "routes": [
          {
            "color": "#DA291C",
            "long_name": "Poblenou / Pl. Reina Maria Cristina",
            "route_type": 3,
            "short_name": "59",
            "text_color": "#FFFFFF"
          },
          {
            "color": "#DA291C",
            "long_name": "Pl.Catalunya / Sant Joan Despí",
            "route_type": 3,
            "short_name": "63",
            "text_color": "#FFFFFF"
          }
        ],
        "stop_id": "2.1905.696934",
        "stop_name": "Balmes - Pelai"
      }
    },
    {
      "type": "Feature",
      "geometry": {
        "type": "Point",
        "coordinates": [
          2.186733,
          41.414271
        ]
      },
      "properties": {
        "routes": [
          {
            "color": "#DA291C",
            "long_name": "\u003cM\u003e Clot / Ciutat Meridiana",
            "route_type": 3,
            "short_name": "62",
            "text_color": "#FFFFFF"
          },
          {
            "color": "#6AB023",
            "long_name": "Nova Icària / Horta",
            "route_type": 3,
            "short_name": "V25",
            "text_color": "#FFFFFF"
          }
        ],
        "stop_id": "2.1908.697885",
        "stop_name": "Meridiana - Navas de Tolosa"
      }
    },
    {
      "type": "Feature",
      "geometry": {
        "type": "Point",
        "coordinates": [
          2.14033,
          41.360594
        ]
      },
      "properties": {
        "routes": [
          {
            "color": "#DA291C",
            "long_name": "La Marina",
            "route_type": 3,
            "short_name": "125",
            "text_color": "#FFFFFF"
          },
          {
            "color": "#DA291C",
            "long_name": "Mercat Sant Antoni / Parc de Montjuïc",
            "route_type": 3,
            "short_name": "13",
            "text_color": "#FFFFFF"
          },
          {
            "color": "#6AB023",
            "long_name": "Mare de Déu de Port / Pedralbes",
            "route_type": 3,
            "short_name": "V5",
            "text_color": "#FFFFFF"
          }
        ],
        "stop_id": "2.1912.684268",
        "stop_name": "Mare de Déu de Port - Foneria"
      }
    },
    {
      "type": "Feature",
      "geometry": {
        "type": "Point",
        "coordinates": [
          2.142398,
          41.359782
        ]
      },
      "properties": {
        "routes": [
          {
            "color": "#DA291C",
            "long_name": "La Marina",
            "route_type": 3,
            "short_name": "125",
            "text_color": "#FFFFFF"
          }
        ],
        "stop_id": "2.1913.694033",
        "stop_name": "Alts Forns - Mare de Déu de Port"
      }
    },
    {
      "type": "Feature",
      "geometry": {
        "type": "Point",
        "coordinates": [
          2.144037,
          41.358417
        ]
      },
      "properties": {
        "routes": [
          {
            "color": "#DA291C",
            "long_name": "Mercat Sant Antoni / Parc de Montjuïc",
            "route_type": 3,
            "short_name": "13",
            "text_color": "#FFFFFF"
          },
          {
            "color": "#DA291C",
            "long_name": "Pl. Espanya / Parc Logístic",
            "route_type": 3,
            "short_name": "23",
            "text_color": "#FFFFFF"
          },
          {
            "color": "#6AB023",
            "long_name": "Mare de Déu de Port / Pedralbes",
            "route_type": 3,
            "short_name": "V5",
            "text_color": "#FFFFFF"
          },
          {
            "color": "#010101",
            "long_name": "Paral·lel - L'Hospitalet (Av. Carrilet)",
            "route_type": 3,
            "short_name": "X3",
            "text_color": "#FFFFFF"
          }
        ],
        "stop_id": "2.1914.675960",
        "stop_name": "Foc - Mare de Déu de Port"
      }
    },
    {
      "type": "Feature",
      "geometry": {
        "type": "Point",
        "coordinates": [
          2.14448,
          41.359464
        ]
      },
      "properties": {
        "routes": [
          {
            "color": "#DA291C",
            "long_name": "Mercat Sant Antoni / Parc de Montjuïc",
            "route_type": 3,
            "short_name": "13",
            "text_color": "#FFFFFF"
          }
        ],
        "stop_id": "2.1915.688250",
        "stop_name": "Ferrocarrils Catalans - Foc"
      }
    },
    {
      "type": "Feature",
      "geometry": {
        "type": "Point",
        "coordinates": [
          2.143043,
          41.360311
        ]
      },
      "properties": {
        "routes": [
          {
            "color": "#DA291C",
            "long_name": "Mercat Sant Antoni / Parc de Montjuïc",
            "route_type": 3,
            "short_name": "13",
            "text_color": "#FFFFFF"
          }
        ],
        "stop_id": "2.1916.691554",
        "stop_name": "Ferrocarrils Catalans - Alts Forns"
      }
    },
    {
      "type": "Feature",
      "geometry": {
        "type": "Point",
        "coordinates": [
          2.141343,
          41.361311
        ]
      },
      "properties": {
        "routes": [
          {
            "color": "#DA291C",
            "long_name": "La Marina",
            "route_type": 3,
            "short_name": "125",
            "text_color": "#FFFFFF"
          },
          {
            "color": "#DA291C",
            "long_name": "Mercat Sant Antoni / Parc de Montjuïc",
            "route_type": 3,
            "short_name": "13",
            "text_color": "#FFFFFF"
          },
          {
            "color": "#6AB023",
            "long_name": "Mare de Déu de Port / Pedralbes",
            "route_type": 3,
            "short_name": "V5",
            "text_color": "#FFFFFF"
          }
        ],
        "stop_id": "2.1917.697017",
        "stop_name": "Ferrocarrils Catalans - Aviador Duran"
      }
    },
    {
      "type": "Feature",
      "geometry": {
        "type": "Point",
        "coordinates": [
          2.073349,
          41.369312
        ]
      },
      "properties": {
        "routes": [
          {
            "color": "#DA291C",
            "long_name": "Collblanc / Sant Joan Despí",
            "route_type": 3,
            "short_name": "157",
            "text_color": "#FFFFFF"
          }
        ],
        "stop_id": "2.1922.688836",
        "stop_name": "Av Barcelona - Extremadura"
      }
    },
    {
      "type": "Feature",
      "geometry": {
        "type": "Point",
        "coordinates": [
          2.180522,
          41.432491
        ]
      },
      "properties": {
        "routes": [
          {
            "color": "#DA291C",
            "long_name": "Torre Llobeta / Prosperitat",
            "route_type": 3,
            "short_name": "132",
            "text_color": "#FFFFFF"
          }
        ],
        "stop_id": "2.1933.677798",
        "stop_name": "Pg Ciutat de Mallorca - Av Rio de Janeiro"
      }
    },
    {
      "type": "Feature",
      "geometry": {
        "type": "Point",
        "coordinates": [
          2.130816,
          41.391369
        ]
      },
      "properties": {
        "routes": [
          {
            "color": "#6AB023",
            "long_name": "Pl. Espanya / Sarrià",
            "route_type": 3,
            "short_name": "V7",
            "text_color": "#FFFFFF"
          }
        ],
        "stop_id": "2.1953.675999",
        "stop_name": "Numància - Ronda General Mitre"
      }
    },
    {
      "type": "Feature",
      "geometry": {
        "type": "Point",
        "coordinates": [
          2.140537,
          41.362561
        ]
      },
      "properties": {
        "routes": [
          {
            "color": "#DA291C",
            "long_name": "Mercat Sant Antoni / Parc de Montjuïc",
            "route_type": 3,
            "short_name": "13",
            "text_color": "#FFFFFF"
          }
        ],
        "stop_id": "2.1954.676002",
        "stop_name": "Segura - Anoia"
      }
    },
    {
      "type": "Feature",
      "geometry": {
        "type": "Point",
        "coordinates": [
          2.141768,
          41.362895
        ]
      },
      "properties": {
        "routes": [
          {
            "color": "#DA291C",
            "long_name": "La Marina",
            "route_type": 3,
            "short_name": "125",
            "text_color": "#FFFFFF"
          },
          {
            "color": "#DA291C",
            "long_name": "Mercat Sant Antoni / Parc de Montjuïc",
            "route_type": 3,
            "short_name": "13",
            "text_color": "#FFFFFF"
          }
        ],
        "stop_id": "2.1955.677995",
        "stop_name": "Segura - Foneria"
      }
    },
    {
      "type": "Feature",
      "geometry": {
        "type": "Point",
        "coordinates": [
          2.129587,
          41.377266
        ]
      },
      "properties": {
        "routes": [
          {
            "color": "#DA291C",
            "long_name": "Rambla de Badal / Bonanova",
            "route_type": 3,
            "short_name": "70",
            "text_color": "#FFFFFF"
          }
        ],
        "stop_id": "2.1970.683285",
        "stop_name": "Rambla del Brasil - Roger"
      }
    },
    {
      "type": "Feature",
      "geometry": {
        "type": "Point",
        "coordinates": [
          2.087735,
          41.354009
        ]
      },
      "properties": {
        "routes": [
          {
            "color": "#DA291C",
            "long_name": "Circular Cornellà 1",
            "route_type": 3,
            "short_name": "95",
            "text_color": "#FFFFFF"
          }
        ],
        "stop_id": "2.1975.695528",
        "stop_name": "Av Pablo Picasso - Salvador Dalí"
      }
    },
    {
      "type": "Feature",
      "geometry": {
        "type": "Point",
        "coordinates": [
          2.134108,
          41.366544
        ]
      },
      "properties": {
        "routes": [
          {
            "color": "#6AB023",
            "long_name": "Zona Franca / Can Caralleu",
            "route_type": 3,
            "short_name": "V3",
            "text_color": "#FFFFFF"
          }
        ],
        "stop_id": "2.1976.676520",
        "stop_name": "Badal - Av Carrilet"
      }
    },
    {
      "type": "Feature",
      "geometry": {
        "type": "Point",
        "coordinates": [
          2.152836,
          41.374825
        ]
      },
      "properties": {
        "routes": [
          {
            "color": "#010101",
            "long_name": "Prat XPRES (Pl. Espanya - Av. Remolar)",
            "route_type": 3,
            "short_name": "X2",
            "text_color": "#FFFFFF"
          }
        ],
        "stop_id": "2.1982.676178",
        "stop_name": "Av Paral·lel - Final de trajecte"
      }
    },
    {
      "type": "Feature",
      "geometry": {
        "type": "Point",
        "coordinates": [
          2.162298,
          41.406345
        ]
      },
      "properties": {
        "routes": [],
        "stop_id": "2.1984.676022",
        "stop_name": "Escorial - Sant Lluís"
      }
    },
    {
      "type": "Feature",
      "geometry": {
        "type": "Point",
        "coordinates": [
          2.153413,
          41.407008
        ]
      },
      "properties": {
        "routes": [],
        "stop_id": "2.1986.676024",
        "stop_name": "Sant Salvador - Verdi"
      }
    },
    {
      "type": "Feature",
      "geometry": {
        "type": "Point",
        "coordinates": [
          2.150858,
          41.408954
        ]
      },
      "properties": {
        "routes": [],
        "stop_id": "2.1987.676025",
        "stop_name": "Sargelet - Maignon"
      }
    },
    {
      "type": "Feature",
      "geometry": {
        "type": "Point",
        "coordinates": [
          2.151549,
          41.409268
        ]
      },
      "properties": {
        "routes": [],
        "stop_id": "2.1995.676033",
        "stop_name": "Verdi - Valldoreix"
      }
    },
    {
      "type": "Feature",
      "geometry": {
        "type": "Point",
        "coordinates": [
          2.16248,
          41.404928
        ]
      },
      "properties": {
        "routes": [],
        "stop_id": "2.2021.676037",
        "stop_name": "Pl Joanic"
      }
    },
    {
      "type": "Feature",
      "geometry": {
        "type": "Point",
        "coordinates": [
          2.140595,
          41.417448
        ]
      },
      "properties": {
        "routes": [
          {
            "color": "#DA291C",
            "long_name": "La Teixonera",
            "route_type": 3,
            "short_name": "119",
            "text_color": "#FFFFFF"
          }
        ],
        "stop_id": "2.2034.676134",
        "stop_name": "Metro Penitents"
      }
    },
    {
      "type": "Feature",
      "geometry": {
        "type": "Point",
        "coordinates": [
          2.160487,
          41.376671
        ]
      },
      "properties": {
        "routes": [
          {
            "color": "#DA291C",
            "long_name": "Ciutat Vella",
            "route_type": 3,
            "short_name": "120",
            "text_color": "#FFFFFF"
          }
        ],
        "stop_id": "2.2043.697951",
        "stop_name": "Manso - Calàbria"
      }
    },
    {
      "type": "Feature",
      "geometry": {
        "type": "Point",
        "coordinates": [
          2.163744,
          41.38034
        ]
      },
      "properties": {
        "routes": [
          {
            "color": "#DA291C",
            "long_name": "Ciutat Vella",
            "route_type": 3,
            "short_name": "120",
            "text_color": "#FFFFFF"
          }
        ],
        "stop_id": "2.2044.692189",
        "stop_name": "Riera Alta - Nou de Dulce"
      }
    },
    {
      "type": "Feature",
      "geometry": {
        "type": "Point",
        "coordinates": [
          2.16646,
          41.380478
        ]
      },
      "properties": {
        "routes": [
          {
            "color": "#DA291C",
            "long_name": "Ciutat Vella",
            "route_type": 3,
            "short_name": "120",
            "text_color": "#FFFFFF"
          }
        ],
        "stop_id": "2.2045.687506",
        "stop_name": "Riera Alta - Erasme de Janer"
      }
    },
    {
      "type": "Feature",
      "geometry": {
        "type": "Point",
        "coordinates": [
          2.168224,
          41.379306
        ]
      },
      "properties": {
        "routes": [
          {
            "color": "#DA291C",
            "long_name": "Ciutat Vella",
            "route_type": 3,
            "short_name": "120",
            "text_color": "#FFFFFF"
          }
        ],
        "stop_id": "2.2046.679198",
        "stop_name": "Rambla del Raval - Aurora"
      }
    },
    {
      "type": "Feature",
      "geometry": {
        "type": "Point",
        "coordinates": [
          2.170218,
          41.37763
        ]
      },
      "properties": {
        "routes": [
          {
            "color": "#DA291C",
            "long_name": "Ciutat Vella",
            "route_type": 3,
            "short_name": "120",
            "text_color": "#FFFFFF"
          }
        ],
        "stop_id": "2.2047.683474",
        "stop_name": "Rambla del Raval - Sant Pau"
      }
    },
    {
      "type": "Feature",
      "geometry": {
        "type": "Point",
        "coordinates": [
          2.173082,
          41.376628
        ]
      },
      "properties": {
        "routes": [
          {
            "color": "#DA291C",
            "long_name": "Ciutat Vella",
            "route_type": 3,
            "short_name": "120",
            "text_color": "#FFFFFF"
          }
        ],
        "stop_id": "2.2048.683350",
        "stop_name": "Av Drassanes - Arc del Teatre"
      }
    },
    {
      "type": "Feature",
      "geometry": {
        "type": "Point",
        "coordinates": [
          2.176236,
          41.376007
        ]
      },
      "properties": {
        "routes": [
          {
            "color": "#DA291C",
            "long_name": "Ciutat Vella",
            "route_type": 3,
            "short_name": "120",
            "text_color": "#FFFFFF"
          }
        ],
        "stop_id": "2.2049.699395",
        "stop_name": "Av Drassanes - Pl Portal de la Pau"
      }
    },
    {
      "type": "Feature",
      "geometry": {
        "type": "Point",
        "coordinates": [
          2.174801,
          41.37642
        ]
      },
      "properties": {
        "routes": [
          {
            "color": "#DA291C",
            "long_name": "Ciutat Vella",
            "route_type": 3,
            "short_name": "120",
            "text_color": "#FFFFFF"
          }
        ],
        "stop_id": "2.2051.683701",
        "stop_name": "Metro Drassanes"
      }
    },
    {
      "type": "Feature",
      "geometry": {
        "type": "Point",
        "coordinates": [
          2.172727,
          41.376829
        ]
      },
      "properties": {
        "routes": [
          {
            "color": "#DA291C",
            "long_name": "Ciutat Vella",
            "route_type": 3,
            "short_name": "120",
            "text_color": "#FFFFFF"
          }
        ],
        "stop_id": "2.2052.683699",
        "stop_name": "Av Drassanes - Nou de la Rambla"
      }
    },
    {
      "type": "Feature",
      "geometry": {
        "type": "Point",
        "coordinates": [
          2.170526,
          41.378008
        ]
      },
      "properties": {
        "routes": [
          {
            "color": "#DA291C",
            "long_name": "Ciutat Vella",
            "route_type": 3,
            "short_name": "120",
            "text_color": "#FFFFFF"
          }
        ],
        "stop_id": "2.2053.679202",
        "stop_name": "Rambla del Raval - Sant Josep Oriol"
      }
    },
    {
      "type": "Feature",
      "geometry": {
        "type": "Point",
        "coordinates": [
          2.168798,
          41.379461
        ]
      },
      "properties": {
        "routes": [
          {
            "color": "#DA291C",
            "long_name": "Ciutat Vella",
            "route_type": 3,
            "short_name": "120",
            "text_color": "#FFFFFF"
          }
        ],
        "stop_id": "2.2054.683464",
        "stop_name": "Rambla del Raval - Hospital"
      }
    },
    {
      "type": "Feature",
      "geometry": {
        "type": "Point",
        "coordinates": [
          2.168724,
          41.381394
        ]
      },
      "properties": {
        "routes": [
          {
            "color": "#DA291C",
            "long_name": "Ciutat Vella",
            "route_type": 3,
            "short_name": "120",
            "text_color": "#FFFFFF"
          }
        ],
        "stop_id": "2.2055.676130",
        "stop_name": "Pl Joan Amades"
      }
    },
    {
      "type": "Feature",
      "geometry": {
        "type": "Point",
        "coordinates": [
          2.16789,
          41.382657
        ]
      },
      "properties": {
        "routes": [
          {
            "color": "#DA291C",
            "long_name": "Ciutat Vella",
            "route_type": 3,
            "short_name": "120",
            "text_color": "#FFFFFF"
          }
        ],
        "stop_id": "2.2056.676131",
        "stop_name": "Pl dels Àngels"
      }
    },
    {
      "type": "Feature",
      "geometry": {
        "type": "Point",
        "coordinates": [
          2.166783,
          41.384002
        ]
      },
      "properties": {
        "routes": [
          {
            "color": "#DA291C",
            "long_name": "Ciutat Vella",
            "route_type": 3,
            "short_name": "120",
            "text_color": "#FFFFFF"
          }
        ],
        "stop_id": "2.2057.681002",
        "stop_name": "Montalegre - Valldonzella"
      }
    },
    {
      "type": "Feature",
      "geometry": {
        "type": "Point",
        "coordinates": [
          2.161382,
          41.377342
        ]
      },
      "properties": {
        "routes": [
          {
            "color": "#DA291C",
            "long_name": "Poble Sec",
            "route_type": 3,
            "short_name": "121",
            "text_color": "#FFFFFF"
          }
        ],
        "stop_id": "2.2059.683031",
        "stop_name": "Mercat de Sant Antoni"
      }
    },
    {
      "type": "Feature",
      "geometry": {
        "type": "Point",
        "coordinates": [
          2.156881,
          41.373013
        ]
      },
      "properties": {
        "routes": [
          {
            "color": "#DA291C",
            "long_name": "Poble Sec",
            "route_type": 3,
            "short_name": "121",
            "text_color": "#FFFFFF"
          },
          {
            "color": "#DA291C",
            "long_name": "Pl. Urquinaona / Parc de Montjuïc",
            "route_type": 3,
            "short_name": "55",
            "text_color": "#FFFFFF"
          }
        ],
        "stop_id": "2.2061.676109",
        "stop_name": "Mare de Déu del Remei - Grases"
      }
    },
    {
      "type": "Feature",
      "geometry": {
        "type": "Point",
        "coordinates": [
          2.16309,
          41.373117
        ]
      },
      "properties": {
        "routes": [
          {
            "color": "#DA291C",
            "long_name": "Poble Sec",
            "route_type": 3,
            "short_name": "121",
            "text_color": "#FFFFFF"
          }
        ],
        "stop_id": "2.2063.700189",
        "stop_name": "Elkano - Blasco de Garay"
      }
    },
    {
      "type": "Feature",
      "geometry": {
        "type": "Point",
        "coordinates": [
          2.124832,
          41.393027
        ]
      },
      "properties": {
        "routes": [
          {
            "color": "#DA291C",
            "long_name": "Pg. Manuel Girona / Pl. Virrei Amat",
            "route_type": 3,
            "short_name": "34",
            "text_color": "#FFFFFF"
          },
          {
            "color": "#6AB023",
            "long_name": "Zona Franca / Can Caralleu",
            "route_type": 3,
            "short_name": "V3",
            "text_color": "#FFFFFF"
          }
        ],
        "stop_id": "2.2128.676151",
        "stop_name": "Capità Arenas - Manuel de Falla"
      }
    },
    {
      "type": "Feature",
      "geometry": {
        "type": "Point",
        "coordinates": [
          2.110852,
          41.351506
        ]
      },
      "properties": {
        "routes": [
          {
            "color": "#010101",
            "long_name": "Paral·lel - L'Hospitalet (Av. Carrilet)",
            "route_type": 3,
            "short_name": "X3",
            "text_color": "#FFFFFF"
          }
        ],
        "stop_id": "2.2137.696952",
        "stop_name": "Metro Bellvitge Rambla Marina"
      }
    },
    {
      "type": "Feature",
      "geometry": {
        "type": "Point",
        "coordinates": [
          2.134133,
          41.36061
        ]
      },
      "properties": {
        "routes": [
          {
            "color": "#DA291C",
            "long_name": "La Marina",
            "route_type": 3,
            "short_name": "125",
            "text_color": "#FFFFFF"
          }
        ],
        "stop_id": "2.2180.677844",
        "stop_name": "Ctra del Prat - Energia"
      }
    },
    {
      "type": "Feature",
      "geometry": {
        "type": "Point",
        "coordinates": [
          2.126102,
          41.349459
        ]
      },
      "properties": {
        "routes": [
          {
            "color": "#010101",
            "long_name": "Paral·lel - L'Hospitalet (Av. Carrilet)",
            "route_type": 3,
            "short_name": "X3",
            "text_color": "#FFFFFF"
          }
        ],
        "stop_id": "2.2184.699614",
        "stop_name": "Botànica - Salvador Espriu"
      }
    },
    {
      "type": "Feature",
      "geometry": {
        "type": "Point",
        "coordinates": [
          2.126456,
          41.349393
        ]
      },
      "properties": {
        "routes": [
          {
            "color": "#6AB023",
            "long_name": "Districte Gran Via l'Hospitalet / Av. Esplugues",
            "route_type": 3,
            "short_name": "V1",
            "text_color": "#FFFFFF"
          },
          {
            "color": "#010101",
            "long_name": "Paral·lel - L'Hospitalet (Av. Carrilet)",
            "route_type": 3,
            "short_name": "X3",
            "text_color": "#FFFFFF"
          }
        ],
        "stop_id": "2.2185.699525",
        "stop_name": "Botànica - Miguel Hernández"
      }
    },
    {
      "type": "Feature",
      "geometry": {
        "type": "Point",
        "coordinates": [
          2.120692,
          41.346588
        ]
      },
      "properties": {
        "routes": [
          {
            "color": "#010101",
            "long_name": "Paral·lel - L'Hospitalet (Av. Carrilet)",
            "route_type": 3,
            "short_name": "X3",
            "text_color": "#FFFFFF"
          }
        ],
        "stop_id": "2.2186.694799",
        "stop_name": "Botànica - Primer de Maig"
      }
    },
    {
      "type": "Feature",
      "geometry": {
        "type": "Point",
        "coordinates": [
          2.120917,
          41.346496
        ]
      },
      "properties": {
        "routes": [
          {
            "color": "#010101",
            "long_name": "Paral·lel - L'Hospitalet (Av. Carrilet)",
            "route_type": 3,
            "short_name": "X3",
            "text_color": "#FFFFFF"
          }
        ],
        "stop_id": "2.2187.694795",
        "stop_name": "Botànica - Motors"
      }
    },
    {
      "type": "Feature",
      "geometry": {
        "type": "Point",
        "coordinates": [
          2.116843,
          41.345491
        ]
      },
      "properties": {
        "routes": [
          {
            "color": "#010101",
            "long_name": "Paral·lel - L'Hospitalet (Av. Carrilet)",
            "route_type": 3,
            "short_name": "X3",
            "text_color": "#FFFFFF"
          }
        ],
        "stop_id": "2.2188.676196",
        "stop_name": "Motors - Botànica"
      }
    },
    {
      "type": "Feature",
      "geometry": {
        "type": "Point",
        "coordinates": [
          2.116508,
          41.345188
        ]
      },
      "properties": {
        "routes": [
          {
            "color": "#010101",
            "long_name": "Paral·lel - L'Hospitalet (Av. Carrilet)",
            "route_type": 3,
            "short_name": "X3",
            "text_color": "#FFFFFF"
          }
        ],
        "stop_id": "2.2189.694350",
        "stop_name": "Motors - Av Granvia"
      }
    },
    {
      "type": "Feature",
      "geometry": {
        "type": "Point",
        "coordinates": [
          2.11447,
          41.34988
        ]
      },
      "properties": {
        "routes": [
          {
            "color": "#010101",
            "long_name": "Paral·lel - L'Hospitalet (Av. Carrilet)",
            "route_type": 3,
            "short_name": "X3",
            "text_color": "#FFFFFF"
          }
        ],
        "stop_id": "2.2190.676189",
        "stop_name": "Av Amèrica - Av Granvia"
      }
    },
    {
      "type": "Feature",
      "geometry": {
        "type": "Point",
        "coordinates": [
          2.171713,
          41.388681
        ]
      },
      "properties": {
        "routes": [
          {
            "color": "#6AB023",
            "long_name": "Barceloneta / Av. Tibidabo",
            "route_type": 3,
            "short_name": "V15",
            "text_color": "#FFFFFF"
          }
        ],
        "stop_id": "2.2192.697897",
        "stop_name": "Ronda Sant Pere-Pau Claris"
      }
    },
    {
      "type": "Feature",
      "geometry": {
        "type": "Point",
        "coordinates": [
          2.060456,
          41.360357
        ]
      },
      "properties": {
        "routes": [
          {
            "color": "#DA291C",
            "long_name": "Circular Cornellà 1",
            "route_type": 3,
            "short_name": "95",
            "text_color": "#FFFFFF"
          }
        ],
        "stop_id": "2.2203.684854",
        "stop_name": "Penedès - Priorat"
      }
    },
    {
      "type": "Feature",
      "geometry": {
        "type": "Point",
        "coordinates": [
          2.179764,
          41.372422
        ]
      },
      "properties": {
        "routes": [
          {
            "color": "#6AB023",
            "long_name": "Estació Marítima (WTC) / Bonanova",
            "route_type": 3,
            "short_name": "V11",
            "text_color": "#FFFFFF"
          }
        ],
        "stop_id": "2.2243.690320",
        "stop_name": "Moll de Barcelona - Final de trajecte"
      }
    },
    {
      "type": "Feature",
      "geometry": {
        "type": "Point",
        "coordinates": [
          2.124734,
          41.340593
        ]
      },
      "properties": {
        "routes": [
          {
            "color": "#DA291C",
            "long_name": "Pl. Espanya / Parc Logístic",
            "route_type": 3,
            "short_name": "23",
            "text_color": "#FFFFFF"
          }
        ],
        "stop_id": "2.2246.688688",
        "stop_name": "Parc Logístic - Final de trajecte"
      }
    },
    {
      "type": "Feature",
      "geometry": {
        "type": "Point",
        "coordinates": [
          2.137891,
          41.343942
        ]
      },
      "properties": {
        "routes": [
          {
            "color": "#DA291C",
            "long_name": "Pl. Espanya / Parc Logístic",
            "route_type": 3,
            "short_name": "23",
            "text_color": "#FFFFFF"
          }
        ],
        "stop_id": "2.2249.687759",
        "stop_name": "Carrer número 2 - Carrer número 62"
      }
    },
    {
      "type": "Feature",
      "geometry": {
        "type": "Point",
        "coordinates": [
          2.137981,
          41.343816
        ]
      },
      "properties": {
        "routes": [
          {
            "color": "#DA291C",
            "long_name": "Pl. Espanya / Parc Logístic",
            "route_type": 3,
            "short_name": "23",
            "text_color": "#FFFFFF"
          }
        ],
        "stop_id": "2.2250.676247",
        "stop_name": "Carrer número 2"
      }
    },
    {
      "type": "Feature",
      "geometry": {
        "type": "Point",
        "coordinates": [
          2.131018,
          41.343002
        ]
      },
      "properties": {
        "routes": [
          {
            "color": "#DA291C",
            "long_name": "Pl. Espanya / Parc Logístic",
            "route_type": 3,
            "short_name": "23",
            "text_color": "#FFFFFF"
          }
        ],
        "stop_id": "2.2251.688684",
        "stop_name": "Parc Logístic, anada"
      }
    },
    {
      "type": "Feature",
      "geometry": {
        "type": "Point",
        "coordinates": [
          2.130877,
          41.34276
        ]
      },
      "properties": {
        "routes": [
          {
            "color": "#DA291C",
            "long_name": "Pl. Espanya / Parc Logístic",
            "route_type": 3,
            "short_name": "23",
            "text_color": "#FFFFFF"
          }
        ],
        "stop_id": "2.2252.688686",
        "stop_name": "Parc Logístic, tornada"
      }
    },
    {
      "type": "Feature",
      "geometry": {
        "type": "Point",
        "coordinates": [
          2.064912,
          41.361393
        ]
      },
      "properties": {
        "routes": [
          {
            "color": "#DA291C",
            "long_name": "Circular Cornellà 1",
            "route_type": 3,
            "short_name": "95",
            "text_color": "#FFFFFF"
          }
        ],
        "stop_id": "2.2254.693348",
        "stop_name": "Av Can Corts - Merçè Rodoreda"
      }
    },
    {
      "type": "Feature",
      "geometry": {
        "type": "Point",
        "coordinates": [
          2.140599,
          41.363737
        ]
      },
      "properties": {
        "routes": [
          {
            "color": "#DA291C",
            "long_name": "Mercat Sant Antoni / Parc de Montjuïc",
            "route_type": 3,
            "short_name": "13",
            "text_color": "#FFFFFF"
          }
        ],
        "stop_id": "2.2255.676250",
        "stop_name": "Segura - Escales del Polvorí"
      }
    },
    {
      "type": "Feature",
      "geometry": {
        "type": "Point",
        "coordinates": [
          2.140598,
          41.363854
        ]
      },
      "properties": {
        "routes": [
          {
            "color": "#DA291C",
            "long_name": "La Marina",
            "route_type": 3,
            "short_name": "125",
            "text_color": "#FFFFFF"
          },
          {
            "color": "#DA291C",
            "long_name": "Mercat Sant Antoni / Parc de Montjuïc",
            "route_type": 3,
            "short_name": "13",
            "text_color": "#FFFFFF"
          }
        ],
        "stop_id": "2.2256.684678",
        "stop_name": "Segura - Guadalquivir"
      }
    },
    {
      "type": "Feature",
      "geometry": {
        "type": "Point",
        "coordinates": [
          2.195405,
          41.405229
        ]
      },
      "properties": {
        "routes": [
          {
            "color": "#DA291C",
            "long_name": "Fòrum / Zona Universitària",
            "route_type": 3,
            "short_name": "7",
            "text_color": "#FFFFFF"
          }
        ],
        "stop_id": "2.2262.679480",
        "stop_name": "Diagonal - Rambla del Poblenou"
      }
    },
    {
      "type": "Feature",
      "geometry": {
        "type": "Point",
        "coordinates": [
          2.141343,
          41.381212
        ]
      },
      "properties": {
        "routes": [
          {
            "color": "#DA291C",
            "long_name": "La Bordeta",
            "route_type": 3,
            "short_name": "115",
            "text_color": "#FFFFFF"
          },
          {
            "color": "#DA291C",
            "long_name": "Estació de Sants / Sant Joan Despí",
            "route_type": 3,
            "short_name": "78",
            "text_color": "#FFFFFF"
          },
          {
            "color": "#93107E",
            "long_name": "Pg. Marítim / Ernest Lluch",
            "route_type": 3,
            "short_name": "D20",
            "text_color": "#FFFFFF"
          },
          {
            "color": "#6AB023",
            "long_name": "Pl. Espanya / Sarrià",
            "route_type": 3,
            "short_name": "V7",
            "text_color": "#FFFFFF"
          }
        ],
        "stop_id": "2.2270.676263",
        "stop_name": "Numància - Av Roma"
      }
    },
    {
      "type": "Feature",
      "geometry": {
        "type": "Point",
        "coordinates": [
          2.188536,
          41.391813
        ]
      },
      "properties": {
        "routes": [
          {
            "color": "#003888",
            "long_name": "Pg. Zona Franca / Fòrum Campus Besòs",
            "route_type": 3,
            "short_name": "H16",
            "text_color": "#FFFFFF"
          }
        ],
        "stop_id": "2.2293.690722",
        "stop_name": "Sardenya - Pujades"
      }
    },
    {
      "type": "Feature",
      "geometry": {
        "type": "Point",
        "coordinates": [
          2.190742,
          41.390161
        ]
      },
      "properties": {
        "routes": [
          {
            "color": "#003888",
            "long_name": "Pg. Zona Franca / Fòrum Campus Besòs",
            "route_type": 3,
            "short_name": "H16",
            "text_color": "#FFFFFF"
          }
        ],
        "stop_id": "2.2294.690724",
        "stop_name": "Ramon Trias Fargas - Doctor Trueta"
      }
    },
    {
      "type": "Feature",
      "geometry": {
        "type": "Point",
        "coordinates": [
          2.193925,
          41.388429
        ]
      },
      "properties": {
        "routes": [
          {
            "color": "#003888",
            "long_name": "Pg. Zona Franca / Fòrum Campus Besòs",
            "route_type": 3,
            "short_name": "H16",
            "text_color": "#FFFFFF"
          }
        ],
        "stop_id": "2.2295.676825",
        "stop_name": "Icària - Parc Carles I"
      }
    },
    {
      "type": "Feature",
      "geometry": {
        "type": "Point",
        "coordinates": [
          2.162499,
          41.367155
        ]
      },
      "properties": {
        "routes": [
          {
            "color": "#DA291C",
            "long_name": "Pl. Espanya / Castell de Montjuïc",
            "route_type": 3,
            "short_name": "150",
            "text_color": "#FFFFFF"
          }
        ],
        "stop_id": "2.2307.676301",
        "stop_name": "Doctor Font i Quer - Tarongers"
      }
    },
    {
      "type": "Feature",
      "geometry": {
        "type": "Point",
        "coordinates": [
          2.160554,
          41.36584
        ]
      },
      "properties": {
        "routes": [
          {
            "color": "#DA291C",
            "long_name": "Pl. Espanya / Castell de Montjuïc",
            "route_type": 3,
            "short_name": "150",
            "text_color": "#FFFFFF"
          }
        ],
        "stop_id": "2.2308.688718",
        "stop_name": "Doctor Font i Quer - Can Valero"
      }
    },
    {
      "type": "Feature",
      "geometry": {
        "type": "Point",
        "coordinates": [
          2.165788,
          41.369002
        ]
      },
      "properties": {
        "routes": [
          {
            "color": "#DA291C",
            "long_name": "Pl. Espanya / Castell de Montjuïc",
            "route_type": 3,
            "short_name": "150",
            "text_color": "#FFFFFF"
          }
        ],
        "stop_id": "2.2309.676296",
        "stop_name": "Av Miramar - Pl Dante"
      }
    },
    {
      "type": "Feature",
      "geometry": {
        "type": "Point",
        "coordinates": [
          2.168879,
          41.370255
        ]
      },
      "properties": {
        "routes": [
          {
            "color": "#DA291C",
            "long_name": "Pl. Espanya / Castell de Montjuïc",
            "route_type": 3,
            "short_name": "150",
            "text_color": "#FFFFFF"
          }
        ],
        "stop_id": "2.2310.683560",
        "stop_name": "Av Miramar - Pl Carlos Ibáñez"
      }
    },
    {
      "type": "Feature",
      "geometry": {
        "type": "Point",
        "coordinates": [
          2.156169,
          41.368603
        ]
      },
      "properties": {
        "routes": [
          {
            "color": "#DA291C",
            "long_name": "Pl. Urquinaona / Parc de Montjuïc",
            "route_type": 3,
            "short_name": "55",
            "text_color": "#FFFFFF"
          }
        ],
        "stop_id": "2.2311.676300",
        "stop_name": "Museu Nacional - Museu Etnològic"
      }
    },
    {
      "type": "Feature",
      "geometry": {
        "type": "Point",
        "coordinates": [
          2.149972,
          41.355337
        ]
      },
      "properties": {
        "routes": [
          {
            "color": "#DA291C",
            "long_name": "Cementiri Montjuïc",
            "route_type": 3,
            "short_name": "107",
            "text_color": "#FFFFFF"
          }
        ],
        "stop_id": "2.2318.695096",
        "stop_name": "Sagrat Cor"
      }
    },
    {
      "type": "Feature",
      "geometry": {
        "type": "Point",
        "coordinates": [
          2.152714,
          41.352876
        ]
      },
      "properties": {
        "routes": [
          {
            "color": "#DA291C",
            "long_name": "Cementiri Montjuïc",
            "route_type": 3,
            "short_name": "107",
            "text_color": "#FFFFFF"
          }
        ],
        "stop_id": "2.2320.676293",
        "stop_name": "Via Santa Eulàlia"
      }
    },
    {
      "type": "Feature",
      "geometry": {
        "type": "Point",
        "coordinates": [
          2.15838,
          41.367099
        ]
      },
      "properties": {
        "routes": [
          {
            "color": "#DA291C",
            "long_name": "Pl. Urquinaona / Parc de Montjuïc",
            "route_type": 3,
            "short_name": "55",
            "text_color": "#FFFFFF"
          }
        ],
        "stop_id": "2.2324.676299",
        "stop_name": "Av de l'Estadi - Vivers"
      }
    },
    {
      "type": "Feature",
      "geometry": {
        "type": "Point",
        "coordinates": [
          2.185612,
          41.409345
        ]
      },
      "properties": {
        "routes": [
          {
            "color": "#DA291C",
            "long_name": "Zona Universitària / Verneda",
            "route_type": 3,
            "short_name": "33",
            "text_color": "#FFFFFF"
          },
          {
            "color": "#DA291C",
            "long_name": "Pg. Manuel Girona / Pl. Virrei Amat",
            "route_type": 3,
            "short_name": "34",
            "text_color": "#FFFFFF"
          },
          {
            "color": "#003888",
            "long_name": "Pl. Sants / Olímpic de Badalona",
            "route_type": 3,
            "short_name": "H10",
            "text_color": "#FFFFFF"
          }
        ],
        "stop_id": "2.2335.676324",
        "stop_name": "València - Rogent"
      }
    },
    {
      "type": "Feature",
      "geometry": {
        "type": "Point",
        "coordinates": [
          2.14134,
          41.356714
        ]
      },
      "properties": {
        "routes": [
          {
            "color": "#DA291C",
            "long_name": "Hospital Clínic / Polígon Zona Franca",
            "route_type": 3,
            "short_name": "109",
            "text_color": "#FFFFFF"
          },
          {
            "color": "#003888",
            "long_name": "Pg. Zona Franca / Fòrum Campus Besòs",
            "route_type": 3,
            "short_name": "H16",
            "text_color": "#FFFFFF"
          },
          {
            "color": "#6AB023",
            "long_name": "Zona Franca / Can Caralleu",
            "route_type": 3,
            "short_name": "V3",
            "text_color": "#FFFFFF"
          }
        ],
        "stop_id": "2.2336.676321",
        "stop_name": "Pg Zona Franca - Foc"
      }
    },
    {
      "type": "Feature",
      "geometry": {
        "type": "Point",
        "coordinates": [
          2.156073,
          41.368543
        ]
      },
      "properties": {
        "routes": [
          {
            "color": "#DA291C",
            "long_name": "Pl. Urquinaona / Parc de Montjuïc",
            "route_type": 3,
            "short_name": "55",
            "text_color": "#FFFFFF"
          }
        ],
        "stop_id": "2.2341.676323",
        "stop_name": "Museu Nacional - Museu Etnològic"
      }
    },
    {
      "type": "Feature",
      "geometry": {
        "type": "Point",
        "coordinates": [
          2.151303,
          41.383576
        ]
      },
      "properties": {
        "routes": [
          {
            "color": "#DA291C",
            "long_name": "Hospital Clínic / Polígon Zona Franca",
            "route_type": 3,
            "short_name": "109",
            "text_color": "#FFFFFF"
          },
          {
            "color": "#003888",
            "long_name": "Pl. Sants / Olímpic de Badalona",
            "route_type": 3,
            "short_name": "H10",
            "text_color": "#FFFFFF"
          }
        ],
        "stop_id": "2.2345.689766",
        "stop_name": "València - Viladomat"
      }
    },
    {
      "type": "Feature",
      "geometry": {
        "type": "Point",
        "coordinates": [
          2.124073,
          41.394194
        ]
      },
      "properties": {
        "routes": [
          {
            "color": "#6AB023",
            "long_name": "Zona Franca / Can Caralleu",
            "route_type": 3,
            "short_name": "V3",
            "text_color": "#FFFFFF"
          }
        ],
        "stop_id": "2.2362.682273",
        "stop_name": "Santa Amèlia - Capità Arenas"
      }
    },
    {
      "type": "Feature",
      "geometry": {
        "type": "Point",
        "coordinates": [
          2.13444,
          41.363662
        ]
      },
      "properties": {
        "routes": [
          {
            "color": "#DA291C",
            "long_name": "Pl. Espanya / Aeroport BCN",
            "route_type": 3,
            "short_name": "46",
            "text_color": "#FFFFFF"
          },
          {
            "color": "#DA291C",
            "long_name": "Pl. Espanya / El Prat",
            "route_type": 3,
            "short_name": "65",
            "text_color": "#FFFFFF"
          },
          {
            "color": "#003888",
            "long_name": "Gornal / Besòs Verneda",
            "route_type": 3,
            "short_name": "H12",
            "text_color": "#FFFFFF"
          },
          {
            "color": "#6AB023",
            "long_name": "Zona Franca / Can Caralleu",
            "route_type": 3,
            "short_name": "V3",
            "text_color": "#FFFFFF"
          }
        ],
        "stop_id": "2.2363.683653",
        "stop_name": "Gran Via - Radi"
      }
    },
    {
      "type": "Feature",
      "geometry": {
        "type": "Point",
        "coordinates": [
          2.117166,
          41.37839
        ]
      },
      "properties": {
        "routes": [
          {
            "color": "#DA291C",
            "long_name": "Estació del Nord / Cardenal Reig",
            "route_type": 3,
            "short_name": "54",
            "text_color": "#FFFFFF"
          }
        ],
        "stop_id": "2.2392.697339",
        "stop_name": "Cardenal Reig - Pintor Tapiró - Final de trajecte"
      }
    },
    {
      "type": "Feature",
      "geometry": {
        "type": "Point",
        "coordinates": [
          2.121418,
          41.377488
        ]
      },
      "properties": {
        "routes": [
          {
            "color": "#DA291C",
            "long_name": "Estació del Nord / Cardenal Reig",
            "route_type": 3,
            "short_name": "54",
            "text_color": "#FFFFFF"
          },
          {
            "color": "#6AB023",
            "long_name": "Districte Gran Via l'Hospitalet / Av. Esplugues",
            "route_type": 3,
            "short_name": "V1",
            "text_color": "#FFFFFF"
          }
        ],
        "stop_id": "2.2399.676396",
        "stop_name": "Riera Blanca - Les Corts"
      }
    },
    {
      "type": "Feature",
      "geometry": {
        "type": "Point",
        "coordinates": [
          2.140708,
          41.417403
        ]
      },
      "properties": {
        "routes": [
          {
            "color": "#DA291C",
            "long_name": "Penitents",
            "route_type": 3,
            "short_name": "124",
            "text_color": "#FFFFFF"
          }
        ],
        "stop_id": "2.2453.676438",
        "stop_name": "Anna Piferrer - Av Vallcarca"
      }
    },
    {
      "type": "Feature",
      "geometry": {
        "type": "Point",
        "coordinates": [
          2.157981,
          41.368543
        ]
      },
      "properties": {
        "routes": [
          {
            "color": "#DA291C",
            "long_name": "Pl. Urquinaona / Parc de Montjuïc",
            "route_type": 3,
            "short_name": "55",
            "text_color": "#FFFFFF"
          }
        ],
        "stop_id": "2.2458.676436",
        "stop_name": "Pg de Santa Madrona"
      }
    },
    {
      "type": "Feature",
      "geometry": {
        "type": "Point",
        "coordinates": [
          2.158042,
          41.368435
        ]
      },
      "properties": {
        "routes": [
          {
            "color": "#DA291C",
            "long_name": "Pl. Urquinaona / Parc de Montjuïc",
            "route_type": 3,
            "short_name": "55",
            "text_color": "#FFFFFF"
          }
        ],
        "stop_id": "2.2459.676437",
        "stop_name": "Pg de Santa Madrona - Font del Gat"
      }
    },
    {
      "type": "Feature",
      "geometry": {
        "type": "Point",
        "coordinates": [
          2.191976,
          41.401323
        ]
      },
      "properties": {
        "routes": [
          {
            "color": "#DA291C",
            "long_name": "Poblenou / Hospital de Sant Pau",
            "route_type": 3,
            "short_name": "192",
            "text_color": "#FFFFFF"
          },
          {
            "color": "#6AB023",
            "long_name": "Nova Icària / Can Marcet",
            "route_type": 3,
            "short_name": "V23",
            "text_color": "#FFFFFF"
          }
        ],
        "stop_id": "2.2464.695672",
        "stop_name": "Badajoz - Sancho de Ávila"
      }
    },
    {
      "type": "Feature",
      "geometry": {
        "type": "Point",
        "coordinates": [
          2.161776,
          41.407526
        ]
      },
      "properties": {
        "routes": [
          {
            "color": "#DA291C",
            "long_name": "Gràcia / Can Baró",
            "route_type": 3,
            "short_name": "114",
            "text_color": "#FFFFFF"
          }
        ],
        "stop_id": "2.2479.685446",
        "stop_name": "Encarnació - Escorial"
      }
    },
    {
      "type": "Feature",
      "geometry": {
        "type": "Point",
        "coordinates": [
          2.157247,
          41.404669
        ]
      },
      "properties": {
        "routes": [
          {
            "color": "#DA291C",
            "long_name": "Gràcia / Can Baró",
            "route_type": 3,
            "short_name": "114",
            "text_color": "#FFFFFF"
          }
        ],
        "stop_id": "2.2481.676455",
        "stop_name": "Pl de la Virreina"
      }
    },
    {
      "type": "Feature",
      "geometry": {
        "type": "Point",
        "coordinates": [
          2.156638,
          41.402153
        ]
      },
      "properties": {
        "routes": [
          {
            "color": "#DA291C",
            "long_name": "Gràcia / Can Baró",
            "route_type": 3,
            "short_name": "114",
            "text_color": "#FFFFFF"
          }
        ],
        "stop_id": "2.2482.678386",
        "stop_name": "Ros de Olano - Torrent de l'Olla"
      }
    },
    {
      "type": "Feature",
      "geometry": {
        "type": "Point",
        "coordinates": [
          2.154683,
          41.401047
        ]
      },
      "properties": {
        "routes": [
          {
            "color": "#DA291C",
            "long_name": "Gràcia / Can Baró",
            "route_type": 3,
            "short_name": "114",
            "text_color": "#FFFFFF"
          }
        ],
        "stop_id": "2.2483.676511",
        "stop_name": "Ros de Olano - Gran de Gràcia"
      }
    },
    {
      "type": "Feature",
      "geometry": {
        "type": "Point",
        "coordinates": [
          2.189182,
          41.422641
        ]
      },
      "properties": {
        "routes": [
          {
            "color": "#DA291C",
            "long_name": "Sant Andreu",
            "route_type": 3,
            "short_name": "126",
            "text_color": "#FFFFFF"
          },
          {
            "color": "#003888",
            "long_name": "Ernest Lluch / Bon Pastor",
            "route_type": 3,
            "short_name": "H8",
            "text_color": "#FFFFFF"
          },
          {
            "color": "#6AB023",
            "long_name": "Diagonal Mar / Roquetes",
            "route_type": 3,
            "short_name": "V29",
            "text_color": "#FFFFFF"
          }
        ],
        "stop_id": "2.2492.693500",
        "stop_name": "Garcilaso - La Sagrera"
      }
    },
    {
      "type": "Feature",
      "geometry": {
        "type": "Point",
        "coordinates": [
          2.139499,
          41.362192
        ]
      },
      "properties": {
        "routes": [
          {
            "color": "#DA291C",
            "long_name": "La Marina",
            "route_type": 3,
            "short_name": "125",
            "text_color": "#FFFFFF"
          }
        ],
        "stop_id": "2.2493.676472",
        "stop_name": "Mare de Déu de Port - Pl Teresa Claramunt"
      }
    },
    {
      "type": "Feature",
      "geometry": {
        "type": "Point",
        "coordinates": [
          2.143703,
          41.357545
        ]
      },
      "properties": {
        "routes": [
          {
            "color": "#DA291C",
            "long_name": "La Marina",
            "route_type": 3,
            "short_name": "125",
            "text_color": "#FFFFFF"
          }
        ],
        "stop_id": "2.2494.676473",
        "stop_name": "Mare de Déu de Port - Sant Eloi"
      }
    },
    {
      "type": "Feature",
      "geometry": {
        "type": "Point",
        "coordinates": [
          2.14469,
          41.356324
        ]
      },
      "properties": {
        "routes": [
          {
            "color": "#DA291C",
            "long_name": "La Marina",
            "route_type": 3,
            "short_name": "125",
            "text_color": "#FFFFFF"
          },
          {
            "color": "#6AB023",
            "long_name": "Mare de Déu de Port / Pedralbes",
            "route_type": 3,
            "short_name": "V5",
            "text_color": "#FFFFFF"
          }
        ],
        "stop_id": "2.2495.697380",
        "stop_name": "Mare de Déu de Port - Cisell"
      }
    },
    {
      "type": "Feature",
      "geometry": {
        "type": "Point",
        "coordinates": [
          2.13292,
          41.359218
        ]
      },
      "properties": {
        "routes": [
          {
            "color": "#DA291C",
            "long_name": "La Marina",
            "route_type": 3,
            "short_name": "125",
            "text_color": "#FFFFFF"
          }
        ],
        "stop_id": "2.2501.691097",
        "stop_name": "Alumini - Ctra del Prat"
      }
    },
    {
      "type": "Feature",
      "geometry": {
        "type": "Point",
        "coordinates": [
          2.138295,
          41.364874
        ]
      },
      "properties": {
        "routes": [
          {
            "color": "#DA291C",
            "long_name": "La Marina",
            "route_type": 3,
            "short_name": "125",
            "text_color": "#FFFFFF"
          }
        ],
        "stop_id": "2.2502.676480",
        "stop_name": "Mineria - Mare de Déu de Port"
      }
    },
    {
      "type": "Feature",
      "geometry": {
        "type": "Point",
        "coordinates": [
          2.139195,
          41.364003
        ]
      },
      "properties": {
        "routes": [
          {
            "color": "#DA291C",
            "long_name": "La Marina",
            "route_type": 3,
            "short_name": "125",
            "text_color": "#FFFFFF"
          },
          {
            "color": "#6AB023",
            "long_name": "Mare de Déu de Port / Pedralbes",
            "route_type": 3,
            "short_name": "V5",
            "text_color": "#FFFFFF"
          }
        ],
        "stop_id": "2.2503.694035",
        "stop_name": "Mare de Déu de Port - Mineria"
      }
    },
    {
      "type": "Feature",
      "geometry": {
        "type": "Point",
        "coordinates": [
          2.138273,
          41.360315
        ]
      },
      "properties": {
        "routes": [
          {
            "color": "#DA291C",
            "long_name": "La Marina",
            "route_type": 3,
            "short_name": "125",
            "text_color": "#FFFFFF"
          }
        ],
        "stop_id": "2.2504.700179",
        "stop_name": "Foneria - Pg Zona Franca"
      }
    },
    {
      "type": "Feature",
      "geometry": {
        "type": "Point",
        "coordinates": [
          2.103856,
          41.356085
        ]
      },
      "properties": {
        "routes": [
          {
            "color": "#010101",
            "long_name": "Paral·lel - L'Hospitalet (Av. Carrilet)",
            "route_type": 3,
            "short_name": "X3",
            "text_color": "#FFFFFF"
          }
        ],
        "stop_id": "2.2517.699515",
        "stop_name": "Institut Mercè Rodoreda"
      }
    },
    {
      "type": "Feature",
      "geometry": {
        "type": "Point",
        "coordinates": [
          2.126875,
          41.386861
        ]
      },
      "properties": {
        "routes": [
          {
            "color": "#DA291C",
            "long_name": "Poblenou / Pl. Reina Maria Cristina",
            "route_type": 3,
            "short_name": "59",
            "text_color": "#FFFFFF"
          }
        ],
        "stop_id": "2.2530.676514",
        "stop_name": "G V Carles III - Pl Reina M C - Final de trajecte"
      }
    },
    {
      "type": "Feature",
      "geometry": {
        "type": "Point",
        "coordinates": [
          2.128466,
          41.382146
        ]
      },
      "properties": {
        "routes": [
          {
            "color": "#DA291C",
            "long_name": "Les Corts",
            "route_type": 3,
            "short_name": "175",
            "text_color": "#FFFFFF"
          },
          {
            "color": "#DA291C",
            "long_name": "Rambla de Badal / Bonanova",
            "route_type": 3,
            "short_name": "70",
            "text_color": "#FFFFFF"
          },
          {
            "color": "#6AB023",
            "long_name": "Zona Franca / Can Caralleu",
            "route_type": 3,
            "short_name": "V3",
            "text_color": "#FFFFFF"
          }
        ],
        "stop_id": "2.2532.689812",
        "stop_name": "Carles III - Les Corts"
      }
    },
    {
      "type": "Feature",
      "geometry": {
        "type": "Point",
        "coordinates": [
          2.16722,
          41.37195
        ]
      },
      "properties": {
        "routes": [
          {
            "color": "#DA291C",
            "long_name": "Poble Sec",
            "route_type": 3,
            "short_name": "121",
            "text_color": "#FFFFFF"
          }
        ],
        "stop_id": "2.2536.676522",
        "stop_name": "Pg de Montjuïc - Nou de La Rambla"
      }
    },
    {
      "type": "Feature",
      "geometry": {
        "type": "Point",
        "coordinates": [
          2.133513,
          41.36925
        ]
      },
      "properties": {
        "routes": [
          {
            "color": "#DA291C",
            "long_name": "La Bordeta",
            "route_type": 3,
            "short_name": "115",
            "text_color": "#FFFFFF"
          }
        ],
        "stop_id": "2.2537.676518",
        "stop_name": "Constitució - Badal"
      }
    },
    {
      "type": "Feature",
      "geometry": {
        "type": "Point",
        "coordinates": [
          2.11293,
          41.384782
        ]
      },
      "properties": {
        "routes": [
          {
            "color": "#DA291C",
            "long_name": "Pl. Catalunya / Cornellà",
            "route_type": 3,
            "short_name": "67",
            "text_color": "#FFFFFF"
          }
        ],
        "stop_id": "2.2541.676527",
        "stop_name": "Diagonal - Metro Zona Universitària"
      }
    },
    {
      "type": "Feature",
      "geometry": {
        "type": "Point",
        "coordinates": [
          2.115683,
          41.385077
        ]
      },
      "properties": {
        "routes": [
          {
            "color": "#DA291C",
            "long_name": "Les Corts",
            "route_type": 3,
            "short_name": "175",
            "text_color": "#FFFFFF"
          },
          {
            "color": "#DA291C",
            "long_name": "Pl. Catalunya / Cornellà",
            "route_type": 3,
            "short_name": "67",
            "text_color": "#FFFFFF"
          },
          {
            "color": "#DA291C",
            "long_name": "Fòrum / Zona Universitària",
            "route_type": 3,
            "short_name": "7",
            "text_color": "#FFFFFF"
          }
        ],
        "stop_id": "2.2542.679462",
        "stop_name": "Zona Universitària - Escola T S d'Enginyeria"
      }
    },
    {
      "type": "Feature",
      "geometry": {
        "type": "Point",
        "coordinates": [
          2.118733,
          41.38585
        ]
      },
      "properties": {
        "routes": [
          {
            "color": "#DA291C",
            "long_name": "Les Corts",
            "route_type": 3,
            "short_name": "175",
            "text_color": "#FFFFFF"
          },
          {
            "color": "#DA291C",
            "long_name": "Zona Universitària / Verneda",
            "route_type": 3,
            "short_name": "33",
            "text_color": "#FFFFFF"
          },
          {
            "color": "#DA291C",
            "long_name": "Pl. Catalunya / Cornellà",
            "route_type": 3,
            "short_name": "67",
            "text_color": "#FFFFFF"
          },
          {
            "color": "#DA291C",
            "long_name": "Fòrum / Zona Universitària",
            "route_type": 3,
            "short_name": "7",
            "text_color": "#FFFFFF"
          }
        ],
        "stop_id": "2.2543.679464",
        "stop_name": "Diagonal - Metro Palau Reial"
      }
    },
    {
      "type": "Feature",
      "geometry": {
        "type": "Point",
        "coordinates": [
          2.117823,
          41.380693
        ]
      },
      "properties": {
        "routes": [
          {
            "color": "#6AB023",
            "long_name": "Districte Gran Via l'Hospitalet / Av. Esplugues",
            "route_type": 3,
            "short_name": "V1",
            "text_color": "#FFFFFF"
          }
        ],
        "stop_id": "2.2550.692194",
        "stop_name": "Mini Estadi del F C Barcelona"
      }
    },
    {
      "type": "Feature",
      "geometry": {
        "type": "Point",
        "coordinates": [
          2.104894,
          41.385483
        ]
      },
      "properties": {
        "routes": [
          {
            "color": "#003888",
            "long_name": "Av. Esplugues / Trinitat Nova",
            "route_type": 3,
            "short_name": "H2",
            "text_color": "#FFFFFF"
          }
        ],
        "stop_id": "2.2557.693874",
        "stop_name": "Parc Cervantes - Av d'Esplugues - Final trajecte"
      }
    },
    {
      "type": "Feature",
      "geometry": {
        "type": "Point",
        "coordinates": [
          2.150627,
          41.359883
        ]
      },
      "properties": {
        "routes": [
          {
            "color": "#DA291C",
            "long_name": "Mercat Sant Antoni / Parc de Montjuïc",
            "route_type": 3,
            "short_name": "13",
            "text_color": "#FFFFFF"
          }
        ],
        "stop_id": "2.2564.676569",
        "stop_name": "Sot del Migdia"
      }
    },
    {
      "type": "Feature",
      "geometry": {
        "type": "Point",
        "coordinates": [
          2.15387,
          41.361808
        ]
      },
      "properties": {
        "routes": [
          {
            "color": "#DA291C",
            "long_name": "Mercat Sant Antoni / Parc de Montjuïc",
            "route_type": 3,
            "short_name": "13",
            "text_color": "#FFFFFF"
          }
        ],
        "stop_id": "2.2565.676568",
        "stop_name": "Pg Olímpic - Palau Sant Jordi"
      }
    },
    {
      "type": "Feature",
      "geometry": {
        "type": "Point",
        "coordinates": [
          2.156699,
          41.362746
        ]
      },
      "properties": {
        "routes": [
          {
            "color": "#DA291C",
            "long_name": "Mercat Sant Antoni / Parc de Montjuïc",
            "route_type": 3,
            "short_name": "13",
            "text_color": "#FFFFFF"
          }
        ],
        "stop_id": "2.2566.676567",
        "stop_name": "Jardí Botànic"
      }
    },
    {
      "type": "Feature",
      "geometry": {
        "type": "Point",
        "coordinates": [
          2.157458,
          41.366521
        ]
      },
      "properties": {
        "routes": [
          {
            "color": "#DA291C",
            "long_name": "Pl. Urquinaona / Parc de Montjuïc",
            "route_type": 3,
            "short_name": "55",
            "text_color": "#FFFFFF"
          }
        ],
        "stop_id": "2.2567.681526",
        "stop_name": "Av de l'Estadi - Pg Olímpic"
      }
    },
    {
      "type": "Feature",
      "geometry": {
        "type": "Point",
        "coordinates": [
          2.160615,
          41.37263
        ]
      },
      "properties": {
        "routes": [
          {
            "color": "#DA291C",
            "long_name": "Poble Sec",
            "route_type": 3,
            "short_name": "121",
            "text_color": "#FFFFFF"
          },
          {
            "color": "#DA291C",
            "long_name": "Pl. Urquinaona / Parc de Montjuïc",
            "route_type": 3,
            "short_name": "55",
            "text_color": "#FFFFFF"
          }
        ],
        "stop_id": "2.2568.676571",
        "stop_name": "Radas - Magalhäes"
      }
    },
    {
      "type": "Feature",
      "geometry": {
        "type": "Point",
        "coordinates": [
          2.159483,
          41.371117
        ]
      },
      "properties": {
        "routes": [
          {
            "color": "#DA291C",
            "long_name": "Pl. Urquinaona / Parc de Montjuïc",
            "route_type": 3,
            "short_name": "55",
            "text_color": "#FFFFFF"
          }
        ],
        "stop_id": "2.2569.676747",
        "stop_name": "Pg de l'Exposició - Sant Isidre"
      }
    },
    {
      "type": "Feature",
      "geometry": {
        "type": "Point",
        "coordinates": [
          2.158748,
          41.366374
        ]
      },
      "properties": {
        "routes": [
          {
            "color": "#DA291C",
            "long_name": "Pl. Espanya / Castell de Montjuïc",
            "route_type": 3,
            "short_name": "150",
            "text_color": "#FFFFFF"
          },
          {
            "color": "#DA291C",
            "long_name": "Pl. Urquinaona / Parc de Montjuïc",
            "route_type": 3,
            "short_name": "55",
            "text_color": "#FFFFFF"
          },
          {
            "color": "#937500",
            "long_name": "Llançadora Funicular",
            "route_type": 3,
            "short_name": "983",
            "text_color": "#FFFFFF"
          }
        ],
        "stop_id": "2.2581.676647",
        "stop_name": "Vivers Tres Pins"
      }
    },
    {
      "type": "Feature",
      "geometry": {
        "type": "Point",
        "coordinates": [
          2.116581,
          41.386272
        ]
      },
      "properties": {
        "routes": [
          {
            "color": "#DA291C",
            "long_name": "Zona Universitària / Verneda",
            "route_type": 3,
            "short_name": "33",
            "text_color": "#FFFFFF"
          }
        ],
        "stop_id": "2.2586.677927",
        "stop_name": "John M. Keynes - Diagonal"
      }
    },
    {
      "type": "Feature",
      "geometry": {
        "type": "Point",
        "coordinates": [
          2.101605,
          41.328527
        ]
      },
      "properties": {
        "routes": [
          {
            "color": "#010101",
            "long_name": "Prat XPRES (Pl. Espanya - Av. Remolar)",
            "route_type": 3,
            "short_name": "X2",
            "text_color": "#FFFFFF"
          }
        ],
        "stop_id": "2.2603.699364",
        "stop_name": "CAP Ramona Via"
      }
    },
    {
      "type": "Feature",
      "geometry": {
        "type": "Point",
        "coordinates": [
          2.13519,
          41.356086
        ]
      },
      "properties": {
        "routes": [
          {
            "color": "#DA291C",
            "long_name": "La Marina",
            "route_type": 3,
            "short_name": "125",
            "text_color": "#FFFFFF"
          }
        ],
        "stop_id": "2.2606.676639",
        "stop_name": "Alumini - Alts Forns"
      }
    },
    {
      "type": "Feature",
      "geometry": {
        "type": "Point",
        "coordinates": [
          2.176747,
          41.374786
        ]
      },
      "properties": {
        "routes": [
          {
            "color": "#93107E",
            "long_name": "Pg. Marítim / Ernest Lluch",
            "route_type": 3,
            "short_name": "D20",
            "text_color": "#FFFFFF"
          },
          {
            "color": "#003888",
            "long_name": "Paral·lel / Sant Adrià",
            "route_type": 3,
            "short_name": "H14",
            "text_color": "#FFFFFF"
          }
        ],
        "stop_id": "2.2617.676659",
        "stop_name": "Les Drassanes"
      }
    },
    {
      "type": "Feature",
      "geometry": {
        "type": "Point",
        "coordinates": [
          2.177143,
          41.374799
        ]
      },
      "properties": {
        "routes": [
          {
            "color": "#93107E",
            "long_name": "Pg. Marítim / Ernest Lluch",
            "route_type": 3,
            "short_name": "D20",
            "text_color": "#FFFFFF"
          },
          {
            "color": "#003888",
            "long_name": "Paral·lel / Sant Adrià",
            "route_type": 3,
            "short_name": "H14",
            "text_color": "#FFFFFF"
          }
        ],
        "stop_id": "2.2618.676658",
        "stop_name": "Les Drassanes"
      }
    },
    {
      "type": "Feature",
      "geometry": {
        "type": "Point",
        "coordinates": [
          2.076024,
          41.370592
        ]
      },
      "properties": {
        "routes": [
          {
            "color": "#DA291C",
            "long_name": "Collblanc / Sant Joan Despí",
            "route_type": 3,
            "short_name": "157",
            "text_color": "#FFFFFF"
          }
        ],
        "stop_id": "2.2631.688838",
        "stop_name": "Av Barcelona - John F Kennedy"
      }
    },
    {
      "type": "Feature",
      "geometry": {
        "type": "Point",
        "coordinates": [
          2.076187,
          41.371825
        ]
      },
      "properties": {
        "routes": [
          {
            "color": "#DA291C",
            "long_name": "Estació de Sants / Sant Joan Despí",
            "route_type": 3,
            "short_name": "78",
            "text_color": "#FFFFFF"
          }
        ],
        "stop_id": "2.2635.676711",
        "stop_name": "Av Baix Llobregat - Av Barcelona"
      }
    },
    {
      "type": "Feature",
      "geometry": {
        "type": "Point",
        "coordinates": [
          2.077089,
          41.371495
        ]
      },
      "properties": {
        "routes": [
          {
            "color": "#DA291C",
            "long_name": "Estació de Sants / Sant Joan Despí",
            "route_type": 3,
            "short_name": "78",
            "text_color": "#FFFFFF"
          }
        ],
        "stop_id": "2.2636.688852",
        "stop_name": "Av Baix Llobregat - Àngel Guimerà"
      }
    },
    {
      "type": "Feature",
      "geometry": {
        "type": "Point",
        "coordinates": [
          2.07914,
          41.369522
        ]
      },
      "properties": {
        "routes": [
          {
            "color": "#DA291C",
            "long_name": "Estació de Sants / Sant Joan Despí",
            "route_type": 3,
            "short_name": "78",
            "text_color": "#FFFFFF"
          }
        ],
        "stop_id": "2.2637.691556",
        "stop_name": "Av Baix Llobregat - Cirerers"
      }
    },
    {
      "type": "Feature",
      "geometry": {
        "type": "Point",
        "coordinates": [
          2.078688,
          41.37018
        ]
      },
      "properties": {
        "routes": [
          {
            "color": "#DA291C",
            "long_name": "Estació de Sants / Sant Joan Despí",
            "route_type": 3,
            "short_name": "78",
            "text_color": "#FFFFFF"
          }
        ],
        "stop_id": "2.2638.676712",
        "stop_name": "Av Baix Llobregat - Enric Granados"
      }
    },
    {
      "type": "Feature",
      "geometry": {
        "type": "Point",
        "coordinates": [
          2.145485,
          41.363199
        ]
      },
      "properties": {
        "routes": [
          {
            "color": "#DA291C",
            "long_name": "La Marina",
            "route_type": 3,
            "short_name": "125",
            "text_color": "#FFFFFF"
          }
        ],
        "stop_id": "2.2662.682705",
        "stop_name": "Segura - Jocs del 92"
      }
    },
    {
      "type": "Feature",
      "geometry": {
        "type": "Point",
        "coordinates": [
          2.068817,
          41.301439
        ]
      },
      "properties": {
        "routes": [
          {
            "color": "#DA291C",
            "long_name": "Pl. Espanya / Aeroport BCN",
            "route_type": 3,
            "short_name": "46",
            "text_color": "#FFFFFF"
          }
        ],
        "stop_id": "2.2664.693054",
        "stop_name": "Zona càrrega (sentit T1)"
      }
    },
    {
      "type": "Feature",
      "geometry": {
        "type": "Point",
        "coordinates": [
          2.18178,
          41.415183
        ]
      },
      "properties": {
        "routes": [
          {
            "color": "#DA291C",
            "long_name": "Guinardó",
            "route_type": 3,
            "short_name": "117",
            "text_color": "#FFFFFF"
          },
          {
            "color": "#DA291C",
            "long_name": "Poblenou / Hospital de Sant Pau",
            "route_type": 3,
            "short_name": "192",
            "text_color": "#FFFFFF"
          },
          {
            "color": "#003888",
            "long_name": "Ernest Lluch / Bon Pastor",
            "route_type": 3,
            "short_name": "H8",
            "text_color": "#FFFFFF"
          }
        ],
        "stop_id": "2.2665.683381",
        "stop_name": "Indústria - Freser"
      }
    },
    {
      "type": "Feature",
      "geometry": {
        "type": "Point",
        "coordinates": [
          2.180865,
          41.416159
        ]
      },
      "properties": {
        "routes": [
          {
            "color": "#DA291C",
            "long_name": "Guinardó",
            "route_type": 3,
            "short_name": "117",
            "text_color": "#FFFFFF"
          },
          {
            "color": "#DA291C",
            "long_name": "Poblenou / Hospital de Sant Pau",
            "route_type": 3,
            "short_name": "192",
            "text_color": "#FFFFFF"
          }
        ],
        "stop_id": "2.2668.684925",
        "stop_name": "Sant Antoni Maria Claret - Pg Maragall"
      }
    },
    {
      "type": "Feature",
      "geometry": {
        "type": "Point",
        "coordinates": [
          2.180076,
          41.416367
        ]
      },
      "properties": {
        "routes": [
          {
            "color": "#DA291C",
            "long_name": "Guinardó",
            "route_type": 3,
            "short_name": "117",
            "text_color": "#FFFFFF"
          }
        ],
        "stop_id": "2.2669.693369",
        "stop_name": "Villar - Pg Maragall"
      }
    },
    {
      "type": "Feature",
      "geometry": {
        "type": "Point",
        "coordinates": [
          2.178562,
          41.416212
        ]
      },
      "properties": {
        "routes": [
          {
            "color": "#DA291C",
            "long_name": "Guinardó",
            "route_type": 3,
            "short_name": "117",
            "text_color": "#FFFFFF"
          }
        ],
        "stop_id": "2.2670.690842",
        "stop_name": "Rambla Volart - Trobador"
      }
    },
    {
      "type": "Feature",
      "geometry": {
        "type": "Point",
        "coordinates": [
          2.117486,
          41.378549
        ]
      },
      "properties": {
        "routes": [
          {
            "color": "#003888",
            "long_name": "Ernest Lluch / Bon Pastor",
            "route_type": 3,
            "short_name": "H8",
            "text_color": "#FFFFFF"
          }
        ],
        "stop_id": "2.2685.697337",
        "stop_name": "Cardenal Reig - Av St Ramon Nonat"
      }
    },
    {
      "type": "Feature",
      "geometry": {
        "type": "Point",
        "coordinates": [
          2.131584,
          41.380694
        ]
      },
      "properties": {
        "routes": [
          {
            "color": "#DA291C",
            "long_name": "Estació del Nord / Cardenal Reig",
            "route_type": 3,
            "short_name": "54",
            "text_color": "#FFFFFF"
          },
          {
            "color": "#93107E",
            "long_name": "Pg. Marítim / Ernest Lluch",
            "route_type": 3,
            "short_name": "D20",
            "text_color": "#FFFFFF"
          }
        ],
        "stop_id": "2.2690.677900",
        "stop_name": "Av Madrid - Joan Güell"
      }
    },
    {
      "type": "Feature",
      "geometry": {
        "type": "Point",
        "coordinates": [
          2.140207,
          41.381575
        ]
      },
      "properties": {
        "routes": [
          {
            "color": "#DA291C",
            "long_name": "La Bordeta",
            "route_type": 3,
            "short_name": "115",
            "text_color": "#FFFFFF"
          }
        ],
        "stop_id": "2.2695.684617",
        "stop_name": "Dolors Batlle i Sunyer - Numància"
      }
    },
    {
      "type": "Feature",
      "geometry": {
        "type": "Point",
        "coordinates": [
          2.087869,
          41.377474
        ]
      },
      "properties": {
        "routes": [
          {
            "color": "#DA291C",
            "long_name": "Collblanc / Sant Joan Despí",
            "route_type": 3,
            "short_name": "157",
            "text_color": "#FFFFFF"
          },
          {
            "color": "#DA291C",
            "long_name": "Pl.Catalunya / Sant Joan Despí",
            "route_type": 3,
            "short_name": "63",
            "text_color": "#FFFFFF"
          }
        ],
        "stop_id": "2.2697.695019",
        "stop_name": "Pl Santa Magdalena"
      }
    },
    {
      "type": "Feature",
      "geometry": {
        "type": "Point",
        "coordinates": [
          2.087634,
          41.376368
        ]
      },
      "properties": {
        "routes": [
          {
            "color": "#DA291C",
            "long_name": "Pl. Catalunya / Cornellà",
            "route_type": 3,
            "short_name": "67",
            "text_color": "#FFFFFF"
          },
          {
            "color": "#DA291C",
            "long_name": "Hospital Clínic / Cornellà",
            "route_type": 3,
            "short_name": "68",
            "text_color": "#FFFFFF"
          },
          {
            "color": "#DA291C",
            "long_name": "Estació de Sants / Sant Joan Despí",
            "route_type": 3,
            "short_name": "78",
            "text_color": "#FFFFFF"
          }
        ],
        "stop_id": "2.2706.679712",
        "stop_name": "Pont d'Esplugues - Av de Cornellà"
      }
    },
    {
      "type": "Feature",
      "geometry": {
        "type": "Point",
        "coordinates": [
          2.131052,
          41.349066
        ]
      },
      "properties": {
        "routes": [
          {
            "color": "#6AB023",
            "long_name": "Districte Gran Via l'Hospitalet / Av. Esplugues",
            "route_type": 3,
            "short_name": "V1",
            "text_color": "#FFFFFF"
          },
          {
            "color": "#010101",
            "long_name": "Paral·lel - L'Hospitalet (Av. Carrilet)",
            "route_type": 3,
            "short_name": "X3",
            "text_color": "#FFFFFF"
          }
        ],
        "stop_id": "2.2709.690920",
        "stop_name": "Pablo Iglesias - Av Joan Carles I"
      }
    },
    {
      "type": "Feature",
      "geometry": {
        "type": "Point",
        "coordinates": [
          2.134424,
          41.353259
        ]
      },
      "properties": {
        "routes": [
          {
            "color": "#DA291C",
            "long_name": "La Marina",
            "route_type": 3,
            "short_name": "125",
            "text_color": "#FFFFFF"
          },
          {
            "color": "#010101",
            "long_name": "Paral·lel - L'Hospitalet (Av. Carrilet)",
            "route_type": 3,
            "short_name": "X3",
            "text_color": "#FFFFFF"
          }
        ],
        "stop_id": "2.2712.683505",
        "stop_name": "Foc - Metal·lúrgia"
      }
    },
    {
      "type": "Feature",
      "geometry": {
        "type": "Point",
        "coordinates": [
          2.111525,
          41.386067
        ]
      },
      "properties": {
        "routes": [
          {
            "color": "#DA291C",
            "long_name": "Zona Universitària / Verneda",
            "route_type": 3,
            "short_name": "33",
            "text_color": "#FFFFFF"
          }
        ],
        "stop_id": "2.2716.678553",
        "stop_name": "Av de l'Exèrcit - Trias i Giró"
      }
    },
    {
      "type": "Feature",
      "geometry": {
        "type": "Point",
        "coordinates": [
          2.19543,
          41.398698
        ]
      },
      "properties": {
        "routes": [
          {
            "color": "#6AB023",
            "long_name": "Nova Icària / Can Marcet",
            "route_type": 3,
            "short_name": "V23",
            "text_color": "#FFFFFF"
          }
        ],
        "stop_id": "2.2723.695671",
        "stop_name": "Badajoz - Pujades"
      }
    },
    {
      "type": "Feature",
      "geometry": {
        "type": "Point",
        "coordinates": [
          2.18811,
          41.403039
        ]
      },
      "properties": {
        "routes": [
          {
            "color": "#003888",
            "long_name": "Gornal / Besòs Verneda",
            "route_type": 3,
            "short_name": "H12",
            "text_color": "#FFFFFF"
          }
        ],
        "stop_id": "2.2729.700225",
        "stop_name": "Plaça de les Glòries - Final de trajecte"
      }
    },
    {
      "type": "Feature",
      "geometry": {
        "type": "Point",
        "coordinates": [
          2.177423,
          41.413892
        ]
      },
      "properties": {
        "routes": [
          {
            "color": "#DA291C",
            "long_name": "Pl. Congrés / Can Baró",
            "route_type": 3,
            "short_name": "191",
            "text_color": "#FFFFFF"
          },
          {
            "color": "#DA291C",
            "long_name": "Poblenou / Hospital de Sant Pau",
            "route_type": 3,
            "short_name": "192",
            "text_color": "#FFFFFF"
          }
        ],
        "stop_id": "2.2735.678855",
        "stop_name": "Sant Quintí - Sant Antoni Maria Claret"
      }
    },
    {
      "type": "Feature",
      "geometry": {
        "type": "Point",
        "coordinates": [
          2.185022,
          41.416606
        ]
      },
      "properties": {
        "routes": [
          {
            "color": "#DA291C",
            "long_name": "Poblenou / Hospital de Sant Pau",
            "route_type": 3,
            "short_name": "192",
            "text_color": "#FFFFFF"
          },
          {
            "color": "#003888",
            "long_name": "Ernest Lluch / Bon Pastor",
            "route_type": 3,
            "short_name": "H8",
            "text_color": "#FFFFFF"
          },
          {
            "color": "#6AB023",
            "long_name": "Nova Icària / Horta",
            "route_type": 3,
            "short_name": "V25",
            "text_color": "#FFFFFF"
          }
        ],
        "stop_id": "2.2736.689845",
        "stop_name": "Navas de Tolosa - Indústria"
      }
    },
    {
      "type": "Feature",
      "geometry": {
        "type": "Point",
        "coordinates": [
          2.187542,
          41.414711
        ]
      },
      "properties": {
        "routes": [
          {
            "color": "#DA291C",
            "long_name": "Poblenou / Hospital de Sant Pau",
            "route_type": 3,
            "short_name": "192",
            "text_color": "#FFFFFF"
          }
        ],
        "stop_id": "2.2737.678859",
        "stop_name": "Navas de Tolosa - Meridiana"
      }
    },
    {
      "type": "Feature",
      "geometry": {
        "type": "Point",
        "coordinates": [
          2.189308,
          41.41339
        ]
      },
      "properties": {
        "routes": [
          {
            "color": "#DA291C",
            "long_name": "Poblenou / Hospital de Sant Pau",
            "route_type": 3,
            "short_name": "192",
            "text_color": "#FFFFFF"
          }
        ],
        "stop_id": "2.2738.678861",
        "stop_name": "Navas de Tolosa - Clot"
      }
    },
    {
      "type": "Feature",
      "geometry": {
        "type": "Point",
        "coordinates": [
          2.187303,
          41.404882
        ]
      },
      "properties": {
        "routes": [
          {
            "color": "#DA291C",
            "long_name": "Poblenou / Hospital de Sant Pau",
            "route_type": 3,
            "short_name": "192",
            "text_color": "#FFFFFF"
          },
          {
            "color": "#6AB023",
            "long_name": "Nova Icària / Can Marcet",
            "route_type": 3,
            "short_name": "V23",
            "text_color": "#FFFFFF"
          },
          {
            "color": "#6AB023",
            "long_name": "Nova Icària / Horta",
            "route_type": 3,
            "short_name": "V25",
            "text_color": "#FFFFFF"
          }
        ],
        "stop_id": "2.2742.695520",
        "stop_name": "Glòries - Meridiana"
      }
    },
    {
      "type": "Feature",
      "geometry": {
        "type": "Point",
        "coordinates": [
          2.150147,
          41.373756
        ]
      },
      "properties": {
        "routes": [
          {
            "color": "#DA291C",
            "long_name": "Pl. Espanya / Parc Logístic",
            "route_type": 3,
            "short_name": "23",
            "text_color": "#FFFFFF"
          }
        ],
        "stop_id": "2.2775.699653",
        "stop_name": "Pl Espanya - Final de trajecte"
      }
    },
    {
      "type": "Feature",
      "geometry": {
        "type": "Point",
        "coordinates": [
          2.183859,
          41.421996
        ]
      },
      "properties": {
        "routes": [
          {
            "color": "#DA291C",
            "long_name": "Pl. Congrés / Can Baró",
            "route_type": 3,
            "short_name": "191",
            "text_color": "#FFFFFF"
          }
        ],
        "stop_id": "2.2791.682451",
        "stop_name": "Concepció Arenal - Olesa"
      }
    },
    {
      "type": "Feature",
      "geometry": {
        "type": "Point",
        "coordinates": [
          2.144566,
          41.411415
        ]
      },
      "properties": {
        "routes": [
          {
            "color": "#DA291C",
            "long_name": "Pl. Catalunya / El Carmel",
            "route_type": 3,
            "short_name": "22",
            "text_color": "#FFFFFF"
          },
          {
            "color": "#6AB023",
            "long_name": "Port Vell / Vall d'Hebron",
            "route_type": 3,
            "short_name": "V17",
            "text_color": "#FFFFFF"
          }
        ],
        "stop_id": "2.2800.679606",
        "stop_name": "Av República Argentina - Vallcarca"
      }
    },
    {
      "type": "Feature",
      "geometry": {
        "type": "Point",
        "coordinates": [
          2.125814,
          41.332218
        ]
      },
      "properties": {
        "routes": [
          {
            "color": "#DA291C",
            "long_name": "Paral·lel / El Prat",
            "route_type": 3,
            "short_name": "21",
            "text_color": "#FFFFFF"
          }
        ],
        "stop_id": "2.2809.682752",
        "stop_name": "Carrer número 4"
      }
    },
    {
      "type": "Feature",
      "geometry": {
        "type": "Point",
        "coordinates": [
          2.122373,
          41.333426
        ]
      },
      "properties": {
        "routes": [
          {
            "color": "#DA291C",
            "long_name": "Paral·lel / El Prat",
            "route_type": 3,
            "short_name": "21",
            "text_color": "#FFFFFF"
          }
        ],
        "stop_id": "2.2810.679954",
        "stop_name": "Carrer número 4 - Carrer F"
      }
    },
    {
      "type": "Feature",
      "geometry": {
        "type": "Point",
        "coordinates": [
          2.118465,
          41.334797
        ]
      },
      "properties": {
        "routes": [
          {
            "color": "#DA291C",
            "long_name": "Paral·lel / El Prat",
            "route_type": 3,
            "short_name": "21",
            "text_color": "#FFFFFF"
          }
        ],
        "stop_id": "2.2811.695889",
        "stop_name": "Zona Franca - Mercabarna"
      }
    },
    {
      "type": "Feature",
      "geometry": {
        "type": "Point",
        "coordinates": [
          2.111457,
          41.333829
        ]
      },
      "properties": {
        "routes": [
          {
            "color": "#DA291C",
            "long_name": "Paral·lel / El Prat",
            "route_type": 3,
            "short_name": "21",
            "text_color": "#FFFFFF"
          }
        ],
        "stop_id": "2.2812.697822",
        "stop_name": "Carrer K - Carrer número 40"
      }
    },
    {
      "type": "Feature",
      "geometry": {
        "type": "Point",
        "coordinates": [
          2.111918,
          41.328857
        ]
      },
      "properties": {
        "routes": [
          {
            "color": "#DA291C",
            "long_name": "Paral·lel / El Prat",
            "route_type": 3,
            "short_name": "21",
            "text_color": "#FFFFFF"
          }
        ],
        "stop_id": "2.2813.679943",
        "stop_name": "Carrer K - Carrer número 6"
      }
    },
    {
      "type": "Feature",
      "geometry": {
        "type": "Point",
        "coordinates": [
          2.10214,
          41.328456
        ]
      },
      "properties": {
        "routes": [
          {
            "color": "#010101",
            "long_name": "Prat XPRES (Pl. Espanya - Av. Remolar)",
            "route_type": 3,
            "short_name": "X2",
            "text_color": "#FFFFFF"
          }
        ],
        "stop_id": "2.2824.688608",
        "stop_name": "Av Verge de Monserrat - Sarajevo"
      }
    },
    {
      "type": "Feature",
      "geometry": {
        "type": "Point",
        "coordinates": [
          2.112304,
          41.328678
        ]
      },
      "properties": {
        "routes": [
          {
            "color": "#DA291C",
            "long_name": "Paral·lel / El Prat",
            "route_type": 3,
            "short_name": "21",
            "text_color": "#FFFFFF"
          }
        ],
        "stop_id": "2.2827.681738",
        "stop_name": "Mercabarna - Entrada El Prat"
      }
    },
    {
      "type": "Feature",
      "geometry": {
        "type": "Point",
        "coordinates": [
          2.111608,
          41.333579
        ]
      },
      "properties": {
        "routes": [
          {
            "color": "#DA291C",
            "long_name": "Paral·lel / El Prat",
            "route_type": 3,
            "short_name": "21",
            "text_color": "#FFFFFF"
          }
        ],
        "stop_id": "2.2828.697820",
        "stop_name": "Carrer K"
      }
    },
    {
      "type": "Feature",
      "geometry": {
        "type": "Point",
        "coordinates": [
          2.183852,
          41.420557
        ]
      },
      "properties": {
        "routes": [
          {
            "color": "#DA291C",
            "long_name": "Pl. Congrés / Can Baró",
            "route_type": 3,
            "short_name": "191",
            "text_color": "#FFFFFF"
          }
        ],
        "stop_id": "2.2831.683205",
        "stop_name": "Concepció Arenal - Juan de Garay"
      }
    },
    {
      "type": "Feature",
      "geometry": {
        "type": "Point",
        "coordinates": [
          2.181793,
          41.418549
        ]
      },
      "properties": {
        "routes": [
          {
            "color": "#DA291C",
            "long_name": "Pl. Congrés / Can Baró",
            "route_type": 3,
            "short_name": "191",
            "text_color": "#FFFFFF"
          }
        ],
        "stop_id": "2.2832.682504",
        "stop_name": "Juan de Garay - Navas de Tolosa"
      }
    },
    {
      "type": "Feature",
      "geometry": {
        "type": "Point",
        "coordinates": [
          2.16921,
          41.388804
        ]
      },
      "properties": {
        "routes": [
          {
            "color": "#DA291C",
            "long_name": "Pl. Catalunya / Sant Genís",
            "route_type": 3,
            "short_name": "19",
            "text_color": "#FFFFFF"
          }
        ],
        "stop_id": "2.2833.680073",
        "stop_name": "Pg de Gràcia - Ronda de Sant Pere - Final de traje"
      }
    },
    {
      "type": "Feature",
      "geometry": {
        "type": "Point",
        "coordinates": [
          2.142347,
          41.371254
        ]
      },
      "properties": {
        "routes": [
          {
            "color": "#DA291C",
            "long_name": "La Bordeta",
            "route_type": 3,
            "short_name": "115",
            "text_color": "#FFFFFF"
          },
          {
            "color": "#DA291C",
            "long_name": "Manso / La Bordeta",
            "route_type": 3,
            "short_name": "91",
            "text_color": "#FFFFFF"
          },
          {
            "color": "#6AB023",
            "long_name": "Mare de Déu de Port / Pedralbes",
            "route_type": 3,
            "short_name": "V5",
            "text_color": "#FFFFFF"
          }
        ],
        "stop_id": "2.2835.680104",
        "stop_name": "Moianès - Cuyàs"
      }
    },
    {
      "type": "Feature",
      "geometry": {
        "type": "Point",
        "coordinates": [
          2.141705,
          41.369643
        ]
      },
      "properties": {
        "routes": [
          {
            "color": "#DA291C",
            "long_name": "La Bordeta",
            "route_type": 3,
            "short_name": "115",
            "text_color": "#FFFFFF"
          },
          {
            "color": "#DA291C",
            "long_name": "Manso / La Bordeta",
            "route_type": 3,
            "short_name": "91",
            "text_color": "#FFFFFF"
          }
        ],
        "stop_id": "2.2836.680102",
        "stop_name": "Magòria"
      }
    },
    {
      "type": "Feature",
      "geometry": {
        "type": "Point",
        "coordinates": [
          2.13916,
          41.368052
        ]
      },
      "properties": {
        "routes": [
          {
            "color": "#DA291C",
            "long_name": "La Bordeta",
            "route_type": 3,
            "short_name": "115",
            "text_color": "#FFFFFF"
          },
          {
            "color": "#6AB023",
            "long_name": "Mare de Déu de Port / Pedralbes",
            "route_type": 3,
            "short_name": "V5",
            "text_color": "#FFFFFF"
          }
        ],
        "stop_id": "2.2837.696145",
        "stop_name": "Mossèn Amadeu Oller - Gran Via"
      }
    },
    {
      "type": "Feature",
      "geometry": {
        "type": "Point",
        "coordinates": [
          2.140864,
          41.417341
        ]
      },
      "properties": {
        "routes": [
          {
            "color": "#DA291C",
            "long_name": "Bonanova Alta",
            "route_type": 3,
            "short_name": "123",
            "text_color": "#FFFFFF"
          }
        ],
        "stop_id": "2.2838.700170",
        "stop_name": "Metro Penitens"
      }
    },
    {
      "type": "Feature",
      "geometry": {
        "type": "Point",
        "coordinates": [
          2.145277,
          41.413657
        ]
      },
      "properties": {
        "routes": [
          {
            "color": "#DA291C",
            "long_name": "El Coll",
            "route_type": 3,
            "short_name": "129",
            "text_color": "#FFFFFF"
          }
        ],
        "stop_id": "2.2849.680167",
        "stop_name": "Sant Eudald - Pl Mons"
      }
    },
    {
      "type": "Feature",
      "geometry": {
        "type": "Point",
        "coordinates": [
          2.142686,
          41.418219
        ]
      },
      "properties": {
        "routes": [
          {
            "color": "#DA291C",
            "long_name": "El Coll",
            "route_type": 3,
            "short_name": "129",
            "text_color": "#FFFFFF"
          }
        ],
        "stop_id": "2.2852.695704",
        "stop_name": "Montornès - Capellades"
      }
    },
    {
      "type": "Feature",
      "geometry": {
        "type": "Point",
        "coordinates": [
          2.142683,
          41.410789
        ]
      },
      "properties": {
        "routes": [
          {
            "color": "#DA291C",
            "long_name": "El Putxet",
            "route_type": 3,
            "short_name": "131",
            "text_color": "#FFFFFF"
          }
        ],
        "stop_id": "2.2883.697562",
        "stop_name": "Portolà - Ferran Puig"
      }
    },
    {
      "type": "Feature",
      "geometry": {
        "type": "Point",
        "coordinates": [
          2.143977,
          41.410053
        ]
      },
      "properties": {
        "routes": [
          {
            "color": "#DA291C",
            "long_name": "El Putxet",
            "route_type": 3,
            "short_name": "131",
            "text_color": "#FFFFFF"
          }
        ],
        "stop_id": "2.2884.680380",
        "stop_name": "Ferran Puig - Jardins Turó del Putxet"
      }
    },
    {
      "type": "Feature",
      "geometry": {
        "type": "Point",
        "coordinates": [
          2.145169,
          41.408927
        ]
      },
      "properties": {
        "routes": [
          {
            "color": "#DA291C",
            "long_name": "El Putxet",
            "route_type": 3,
            "short_name": "131",
            "text_color": "#FFFFFF"
          }
        ],
        "stop_id": "2.2885.680382",
        "stop_name": "Ferran Puig - Agramunt"
      }
    },
    {
      "type": "Feature",
      "geometry": {
        "type": "Point",
        "coordinates": [
          2.146538,
          41.407628
        ]
      },
      "properties": {
        "routes": [
          {
            "color": "#DA291C",
            "long_name": "El Putxet",
            "route_type": 3,
            "short_name": "131",
            "text_color": "#FFFFFF"
          }
        ],
        "stop_id": "2.2886.697935",
        "stop_name": "Ferran Puig - Ballester"
      }
    },
    {
      "type": "Feature",
      "geometry": {
        "type": "Point",
        "coordinates": [
          2.132978,
          41.368248
        ]
      },
      "properties": {
        "routes": [
          {
            "color": "#DA291C",
            "long_name": "La Bordeta",
            "route_type": 3,
            "short_name": "115",
            "text_color": "#FFFFFF"
          },
          {
            "color": "#6AB023",
            "long_name": "Zona Franca / Can Caralleu",
            "route_type": 3,
            "short_name": "V3",
            "text_color": "#FFFFFF"
          }
        ],
        "stop_id": "2.2916.680781",
        "stop_name": "Rambla de Badal - Constitució"
      }
    },
    {
      "type": "Feature",
      "geometry": {
        "type": "Point",
        "coordinates": [
          2.1775,
          41.386054
        ]
      },
      "properties": {
        "routes": [
          {
            "color": "#DA291C",
            "long_name": "Ciutat Vella",
            "route_type": 3,
            "short_name": "120",
            "text_color": "#FFFFFF"
          }
        ],
        "stop_id": "2.2920.695702",
        "stop_name": "Francesc Cambó - Freixures"
      }
    },
    {
      "type": "Feature",
      "geometry": {
        "type": "Point",
        "coordinates": [
          2.180961,
          41.389616
        ]
      },
      "properties": {
        "routes": [
          {
            "color": "#DA291C",
            "long_name": "Ciutat Vella",
            "route_type": 3,
            "short_name": "120",
            "text_color": "#FFFFFF"
          }
        ],
        "stop_id": "2.2923.698542",
        "stop_name": "Placeta del Comerç"
      }
    },
    {
      "type": "Feature",
      "geometry": {
        "type": "Point",
        "coordinates": [
          2.181858,
          41.386496
        ]
      },
      "properties": {
        "routes": [
          {
            "color": "#DA291C",
            "long_name": "Ciutat Vella",
            "route_type": 3,
            "short_name": "120",
            "text_color": "#FFFFFF"
          }
        ],
        "stop_id": "2.2925.680909",
        "stop_name": "Pl Pons Clerch"
      }
    },
    {
      "type": "Feature",
      "geometry": {
        "type": "Point",
        "coordinates": [
          2.180294,
          41.385258
        ]
      },
      "properties": {
        "routes": [
          {
            "color": "#DA291C",
            "long_name": "Ciutat Vella",
            "route_type": 3,
            "short_name": "120",
            "text_color": "#FFFFFF"
          }
        ],
        "stop_id": "2.2926.681108",
        "stop_name": "Princesa - Montcada"
      }
    },
    {
      "type": "Feature",
      "geometry": {
        "type": "Point",
        "coordinates": [
          2.18057,
          41.381255
        ]
      },
      "properties": {
        "routes": [
          {
            "color": "#DA291C",
            "long_name": "Ciutat Vella",
            "route_type": 3,
            "short_name": "120",
            "text_color": "#FFFFFF"
          }
        ],
        "stop_id": "2.2927.680913",
        "stop_name": "Ample - Fusteria"
      }
    },
    {
      "type": "Feature",
      "geometry": {
        "type": "Point",
        "coordinates": [
          2.179321,
          41.379508
        ]
      },
      "properties": {
        "routes": [
          {
            "color": "#DA291C",
            "long_name": "Ciutat Vella",
            "route_type": 3,
            "short_name": "120",
            "text_color": "#FFFFFF"
          }
        ],
        "stop_id": "2.2928.680963",
        "stop_name": "Pl de la Mercè"
      }
    },
    {
      "type": "Feature",
      "geometry": {
        "type": "Point",
        "coordinates": [
          2.178538,
          41.37835
        ]
      },
      "properties": {
        "routes": [
          {
            "color": "#DA291C",
            "long_name": "Ciutat Vella",
            "route_type": 3,
            "short_name": "120",
            "text_color": "#FFFFFF"
          }
        ],
        "stop_id": "2.2929.680965",
        "stop_name": "Pl del Duc de Medinaceli"
      }
    },
    {
      "type": "Feature",
      "geometry": {
        "type": "Point",
        "coordinates": [
          2.164674,
          41.384417
        ]
      },
      "properties": {
        "routes": [
          {
            "color": "#DA291C",
            "long_name": "Ciutat Vella",
            "route_type": 3,
            "short_name": "120",
            "text_color": "#FFFFFF"
          }
        ],
        "stop_id": "2.2930.681159",
        "stop_name": "Torres i Amat - Ptge St Bernat"
      }
    },
    {
      "type": "Feature",
      "geometry": {
        "type": "Point",
        "coordinates": [
          2.192836,
          41.414149
        ]
      },
      "properties": {
        "routes": [
          {
            "color": "#003888",
            "long_name": "Pl. Sants / Olímpic de Badalona",
            "route_type": 3,
            "short_name": "H10",
            "text_color": "#FFFFFF"
          },
          {
            "color": "#6AB023",
            "long_name": "Pg. Marítim / Canyelles",
            "route_type": 3,
            "short_name": "V27",
            "text_color": "#FFFFFF"
          }
        ],
        "stop_id": "2.2946.682646",
        "stop_name": "Espronceda - Guipúscoa"
      }
    },
    {
      "type": "Feature",
      "geometry": {
        "type": "Point",
        "coordinates": [
          2.136601,
          41.369868
        ]
      },
      "properties": {
        "routes": [
          {
            "color": "#DA291C",
            "long_name": "La Bordeta",
            "route_type": 3,
            "short_name": "115",
            "text_color": "#FFFFFF"
          }
        ],
        "stop_id": "2.2952.694147",
        "stop_name": "Constitució - Jocs Florals"
      }
    },
    {
      "type": "Feature",
      "geometry": {
        "type": "Point",
        "coordinates": [
          2.128463,
          41.359766
        ]
      },
      "properties": {
        "routes": [
          {
            "color": "#DA291C",
            "long_name": "Pl. Espanya / Aeroport BCN",
            "route_type": 3,
            "short_name": "46",
            "text_color": "#FFFFFF"
          },
          {
            "color": "#DA291C",
            "long_name": "Pl. Espanya / El Prat",
            "route_type": 3,
            "short_name": "65",
            "text_color": "#FFFFFF"
          },
          {
            "color": "#003888",
            "long_name": "Gornal / Besòs Verneda",
            "route_type": 3,
            "short_name": "H12",
            "text_color": "#FFFFFF"
          }
        ],
        "stop_id": "2.2965.696902",
        "stop_name": "Av Granvia - Centre Comercial"
      }
    },
    {
      "type": "Feature",
      "geometry": {
        "type": "Point",
        "coordinates": [
          2.124157,
          41.356535
        ]
      },
      "properties": {
        "routes": [
          {
            "color": "#DA291C",
            "long_name": "Pl. Espanya / Aeroport BCN",
            "route_type": 3,
            "short_name": "46",
            "text_color": "#FFFFFF"
          },
          {
            "color": "#DA291C",
            "long_name": "Pl. Espanya / El Prat",
            "route_type": 3,
            "short_name": "65",
            "text_color": "#FFFFFF"
          },
          {
            "color": "#003888",
            "long_name": "Gornal / Besòs Verneda",
            "route_type": 3,
            "short_name": "H12",
            "text_color": "#FFFFFF"
          }
        ],
        "stop_id": "2.2966.681622",
        "stop_name": "Amadeu Torner"
      }
    },
    {
      "type": "Feature",
      "geometry": {
        "type": "Point",
        "coordinates": [
          2.123853,
          41.355497
        ]
      },
      "properties": {
        "routes": [
          {
            "color": "#DA291C",
            "long_name": "Pl. Espanya / Aeroport BCN",
            "route_type": 3,
            "short_name": "46",
            "text_color": "#FFFFFF"
          },
          {
            "color": "#DA291C",
            "long_name": "Pl. Espanya / El Prat",
            "route_type": 3,
            "short_name": "65",
            "text_color": "#FFFFFF"
          },
          {
            "color": "#003888",
            "long_name": "Gornal / Besòs Verneda",
            "route_type": 3,
            "short_name": "H12",
            "text_color": "#FFFFFF"
          }
        ],
        "stop_id": "2.2968.688533",
        "stop_name": "Amadeu Torner"
      }
    },
    {
      "type": "Feature",
      "geometry": {
        "type": "Point",
        "coordinates": [
          2.128855,
          41.359303
        ]
      },
      "properties": {
        "routes": [
          {
            "color": "#DA291C",
            "long_name": "Pl. Espanya / Aeroport BCN",
            "route_type": 3,
            "short_name": "46",
            "text_color": "#FFFFFF"
          },
          {
            "color": "#DA291C",
            "long_name": "Pl. Espanya / El Prat",
            "route_type": 3,
            "short_name": "65",
            "text_color": "#FFFFFF"
          },
          {
            "color": "#003888",
            "long_name": "Gornal / Besòs Verneda",
            "route_type": 3,
            "short_name": "H12",
            "text_color": "#FFFFFF"
          }
        ],
        "stop_id": "2.2970.691758",
        "stop_name": "Av Granvia - Centre Comercial"
      }
    },
    {
      "type": "Feature",
      "geometry": {
        "type": "Point",
        "coordinates": [
          2.114777,
          41.377172
        ]
      },
      "properties": {
        "routes": [
          {
            "color": "#DA291C",
            "long_name": "Estació del Nord / Cardenal Reig",
            "route_type": 3,
            "short_name": "54",
            "text_color": "#FFFFFF"
          },
          {
            "color": "#93107E",
            "long_name": "Pg. Marítim / Ernest Lluch",
            "route_type": 3,
            "short_name": "D20",
            "text_color": "#FFFFFF"
          },
          {
            "color": "#003888",
            "long_name": "Ernest Lluch / Bon Pastor",
            "route_type": 3,
            "short_name": "H8",
            "text_color": "#FFFFFF"
          }
        ],
        "stop_id": "2.2984.695617",
        "stop_name": "Cardenal Reig - Pisuerga"
      }
    },
    {
      "type": "Feature",
      "geometry": {
        "type": "Point",
        "coordinates": [
          2.158264,
          41.374355
        ]
      },
      "properties": {
        "routes": [
          {
            "color": "#DA291C",
            "long_name": "Poble Sec",
            "route_type": 3,
            "short_name": "121",
            "text_color": "#FFFFFF"
          }
        ],
        "stop_id": "2.2990.682397",
        "stop_name": "Ricart - Paral·lel"
      }
    },
    {
      "type": "Feature",
      "geometry": {
        "type": "Point",
        "coordinates": [
          2.122521,
          41.387796
        ]
      },
      "properties": {
        "routes": [
          {
            "color": "#DA291C",
            "long_name": "La Mercè",
            "route_type": 3,
            "short_name": "113",
            "text_color": "#FFFFFF"
          }
        ],
        "stop_id": "2.2992.682493",
        "stop_name": "Pl Pius XII - Av Pedralbes"
      }
    },
    {
      "type": "Feature",
      "geometry": {
        "type": "Point",
        "coordinates": [
          2.150533,
          41.360003
        ]
      },
      "properties": {
        "routes": [
          {
            "color": "#DA291C",
            "long_name": "La Marina",
            "route_type": 3,
            "short_name": "125",
            "text_color": "#FFFFFF"
          },
          {
            "color": "#DA291C",
            "long_name": "Mercat Sant Antoni / Parc de Montjuïc",
            "route_type": 3,
            "short_name": "13",
            "text_color": "#FFFFFF"
          }
        ],
        "stop_id": "2.2999.698128",
        "stop_name": "Foc - Sot del Migdia"
      }
    },
    {
      "type": "Feature",
      "geometry": {
        "type": "Point",
        "coordinates": [
          2.152954,
          41.361585
        ]
      },
      "properties": {
        "routes": [
          {
            "color": "#DA291C",
            "long_name": "La Marina",
            "route_type": 3,
            "short_name": "125",
            "text_color": "#FFFFFF"
          },
          {
            "color": "#DA291C",
            "long_name": "Mercat Sant Antoni / Parc de Montjuïc",
            "route_type": 3,
            "short_name": "13",
            "text_color": "#FFFFFF"
          }
        ],
        "stop_id": "2.3000.682703",
        "stop_name": "Palau Sant Jordi"
      }
    },
    {
      "type": "Feature",
      "geometry": {
        "type": "Point",
        "coordinates": [
          2.090552,
          41.331022
        ]
      },
      "properties": {
        "routes": [
          {
            "color": "#DA291C",
            "long_name": "Paral·lel / El Prat",
            "route_type": 3,
            "short_name": "21",
            "text_color": "#FFFFFF"
          }
        ],
        "stop_id": "2.3001.688643",
        "stop_name": "Estació RENFE - Andana 2 - Final de trajecte"
      }
    },
    {
      "type": "Feature",
      "geometry": {
        "type": "Point",
        "coordinates": [
          2.147852,
          41.361364
        ]
      },
      "properties": {
        "routes": [
          {
            "color": "#DA291C",
            "long_name": "La Marina",
            "route_type": 3,
            "short_name": "125",
            "text_color": "#FFFFFF"
          },
          {
            "color": "#DA291C",
            "long_name": "Mercat Sant Antoni / Parc de Montjuïc",
            "route_type": 3,
            "short_name": "13",
            "text_color": "#FFFFFF"
          }
        ],
        "stop_id": "2.3002.688571",
        "stop_name": "Pedrera del Mussol - Marbre"
      }
    },
    {
      "type": "Feature",
      "geometry": {
        "type": "Point",
        "coordinates": [
          2.16679,
          41.371784
        ]
      },
      "properties": {
        "routes": [
          {
            "color": "#DA291C",
            "long_name": "Poble Sec",
            "route_type": 3,
            "short_name": "121",
            "text_color": "#FFFFFF"
          }
        ],
        "stop_id": "2.3008.682958",
        "stop_name": "CAP Les Hortes"
      }
    },
    {
      "type": "Feature",
      "geometry": {
        "type": "Point",
        "coordinates": [
          2.133837,
          41.363809
        ]
      },
      "properties": {
        "routes": [
          {
            "color": "#DA291C",
            "long_name": "Pl. Espanya / Aeroport BCN",
            "route_type": 3,
            "short_name": "46",
            "text_color": "#FFFFFF"
          },
          {
            "color": "#DA291C",
            "long_name": "Pl. Espanya / El Prat",
            "route_type": 3,
            "short_name": "65",
            "text_color": "#FFFFFF"
          },
          {
            "color": "#003888",
            "long_name": "Gornal / Besòs Verneda",
            "route_type": 3,
            "short_name": "H12",
            "text_color": "#FFFFFF"
          },
          {
            "color": "#6AB023",
            "long_name": "Zona Franca / Can Caralleu",
            "route_type": 3,
            "short_name": "V3",
            "text_color": "#FFFFFF"
          }
        ],
        "stop_id": "2.3023.684931",
        "stop_name": "Ildefons Cerdà - Ciutat de la Justícia"
      }
    },
    {
      "type": "Feature",
      "geometry": {
        "type": "Point",
        "coordinates": [
          2.131302,
          41.361903
        ]
      },
      "properties": {
        "routes": [
          {
            "color": "#DA291C",
            "long_name": "Pl. Espanya / Aeroport BCN",
            "route_type": 3,
            "short_name": "46",
            "text_color": "#FFFFFF"
          },
          {
            "color": "#DA291C",
            "long_name": "Pl. Espanya / El Prat",
            "route_type": 3,
            "short_name": "65",
            "text_color": "#FFFFFF"
          },
          {
            "color": "#003888",
            "long_name": "Gornal / Besòs Verneda",
            "route_type": 3,
            "short_name": "H12",
            "text_color": "#FFFFFF"
          }
        ],
        "stop_id": "2.3024.692046",
        "stop_name": "Av Granvia - Alhambra"
      }
    },
    {
      "type": "Feature",
      "geometry": {
        "type": "Point",
        "coordinates": [
          2.170859,
          41.388357
        ]
      },
      "properties": {
        "routes": [
          {
            "color": "#DA291C",
            "long_name": "Pl. Catalunya / El Carmel",
            "route_type": 3,
            "short_name": "22",
            "text_color": "#FFFFFF"
          }
        ],
        "stop_id": "2.3032.687813",
        "stop_name": "Ronda St Pere - Pg de Gràcia - Final de trajecte"
      }
    },
    {
      "type": "Feature",
      "geometry": {
        "type": "Point",
        "coordinates": [
          2.065013,
          41.353276
        ]
      },
      "properties": {
        "routes": [
          {
            "color": "#DA291C",
            "long_name": "Circular Cornellà 1",
            "route_type": 3,
            "short_name": "95",
            "text_color": "#FFFFFF"
          }
        ],
        "stop_id": "2.3033.683870",
        "stop_name": "Av del Baix Llobregat - Miquel Roncali"
      }
    },
    {
      "type": "Feature",
      "geometry": {
        "type": "Point",
        "coordinates": [
          2.07046,
          41.350291
        ]
      },
      "properties": {
        "routes": [
          {
            "color": "#DA291C",
            "long_name": "Circular Cornellà 1",
            "route_type": 3,
            "short_name": "95",
            "text_color": "#FFFFFF"
          }
        ],
        "stop_id": "2.3034.683872",
        "stop_name": "Av del Baix Llobregat - Verge de Montserrat"
      }
    },
    {
      "type": "Feature",
      "geometry": {
        "type": "Point",
        "coordinates": [
          2.076231,
          41.349392
        ]
      },
      "properties": {
        "routes": [
          {
            "color": "#DA291C",
            "long_name": "Circular Cornellà 1",
            "route_type": 3,
            "short_name": "95",
            "text_color": "#FFFFFF"
          }
        ],
        "stop_id": "2.3035.685991",
        "stop_name": "Av del Baix Llobregat - Fivaller"
      }
    },
    {
      "type": "Feature",
      "geometry": {
        "type": "Point",
        "coordinates": [
          2.088774,
          41.352299
        ]
      },
      "properties": {
        "routes": [
          {
            "color": "#DA291C",
            "long_name": "Circular Cornellà 1",
            "route_type": 3,
            "short_name": "95",
            "text_color": "#FFFFFF"
          }
        ],
        "stop_id": "2.3036.683852",
        "stop_name": "Av Pablo Picasso - Av del Maresme"
      }
    },
    {
      "type": "Feature",
      "geometry": {
        "type": "Point",
        "coordinates": [
          2.078102,
          41.357833
        ]
      },
      "properties": {
        "routes": [
          {
            "color": "#DA291C",
            "long_name": "Circular Cornellà 1",
            "route_type": 3,
            "short_name": "95",
            "text_color": "#FFFFFF"
          }
        ],
        "stop_id": "2.3037.694673",
        "stop_name": "Anoia - Arquitecte Calzada"
      }
    },
    {
      "type": "Feature",
      "geometry": {
        "type": "Point",
        "coordinates": [
          2.064627,
          41.355552
        ]
      },
      "properties": {
        "routes": [
          {
            "color": "#DA291C",
            "long_name": "Circular Cornellà 1",
            "route_type": 3,
            "short_name": "95",
            "text_color": "#FFFFFF"
          }
        ],
        "stop_id": "2.3040.683880",
        "stop_name": "Ctra de St Boi - Pl Quatre Camins"
      }
    },
    {
      "type": "Feature",
      "geometry": {
        "type": "Point",
        "coordinates": [
          2.081808,
          41.305002
        ]
      },
      "properties": {
        "routes": [
          {
            "color": "#DA291C",
            "long_name": "Pl. Espanya / Aeroport BCN",
            "route_type": 3,
            "short_name": "46",
            "text_color": "#FFFFFF"
          }
        ],
        "stop_id": "2.3041.687590",
        "stop_name": "Aeroport T2C"
      }
    },
    {
      "type": "Feature",
      "geometry": {
        "type": "Point",
        "coordinates": [
          2.140356,
          41.417544
        ]
      },
      "properties": {
        "routes": [
          {
            "color": "#DA291C",
            "long_name": "El Coll",
            "route_type": 3,
            "short_name": "129",
            "text_color": "#FFFFFF"
          }
        ],
        "stop_id": "2.3046.700171",
        "stop_name": "Anna Piferrer - Betània"
      }
    },
    {
      "type": "Feature",
      "geometry": {
        "type": "Point",
        "coordinates": [
          2.075775,
          41.302872
        ]
      },
      "properties": {
        "routes": [
          {
            "color": "#DA291C",
            "long_name": "Pl. Espanya / Aeroport BCN",
            "route_type": 3,
            "short_name": "46",
            "text_color": "#FFFFFF"
          }
        ],
        "stop_id": "2.3047.695090",
        "stop_name": "Aeroport T2B - Sortides (sentit T1)"
      }
    },
    {
      "type": "Feature",
      "geometry": {
        "type": "Point",
        "coordinates": [
          2.07926,
          41.304126
        ]
      },
      "properties": {
        "routes": [
          {
            "color": "#DA291C",
            "long_name": "Pl. Espanya / Aeroport BCN",
            "route_type": 3,
            "short_name": "46",
            "text_color": "#FFFFFF"
          }
        ],
        "stop_id": "2.3048.692818",
        "stop_name": "Aeroport T2B - Arribades"
      }
    },
    {
      "type": "Feature",
      "geometry": {
        "type": "Point",
        "coordinates": [
          2.085428,
          41.351742
        ]
      },
      "properties": {
        "routes": [
          {
            "color": "#DA291C",
            "long_name": "Circular Cornellà 2",
            "route_type": 3,
            "short_name": "94",
            "text_color": "#FFFFFF"
          }
        ],
        "stop_id": "2.3114.693634",
        "stop_name": "Tirso de Molina - Av St Ferran"
      }
    },
    {
      "type": "Feature",
      "geometry": {
        "type": "Point",
        "coordinates": [
          2.081375,
          41.350433
        ]
      },
      "properties": {
        "routes": [
          {
            "color": "#DA291C",
            "long_name": "Circular Cornellà 2",
            "route_type": 3,
            "short_name": "94",
            "text_color": "#FFFFFF"
          }
        ],
        "stop_id": "2.3115.684779",
        "stop_name": "Tirso de Molina - Av de la Fama"
      }
    },
    {
      "type": "Feature",
      "geometry": {
        "type": "Point",
        "coordinates": [
          2.075816,
          41.349549
        ]
      },
      "properties": {
        "routes": [
          {
            "color": "#DA291C",
            "long_name": "Circular Cornellà 2",
            "route_type": 3,
            "short_name": "94",
            "text_color": "#FFFFFF"
          }
        ],
        "stop_id": "2.3116.684781",
        "stop_name": "Av Baix Llobregat - Joan Fiveller"
      }
    },
    {
      "type": "Feature",
      "geometry": {
        "type": "Point",
        "coordinates": [
          2.070835,
          41.350268
        ]
      },
      "properties": {
        "routes": [
          {
            "color": "#DA291C",
            "long_name": "Circular Cornellà 2",
            "route_type": 3,
            "short_name": "94",
            "text_color": "#FFFFFF"
          }
        ],
        "stop_id": "2.3117.684789",
        "stop_name": "Av Baix Llobregat - Ptge Francesc Layret"
      }
    },
    {
      "type": "Feature",
      "geometry": {
        "type": "Point",
        "coordinates": [
          2.065197,
          41.353245
        ]
      },
      "properties": {
        "routes": [
          {
            "color": "#DA291C",
            "long_name": "Circular Cornellà 2",
            "route_type": 3,
            "short_name": "94",
            "text_color": "#FFFFFF"
          }
        ],
        "stop_id": "2.3118.685376",
        "stop_name": "Av Baix Llobregat - Miguel de Roncali"
      }
    },
    {
      "type": "Feature",
      "geometry": {
        "type": "Point",
        "coordinates": [
          2.06453,
          41.355342
        ]
      },
      "properties": {
        "routes": [
          {
            "color": "#DA291C",
            "long_name": "Circular Cornellà 2",
            "route_type": 3,
            "short_name": "94",
            "text_color": "#FFFFFF"
          }
        ],
        "stop_id": "2.3119.684793",
        "stop_name": "Ctra de St Boi - Campoamor"
      }
    },
    {
      "type": "Feature",
      "geometry": {
        "type": "Point",
        "coordinates": [
          2.070049,
          41.356209
        ]
      },
      "properties": {
        "routes": [
          {
            "color": "#DA291C",
            "long_name": "Circular Cornellà 2",
            "route_type": 3,
            "short_name": "94",
            "text_color": "#FFFFFF"
          }
        ],
        "stop_id": "2.3120.693324",
        "stop_name": "Pl de l'Església"
      }
    },
    {
      "type": "Feature",
      "geometry": {
        "type": "Point",
        "coordinates": [
          2.074122,
          41.355765
        ]
      },
      "properties": {
        "routes": [
          {
            "color": "#DA291C",
            "long_name": "Circular Cornellà 2",
            "route_type": 3,
            "short_name": "94",
            "text_color": "#FFFFFF"
          }
        ],
        "stop_id": "2.3121.699401",
        "stop_name": "Av dels Alps - Ctra d'Esplugues"
      }
    },
    {
      "type": "Feature",
      "geometry": {
        "type": "Point",
        "coordinates": [
          2.072177,
          41.358619
        ]
      },
      "properties": {
        "routes": [
          {
            "color": "#DA291C",
            "long_name": "Pl. Catalunya / Cornellà",
            "route_type": 3,
            "short_name": "67",
            "text_color": "#FFFFFF"
          },
          {
            "color": "#DA291C",
            "long_name": "Hospital Clínic / Cornellà",
            "route_type": 3,
            "short_name": "68",
            "text_color": "#FFFFFF"
          },
          {
            "color": "#DA291C",
            "long_name": "Circular Cornellà 2",
            "route_type": 3,
            "short_name": "94",
            "text_color": "#FFFFFF"
          }
        ],
        "stop_id": "2.3122.685378",
        "stop_name": "Ctra d'Esplugues - Catalunya"
      }
    },
    {
      "type": "Feature",
      "geometry": {
        "type": "Point",
        "coordinates": [
          2.083343,
          41.355121
        ]
      },
      "properties": {
        "routes": [
          {
            "color": "#DA291C",
            "long_name": "Circular Cornellà 2",
            "route_type": 3,
            "short_name": "94",
            "text_color": "#FFFFFF"
          }
        ],
        "stop_id": "2.3123.684775",
        "stop_name": "Ctra de l'Hospitalet - Vallès"
      }
    },
    {
      "type": "Feature",
      "geometry": {
        "type": "Point",
        "coordinates": [
          2.084651,
          41.353526
        ]
      },
      "properties": {
        "routes": [
          {
            "color": "#DA291C",
            "long_name": "Circular Cornellà 2",
            "route_type": 3,
            "short_name": "94",
            "text_color": "#FFFFFF"
          }
        ],
        "stop_id": "2.3124.685377",
        "stop_name": "Av St Ferran - Marià Fortuny"
      }
    },
    {
      "type": "Feature",
      "geometry": {
        "type": "Point",
        "coordinates": [
          2.145255,
          41.378467
        ]
      },
      "properties": {
        "routes": [
          {
            "color": "#DA291C",
            "long_name": "Hospital Clínic / Polígon Zona Franca",
            "route_type": 3,
            "short_name": "109",
            "text_color": "#FFFFFF"
          },
          {
            "color": "#93107E",
            "long_name": "Pg. Marítim / Ernest Lluch",
            "route_type": 3,
            "short_name": "D20",
            "text_color": "#FFFFFF"
          },
          {
            "color": "#93107E",
            "long_name": "Pl. Espanya / Canyelles",
            "route_type": 3,
            "short_name": "D40",
            "text_color": "#FFFFFF"
          },
          {
            "color": "#6AB023",
            "long_name": "Pl. Espanya / Sarrià",
            "route_type": 3,
            "short_name": "V7",
            "text_color": "#FFFFFF"
          }
        ],
        "stop_id": "2.3125.684646",
        "stop_name": "Metro Tarragona"
      }
    },
    {
      "type": "Feature",
      "geometry": {
        "type": "Point",
        "coordinates": [
          2.072666,
          41.357803
        ]
      },
      "properties": {
        "routes": [
          {
            "color": "#DA291C",
            "long_name": "Pl. Catalunya / Cornellà",
            "route_type": 3,
            "short_name": "67",
            "text_color": "#FFFFFF"
          },
          {
            "color": "#DA291C",
            "long_name": "Hospital Clínic / Cornellà",
            "route_type": 3,
            "short_name": "68",
            "text_color": "#FFFFFF"
          },
          {
            "color": "#DA291C",
            "long_name": "Circular Cornellà 2",
            "route_type": 3,
            "short_name": "94",
            "text_color": "#FFFFFF"
          },
          {
            "color": "#DA291C",
            "long_name": "Circular Cornellà 1",
            "route_type": 3,
            "short_name": "95",
            "text_color": "#FFFFFF"
          }
        ],
        "stop_id": "2.3130.689019",
        "stop_name": "Ctra d'Esplugues - Pl Prat de la Riba"
      }
    },
    {
      "type": "Feature",
      "geometry": {
        "type": "Point",
        "coordinates": [
          2.071882,
          41.356101
        ]
      },
      "properties": {
        "routes": [
          {
            "color": "#DA291C",
            "long_name": "Circular Cornellà 2",
            "route_type": 3,
            "short_name": "94",
            "text_color": "#FFFFFF"
          }
        ],
        "stop_id": "2.3131.693323",
        "stop_name": "Ctra d'Esplugues - Rbla Anselm Clavé"
      }
    },
    {
      "type": "Feature",
      "geometry": {
        "type": "Point",
        "coordinates": [
          2.123563,
          41.393802
        ]
      },
      "properties": {
        "routes": [
          {
            "color": "#DA291C",
            "long_name": "Can Caralleu",
            "route_type": 3,
            "short_name": "130",
            "text_color": "#FFFFFF"
          }
        ],
        "stop_id": "2.3134.685367",
        "stop_name": "Sta Amèlia - Or"
      }
    },
    {
      "type": "Feature",
      "geometry": {
        "type": "Point",
        "coordinates": [
          2.065722,
          41.356876
        ]
      },
      "properties": {
        "routes": [
          {
            "color": "#DA291C",
            "long_name": "Circular Cornellà 1",
            "route_type": 3,
            "short_name": "95",
            "text_color": "#FFFFFF"
          }
        ],
        "stop_id": "2.3137.684858",
        "stop_name": "Ctra de St Joan Despí - Ctra de St Boi"
      }
    },
    {
      "type": "Feature",
      "geometry": {
        "type": "Point",
        "coordinates": [
          2.062427,
          41.36
        ]
      },
      "properties": {
        "routes": [
          {
            "color": "#DA291C",
            "long_name": "Circular Cornellà 1",
            "route_type": 3,
            "short_name": "95",
            "text_color": "#FFFFFF"
          }
        ],
        "stop_id": "2.3138.693349",
        "stop_name": "Ctra de St Joan Despí - Terra Alta"
      }
    },
    {
      "type": "Feature",
      "geometry": {
        "type": "Point",
        "coordinates": [
          2.181295,
          41.391189
        ]
      },
      "properties": {
        "routes": [
          {
            "color": "#003888",
            "long_name": "Pg. Zona Franca / Fòrum Campus Besòs",
            "route_type": 3,
            "short_name": "H16",
            "text_color": "#FFFFFF"
          },
          {
            "color": "#6AB023",
            "long_name": "Port Vell / Vall d'Hebron",
            "route_type": 3,
            "short_name": "V17",
            "text_color": "#FFFFFF"
          },
          {
            "color": "#6AB023",
            "long_name": "Barceloneta / Pl. Alfonso Comín",
            "route_type": 3,
            "short_name": "V19",
            "text_color": "#FFFFFF"
          }
        ],
        "stop_id": "2.3141.690329",
        "stop_name": "Pg Lluís Companys - Almogàvers"
      }
    },
    {
      "type": "Feature",
      "geometry": {
        "type": "Point",
        "coordinates": [
          2.164262,
          41.412367
        ]
      },
      "properties": {
        "routes": [
          {
            "color": "#DA291C",
            "long_name": "Gràcia / Can Baró",
            "route_type": 3,
            "short_name": "114",
            "text_color": "#FFFFFF"
          },
          {
            "color": "#6AB023",
            "long_name": "Barceloneta / Pl. Alfonso Comín",
            "route_type": 3,
            "short_name": "V19",
            "text_color": "#FFFFFF"
          }
        ],
        "stop_id": "2.3162.685023",
        "stop_name": "Praga - Rda Guinardó"
      }
    },
    {
      "type": "Feature",
      "geometry": {
        "type": "Point",
        "coordinates": [
          2.138844,
          41.378551
        ]
      },
      "properties": {
        "routes": [
          {
            "color": "#93107E",
            "long_name": "Pg. Marítim / Ernest Lluch",
            "route_type": 3,
            "short_name": "D20",
            "text_color": "#FFFFFF"
          },
          {
            "color": "#6AB023",
            "long_name": "Mare de Déu de Port / Pedralbes",
            "route_type": 3,
            "short_name": "V5",
            "text_color": "#FFFFFF"
          }
        ],
        "stop_id": "2.3166.699310",
        "stop_name": "Pl Joan Peiró"
      }
    },
    {
      "type": "Feature",
      "geometry": {
        "type": "Point",
        "coordinates": [
          2.111707,
          41.38408
        ]
      },
      "properties": {
        "routes": [
          {
            "color": "#DA291C",
            "long_name": "La Mercè",
            "route_type": 3,
            "short_name": "113",
            "text_color": "#FFFFFF"
          },
          {
            "color": "#6AB023",
            "long_name": "Districte Gran Via l'Hospitalet / Av. Esplugues",
            "route_type": 3,
            "short_name": "V1",
            "text_color": "#FFFFFF"
          }
        ],
        "stop_id": "2.3174.685384",
        "stop_name": "Diagonal - Complex Esportiu Universitari"
      }
    },
    {
      "type": "Feature",
      "geometry": {
        "type": "Point",
        "coordinates": [
          2.068091,
          41.301548
        ]
      },
      "properties": {
        "routes": [
          {
            "color": "#DA291C",
            "long_name": "Pl. Espanya / Aeroport BCN",
            "route_type": 3,
            "short_name": "46",
            "text_color": "#FFFFFF"
          }
        ],
        "stop_id": "2.3197.693052",
        "stop_name": "Zona càrrega"
      }
    },
    {
      "type": "Feature",
      "geometry": {
        "type": "Point",
        "coordinates": [
          2.141551,
          41.353419
        ]
      },
      "properties": {
        "routes": [
          {
            "color": "#DA291C",
            "long_name": "La Marina",
            "route_type": 3,
            "short_name": "125",
            "text_color": "#FFFFFF"
          }
        ],
        "stop_id": "2.3210.686174",
        "stop_name": "Pl del Nou - Estany"
      }
    },
    {
      "type": "Feature",
      "geometry": {
        "type": "Point",
        "coordinates": [
          2.117936,
          41.385832
        ]
      },
      "properties": {
        "routes": [
          {
            "color": "#003888",
            "long_name": "Zona Universitària / Onze de Setembre",
            "route_type": 3,
            "short_name": "H6",
            "text_color": "#FFFFFF"
          }
        ],
        "stop_id": "2.3222.688303",
        "stop_name": "Palau Reial"
      }
    },
    {
      "type": "Feature",
      "geometry": {
        "type": "Point",
        "coordinates": [
          2.125799,
          41.387834
        ]
      },
      "properties": {
        "routes": [
          {
            "color": "#003888",
            "long_name": "Zona Universitària / Onze de Setembre",
            "route_type": 3,
            "short_name": "H6",
            "text_color": "#FFFFFF"
          }
        ],
        "stop_id": "2.3223.688307",
        "stop_name": "Pl Reina Maria Cristina"
      }
    },
    {
      "type": "Feature",
      "geometry": {
        "type": "Point",
        "coordinates": [
          2.167563,
          41.412898
        ]
      },
      "properties": {
        "routes": [
          {
            "color": "#6AB023",
            "long_name": "Pg. Marítim / Montbau",
            "route_type": 3,
            "short_name": "V21",
            "text_color": "#FFFFFF"
          }
        ],
        "stop_id": "2.3224.688504",
        "stop_name": "Padilla - Túnel de la Rovira"
      }
    },
    {
      "type": "Feature",
      "geometry": {
        "type": "Point",
        "coordinates": [
          2.119632,
          41.353128
        ]
      },
      "properties": {
        "routes": [
          {
            "color": "#003888",
            "long_name": "Gornal / Besòs Verneda",
            "route_type": 3,
            "short_name": "H12",
            "text_color": "#FFFFFF"
          }
        ],
        "stop_id": "2.3225.688029",
        "stop_name": "Gornal - Final de trajecte"
      }
    },
    {
      "type": "Feature",
      "geometry": {
        "type": "Point",
        "coordinates": [
          2.167491,
          41.412212
        ]
      },
      "properties": {
        "routes": [
          {
            "color": "#DA291C",
            "long_name": "Pl. Congrés / Can Baró",
            "route_type": 3,
            "short_name": "191",
            "text_color": "#FFFFFF"
          },
          {
            "color": "#003888",
            "long_name": "Zona Universitària / Onze de Setembre",
            "route_type": 3,
            "short_name": "H6",
            "text_color": "#FFFFFF"
          }
        ],
        "stop_id": "2.3226.686311",
        "stop_name": "Rda Guinardó - Lepant - Alfons X"
      }
    },
    {
      "type": "Feature",
      "geometry": {
        "type": "Point",
        "coordinates": [
          2.1664,
          41.412261
        ]
      },
      "properties": {
        "routes": [
          {
            "color": "#003888",
            "long_name": "Zona Universitària / Onze de Setembre",
            "route_type": 3,
            "short_name": "H6",
            "text_color": "#FFFFFF"
          }
        ],
        "stop_id": "2.3229.688490",
        "stop_name": "Metro Alfons X"
      }
    },
    {
      "type": "Feature",
      "geometry": {
        "type": "Point",
        "coordinates": [
          2.180753,
          41.399367
        ]
      },
      "properties": {
        "routes": [
          {
            "color": "#6AB023",
            "long_name": "Pg. Marítim / Montbau",
            "route_type": 3,
            "short_name": "V21",
            "text_color": "#FFFFFF"
          }
        ],
        "stop_id": "2.3231.687963",
        "stop_name": "Marina - Monumental"
      }
    },
    {
      "type": "Feature",
      "geometry": {
        "type": "Point",
        "coordinates": [
          2.126615,
          41.388963
        ]
      },
      "properties": {
        "routes": [
          {
            "color": "#003888",
            "long_name": "Zona Universitària / Onze de Setembre",
            "route_type": 3,
            "short_name": "H6",
            "text_color": "#FFFFFF"
          },
          {
            "color": "#6AB023",
            "long_name": "Zona Franca / Can Caralleu",
            "route_type": 3,
            "short_name": "V3",
            "text_color": "#FFFFFF"
          }
        ],
        "stop_id": "2.3232.688542",
        "stop_name": "Capità Arenas - Maria Cristina"
      }
    },
    {
      "type": "Feature",
      "geometry": {
        "type": "Point",
        "coordinates": [
          2.113992,
          41.384838
        ]
      },
      "properties": {
        "routes": [
          {
            "color": "#003888",
            "long_name": "Zona Universitària / Onze de Setembre",
            "route_type": 3,
            "short_name": "H6",
            "text_color": "#FFFFFF"
          }
        ],
        "stop_id": "2.3233.688301",
        "stop_name": "ETS d'Arquitectura"
      }
    },
    {
      "type": "Feature",
      "geometry": {
        "type": "Point",
        "coordinates": [
          2.120894,
          41.386586
        ]
      },
      "properties": {
        "routes": [
          {
            "color": "#003888",
            "long_name": "Zona Universitària / Onze de Setembre",
            "route_type": 3,
            "short_name": "H6",
            "text_color": "#FFFFFF"
          }
        ],
        "stop_id": "2.3234.688305",
        "stop_name": "Pl Pius XII"
      }
    },
    {
      "type": "Feature",
      "geometry": {
        "type": "Point",
        "coordinates": [
          2.149621,
          41.375691
        ]
      },
      "properties": {
        "routes": [
          {
            "color": "#DA291C",
            "long_name": "Pl. Catalunya / Collblanc",
            "route_type": 3,
            "short_name": "52",
            "text_color": "#FFFFFF"
          },
          {
            "color": "#003888",
            "long_name": "Gornal / Besòs Verneda",
            "route_type": 3,
            "short_name": "H12",
            "text_color": "#FFFFFF"
          }
        ],
        "stop_id": "2.3236.698439",
        "stop_name": "Gran Via - Pl Espanya"
      }
    },
    {
      "type": "Feature",
      "geometry": {
        "type": "Point",
        "coordinates": [
          2.148778,
          41.375987
        ]
      },
      "properties": {
        "routes": [
          {
            "color": "#DA291C",
            "long_name": "Hospital Clínic / Polígon Zona Franca",
            "route_type": 3,
            "short_name": "109",
            "text_color": "#FFFFFF"
          },
          {
            "color": "#93107E",
            "long_name": "Pg. Marítim / Ernest Lluch",
            "route_type": 3,
            "short_name": "D20",
            "text_color": "#FFFFFF"
          },
          {
            "color": "#93107E",
            "long_name": "Pl. Espanya / Canyelles",
            "route_type": 3,
            "short_name": "D40",
            "text_color": "#FFFFFF"
          },
          {
            "color": "#6AB023",
            "long_name": "Pl. Espanya / Sarrià",
            "route_type": 3,
            "short_name": "V7",
            "text_color": "#FFFFFF"
          }
        ],
        "stop_id": "2.3237.688327",
        "stop_name": "Tarragona - Pl Espanya"
      }
    },
    {
      "type": "Feature",
      "geometry": {
        "type": "Point",
        "coordinates": [
          2.178678,
          41.392401
        ]
      },
      "properties": {
        "routes": [
          {
            "color": "#DA291C",
            "long_name": "Pl. Catalunya / Sant Genís",
            "route_type": 3,
            "short_name": "19",
            "text_color": "#FFFFFF"
          },
          {
            "color": "#93107E",
            "long_name": "Paral·lel / Ciutat Meridiana",
            "route_type": 3,
            "short_name": "D50",
            "text_color": "#FFFFFF"
          },
          {
            "color": "#6AB023",
            "long_name": "Barceloneta / Pl. Alfonso Comín",
            "route_type": 3,
            "short_name": "V19",
            "text_color": "#FFFFFF"
          }
        ],
        "stop_id": "2.3241.693540",
        "stop_name": "Pg de St Joan - Ausiàs March"
      }
    },
    {
      "type": "Feature",
      "geometry": {
        "type": "Point",
        "coordinates": [
          2.138246,
          41.388739
        ]
      },
      "properties": {
        "routes": [
          {
            "color": "#DA291C",
            "long_name": "Poblenou / Pl. Reina Maria Cristina",
            "route_type": 3,
            "short_name": "59",
            "text_color": "#FFFFFF"
          }
        ],
        "stop_id": "2.3242.698162",
        "stop_name": "Les Corts - Prat d'En Rull"
      }
    },
    {
      "type": "Feature",
      "geometry": {
        "type": "Point",
        "coordinates": [
          2.147927,
          41.361485
        ]
      },
      "properties": {
        "routes": [
          {
            "color": "#DA291C",
            "long_name": "Mercat Sant Antoni / Parc de Montjuïc",
            "route_type": 3,
            "short_name": "13",
            "text_color": "#FFFFFF"
          }
        ],
        "stop_id": "2.3250.700181",
        "stop_name": "Pedrera del Mussol - Can Clos"
      }
    },
    {
      "type": "Feature",
      "geometry": {
        "type": "Point",
        "coordinates": [
          2.157295,
          41.365718
        ]
      },
      "properties": {
        "routes": [
          {
            "color": "#DA291C",
            "long_name": "Mercat Sant Antoni / Parc de Montjuïc",
            "route_type": 3,
            "short_name": "13",
            "text_color": "#FFFFFF"
          }
        ],
        "stop_id": "2.3251.688183",
        "stop_name": "Pg Olímpic - Av de l'Estadi"
      }
    },
    {
      "type": "Feature",
      "geometry": {
        "type": "Point",
        "coordinates": [
          2.157467,
          41.365198
        ]
      },
      "properties": {
        "routes": [
          {
            "color": "#DA291C",
            "long_name": "La Marina",
            "route_type": 3,
            "short_name": "125",
            "text_color": "#FFFFFF"
          },
          {
            "color": "#DA291C",
            "long_name": "Mercat Sant Antoni / Parc de Montjuïc",
            "route_type": 3,
            "short_name": "13",
            "text_color": "#FFFFFF"
          }
        ],
        "stop_id": "2.3252.688181",
        "stop_name": "Estadi Olímpic"
      }
    },
    {
      "type": "Feature",
      "geometry": {
        "type": "Point",
        "coordinates": [
          2.158018,
          41.366473
        ]
      },
      "properties": {
        "routes": [
          {
            "color": "#DA291C",
            "long_name": "Mercat Sant Antoni / Parc de Montjuïc",
            "route_type": 3,
            "short_name": "13",
            "text_color": "#FFFFFF"
          }
        ],
        "stop_id": "2.3253.688185",
        "stop_name": "Vivers - Final de trajecte"
      }
    },
    {
      "type": "Feature",
      "geometry": {
        "type": "Point",
        "coordinates": [
          2.182001,
          41.39871
        ]
      },
      "properties": {
        "routes": [
          {
            "color": "#6AB023",
            "long_name": "Pg. Marítim / Montbau",
            "route_type": 3,
            "short_name": "V21",
            "text_color": "#FFFFFF"
          }
        ],
        "stop_id": "2.3262.700444",
        "stop_name": "Marina - Monumental"
      }
    },
    {
      "type": "Feature",
      "geometry": {
        "type": "Point",
        "coordinates": [
          2.126889,
          41.394834
        ]
      },
      "properties": {
        "routes": [
          {
            "color": "#6AB023",
            "long_name": "Pl. Espanya / Sarrià",
            "route_type": 3,
            "short_name": "V7",
            "text_color": "#FFFFFF"
          }
        ],
        "stop_id": "2.3265.696404",
        "stop_name": "Pg Sant Joan Bosco"
      }
    },
    {
      "type": "Feature",
      "geometry": {
        "type": "Point",
        "coordinates": [
          2.129376,
          41.392926
        ]
      },
      "properties": {
        "routes": [
          {
            "color": "#6AB023",
            "long_name": "Pl. Espanya / Sarrià",
            "route_type": 3,
            "short_name": "V7",
            "text_color": "#FFFFFF"
          }
        ],
        "stop_id": "2.3266.687997",
        "stop_name": "Pg Sant Joan Bosco - Prat de la Riba"
      }
    },
    {
      "type": "Feature",
      "geometry": {
        "type": "Point",
        "coordinates": [
          2.134843,
          41.389283
        ]
      },
      "properties": {
        "routes": [
          {
            "color": "#6AB023",
            "long_name": "Pl. Espanya / Sarrià",
            "route_type": 3,
            "short_name": "V7",
            "text_color": "#FFFFFF"
          }
        ],
        "stop_id": "2.3267.687974",
        "stop_name": "Constança"
      }
    },
    {
      "type": "Feature",
      "geometry": {
        "type": "Point",
        "coordinates": [
          2.132746,
          41.391426
        ]
      },
      "properties": {
        "routes": [
          {
            "color": "#6AB023",
            "long_name": "Pl. Espanya / Sarrià",
            "route_type": 3,
            "short_name": "V7",
            "text_color": "#FFFFFF"
          }
        ],
        "stop_id": "2.3268.687976",
        "stop_name": "Av Sarrià"
      }
    },
    {
      "type": "Feature",
      "geometry": {
        "type": "Point",
        "coordinates": [
          2.130705,
          41.392524
        ]
      },
      "properties": {
        "routes": [
          {
            "color": "#6AB023",
            "long_name": "Pl. Espanya / Sarrià",
            "route_type": 3,
            "short_name": "V7",
            "text_color": "#FFFFFF"
          }
        ],
        "stop_id": "2.3269.687980",
        "stop_name": "Av Sarrià - Prat de la Riba"
      }
    },
    {
      "type": "Feature",
      "geometry": {
        "type": "Point",
        "coordinates": [
          2.173992,
          41.411504
        ]
      },
      "properties": {
        "routes": [
          {
            "color": "#DA291C",
            "long_name": "Pl. Congrés / Can Baró",
            "route_type": 3,
            "short_name": "191",
            "text_color": "#FFFFFF"
          },
          {
            "color": "#DA291C",
            "long_name": "Poblenou / Hospital de Sant Pau",
            "route_type": 3,
            "short_name": "192",
            "text_color": "#FFFFFF"
          },
          {
            "color": "#6AB023",
            "long_name": "Nova Icària / Can Marcet",
            "route_type": 3,
            "short_name": "V23",
            "text_color": "#FFFFFF"
          }
        ],
        "stop_id": "2.3270.686770",
        "stop_name": "Cartagena - Av Gaudí"
      }
    },
    {
      "type": "Feature",
      "geometry": {
        "type": "Point",
        "coordinates": [
          2.112157,
          41.376216
        ]
      },
      "properties": {
        "routes": [
          {
            "color": "#93107E",
            "long_name": "Pg. Marítim / Ernest Lluch",
            "route_type": 3,
            "short_name": "D20",
            "text_color": "#FFFFFF"
          }
        ],
        "stop_id": "2.3286.697341",
        "stop_name": "Ernest Lluch - Final de trajecte"
      }
    },
    {
      "type": "Feature",
      "geometry": {
        "type": "Point",
        "coordinates": [
          2.055583,
          41.298064
        ]
      },
      "properties": {
        "routes": [
          {
            "color": "#DA291C",
            "long_name": "Pl. Espanya / Aeroport BCN",
            "route_type": 3,
            "short_name": "46",
            "text_color": "#FFFFFF"
          }
        ],
        "stop_id": "2.3290.687934",
        "stop_name": "Felip Díaz Sandino - Via Làctia"
      }
    },
    {
      "type": "Feature",
      "geometry": {
        "type": "Point",
        "coordinates": [
          2.054485,
          41.299696
        ]
      },
      "properties": {
        "routes": [
          {
            "color": "#DA291C",
            "long_name": "Pl. Espanya / Aeroport BCN",
            "route_type": 3,
            "short_name": "46",
            "text_color": "#FFFFFF"
          }
        ],
        "stop_id": "2.3291.687936",
        "stop_name": "Av Aeroport - Via Làctia"
      }
    },
    {
      "type": "Feature",
      "geometry": {
        "type": "Point",
        "coordinates": [
          2.127503,
          41.394524
        ]
      },
      "properties": {
        "routes": [
          {
            "color": "#6AB023",
            "long_name": "Pl. Espanya / Sarrià",
            "route_type": 3,
            "short_name": "V7",
            "text_color": "#FFFFFF"
          }
        ],
        "stop_id": "2.3293.688240",
        "stop_name": "Pg Sant Joan Bosco"
      }
    },
    {
      "type": "Feature",
      "geometry": {
        "type": "Point",
        "coordinates": [
          2.143859,
          41.358401
        ]
      },
      "properties": {
        "routes": [
          {
            "color": "#DA291C",
            "long_name": "Pl. Espanya / Parc Logístic",
            "route_type": 3,
            "short_name": "23",
            "text_color": "#FFFFFF"
          },
          {
            "color": "#010101",
            "long_name": "Paral·lel - L'Hospitalet (Av. Carrilet)",
            "route_type": 3,
            "short_name": "X3",
            "text_color": "#FFFFFF"
          }
        ],
        "stop_id": "2.3294.689175",
        "stop_name": "Foc - Ferrocarrils Catalans"
      }
    },
    {
      "type": "Feature",
      "geometry": {
        "type": "Point",
        "coordinates": [
          2.098503,
          41.329224
        ]
      },
      "properties": {
        "routes": [
          {
            "color": "#DA291C",
            "long_name": "Pl. Espanya / El Prat",
            "route_type": 3,
            "short_name": "65",
            "text_color": "#FFFFFF"
          }
        ],
        "stop_id": "2.3300.691455",
        "stop_name": "Plaça Roigé i Badia"
      }
    },
    {
      "type": "Feature",
      "geometry": {
        "type": "Point",
        "coordinates": [
          2.102024,
          41.331215
        ]
      },
      "properties": {
        "routes": [
          {
            "color": "#DA291C",
            "long_name": "Pl. Espanya / El Prat",
            "route_type": 3,
            "short_name": "65",
            "text_color": "#FFFFFF"
          }
        ],
        "stop_id": "2.3301.688437",
        "stop_name": "Institut Illa dels Banyols"
      }
    },
    {
      "type": "Feature",
      "geometry": {
        "type": "Point",
        "coordinates": [
          2.12182,
          41.376801
        ]
      },
      "properties": {
        "routes": [
          {
            "color": "#DA291C",
            "long_name": "Collblanc / Sant Joan Despí",
            "route_type": 3,
            "short_name": "157",
            "text_color": "#FFFFFF"
          }
        ],
        "stop_id": "2.3305.688931",
        "stop_name": "Riera Blanca - Trav de Les Corts"
      }
    },
    {
      "type": "Feature",
      "geometry": {
        "type": "Point",
        "coordinates": [
          2.181734,
          41.416811
        ]
      },
      "properties": {
        "routes": [
          {
            "color": "#003888",
            "long_name": "Ernest Lluch / Bon Pastor",
            "route_type": 3,
            "short_name": "H8",
            "text_color": "#FFFFFF"
          }
        ],
        "stop_id": "2.3313.689715",
        "stop_name": "Sant Antoni Maria Claret - Trinxant"
      }
    },
    {
      "type": "Feature",
      "geometry": {
        "type": "Point",
        "coordinates": [
          2.164504,
          41.400497
        ]
      },
      "properties": {
        "routes": [
          {
            "color": "#DA291C",
            "long_name": "Pg. Marítim / Canyelles",
            "route_type": 3,
            "short_name": "47",
            "text_color": "#FFFFFF"
          },
          {
            "color": "#003888",
            "long_name": "Ernest Lluch / Bon Pastor",
            "route_type": 3,
            "short_name": "H8",
            "text_color": "#FFFFFF"
          }
        ],
        "stop_id": "2.3314.689717",
        "stop_name": "Còrsega - Bailèn"
      }
    },
    {
      "type": "Feature",
      "geometry": {
        "type": "Point",
        "coordinates": [
          2.162346,
          41.398877
        ]
      },
      "properties": {
        "routes": [
          {
            "color": "#003888",
            "long_name": "Ernest Lluch / Bon Pastor",
            "route_type": 3,
            "short_name": "H8",
            "text_color": "#FFFFFF"
          }
        ],
        "stop_id": "2.3315.689719",
        "stop_name": "Còrsega - Llúria"
      }
    },
    {
      "type": "Feature",
      "geometry": {
        "type": "Point",
        "coordinates": [
          2.142764,
          41.345494
        ]
      },
      "properties": {
        "routes": [
          {
            "color": "#6AB023",
            "long_name": "Zona Franca / Can Caralleu",
            "route_type": 3,
            "short_name": "V3",
            "text_color": "#FFFFFF"
          }
        ],
        "stop_id": "2.3322.689801",
        "stop_name": "Pol. Ind. Zona Franca - Final de trajecte"
      }
    },
    {
      "type": "Feature",
      "geometry": {
        "type": "Point",
        "coordinates": [
          2.13574,
          41.365078
        ]
      },
      "properties": {
        "routes": [
          {
            "color": "#6AB023",
            "long_name": "Zona Franca / Can Caralleu",
            "route_type": 3,
            "short_name": "V3",
            "text_color": "#FFFFFF"
          }
        ],
        "stop_id": "2.3323.689713",
        "stop_name": "Ildefons Cerdà - Rambla Badal"
      }
    },
    {
      "type": "Feature",
      "geometry": {
        "type": "Point",
        "coordinates": [
          2.182582,
          41.381145
        ]
      },
      "properties": {
        "routes": [
          {
            "color": "#6AB023",
            "long_name": "Port Vell / Vall d'Hebron",
            "route_type": 3,
            "short_name": "V17",
            "text_color": "#FFFFFF"
          }
        ],
        "stop_id": "2.3326.689750",
        "stop_name": "Pas Sota Muralla - Pg Colom"
      }
    },
    {
      "type": "Feature",
      "geometry": {
        "type": "Point",
        "coordinates": [
          2.172562,
          41.38855
        ]
      },
      "properties": {
        "routes": [
          {
            "color": "#DA291C",
            "long_name": "Pg. Marítim / Canyelles",
            "route_type": 3,
            "short_name": "47",
            "text_color": "#FFFFFF"
          },
          {
            "color": "#6AB023",
            "long_name": "Port Vell / Vall d'Hebron",
            "route_type": 3,
            "short_name": "V17",
            "text_color": "#FFFFFF"
          }
        ],
        "stop_id": "2.3328.689478",
        "stop_name": "Urquinaona"
      }
    },
    {
      "type": "Feature",
      "geometry": {
        "type": "Point",
        "coordinates": [
          2.182746,
          41.38087
        ]
      },
      "properties": {
        "routes": [
          {
            "color": "#6AB023",
            "long_name": "Port Vell / Vall d'Hebron",
            "route_type": 3,
            "short_name": "V17",
            "text_color": "#FFFFFF"
          }
        ],
        "stop_id": "2.3329.689748",
        "stop_name": "Pas Sota Muralla - Via Laietana"
      }
    },
    {
      "type": "Feature",
      "geometry": {
        "type": "Point",
        "coordinates": [
          2.17235,
          41.401273
        ]
      },
      "properties": {
        "routes": [
          {
            "color": "#DA291C",
            "long_name": "Pl. Catalunya / Sant Genís",
            "route_type": 3,
            "short_name": "19",
            "text_color": "#FFFFFF"
          },
          {
            "color": "#DA291C",
            "long_name": "Zona Universitària / Verneda",
            "route_type": 3,
            "short_name": "33",
            "text_color": "#FFFFFF"
          },
          {
            "color": "#DA291C",
            "long_name": "Pg. Manuel Girona / Pl. Virrei Amat",
            "route_type": 3,
            "short_name": "34",
            "text_color": "#FFFFFF"
          },
          {
            "color": "#93107E",
            "long_name": "Paral·lel / Ciutat Meridiana",
            "route_type": 3,
            "short_name": "D50",
            "text_color": "#FFFFFF"
          },
          {
            "color": "#003888",
            "long_name": "Pl. Sants / Olímpic de Badalona",
            "route_type": 3,
            "short_name": "H10",
            "text_color": "#FFFFFF"
          }
        ],
        "stop_id": "2.3341.689734",
        "stop_name": "Mallorca - Nàpols"
      }
    },
    {
      "type": "Feature",
      "geometry": {
        "type": "Point",
        "coordinates": [
          2.137426,
          41.380449
        ]
      },
      "properties": {
        "routes": [
          {
            "color": "#93107E",
            "long_name": "Pg. Marítim / Ernest Lluch",
            "route_type": 3,
            "short_name": "D20",
            "text_color": "#FFFFFF"
          },
          {
            "color": "#6AB023",
            "long_name": "Mare de Déu de Port / Pedralbes",
            "route_type": 3,
            "short_name": "V5",
            "text_color": "#FFFFFF"
          }
        ],
        "stop_id": "2.3342.689709",
        "stop_name": "Comtes de Bell-lloc - Viriat"
      }
    },
    {
      "type": "Feature",
      "geometry": {
        "type": "Point",
        "coordinates": [
          2.179477,
          41.395881
        ]
      },
      "properties": {
        "routes": [
          {
            "color": "#DA291C",
            "long_name": "Estació del Nord / Cardenal Reig",
            "route_type": 3,
            "short_name": "54",
            "text_color": "#FFFFFF"
          }
        ],
        "stop_id": "2.3357.689904",
        "stop_name": "Casp - Nàpols"
      }
    },
    {
      "type": "Feature",
      "geometry": {
        "type": "Point",
        "coordinates": [
          2.105771,
          41.386969
        ]
      },
      "properties": {
        "routes": [
          {
            "color": "#DA291C",
            "long_name": "Pl.Catalunya / Sant Joan Despí",
            "route_type": 3,
            "short_name": "63",
            "text_color": "#FFFFFF"
          },
          {
            "color": "#6AB023",
            "long_name": "Districte Gran Via l'Hospitalet / Av. Esplugues",
            "route_type": 3,
            "short_name": "V1",
            "text_color": "#FFFFFF"
          }
        ],
        "stop_id": "2.3358.689872",
        "stop_name": "Av d'Esplugues - González Tablas"
      }
    },
    {
      "type": "Feature",
      "geometry": {
        "type": "Point",
        "coordinates": [
          2.103523,
          41.322748
        ]
      },
      "properties": {
        "routes": [
          {
            "color": "#DA291C",
            "long_name": "Paral·lel / El Prat",
            "route_type": 3,
            "short_name": "21",
            "text_color": "#FFFFFF"
          }
        ],
        "stop_id": "2.3359.690160",
        "stop_name": "Ctra Marina - Av Onze de Setembre"
      }
    },
    {
      "type": "Feature",
      "geometry": {
        "type": "Point",
        "coordinates": [
          2.102166,
          41.324284
        ]
      },
      "properties": {
        "routes": [
          {
            "color": "#DA291C",
            "long_name": "Paral·lel / El Prat",
            "route_type": 3,
            "short_name": "21",
            "text_color": "#FFFFFF"
          }
        ],
        "stop_id": "2.3360.690179",
        "stop_name": "Plaça Constitució"
      }
    },
    {
      "type": "Feature",
      "geometry": {
        "type": "Point",
        "coordinates": [
          2.101439,
          41.325172
        ]
      },
      "properties": {
        "routes": [
          {
            "color": "#DA291C",
            "long_name": "Paral·lel / El Prat",
            "route_type": 3,
            "short_name": "21",
            "text_color": "#FFFFFF"
          },
          {
            "color": "#DA291C",
            "long_name": "Pl. Espanya / El Prat",
            "route_type": 3,
            "short_name": "65",
            "text_color": "#FFFFFF"
          }
        ],
        "stop_id": "2.3361.690177",
        "stop_name": "Ctra Marina - Pablo Neruda"
      }
    },
    {
      "type": "Feature",
      "geometry": {
        "type": "Point",
        "coordinates": [
          2.09996,
          41.32731
        ]
      },
      "properties": {
        "routes": [
          {
            "color": "#DA291C",
            "long_name": "Pl. Espanya / El Prat",
            "route_type": 3,
            "short_name": "65",
            "text_color": "#FFFFFF"
          }
        ],
        "stop_id": "2.3362.690171",
        "stop_name": "Ctra Marina - Av Verge de Montserrat"
      }
    },
    {
      "type": "Feature",
      "geometry": {
        "type": "Point",
        "coordinates": [
          2.099825,
          41.327246
        ]
      },
      "properties": {
        "routes": [
          {
            "color": "#DA291C",
            "long_name": "Pl. Espanya / El Prat",
            "route_type": 3,
            "short_name": "65",
            "text_color": "#FFFFFF"
          }
        ],
        "stop_id": "2.3363.690173",
        "stop_name": "Ctra Marina - Av Verge de Montserrat"
      }
    },
    {
      "type": "Feature",
      "geometry": {
        "type": "Point",
        "coordinates": [
          2.101134,
          41.325346
        ]
      },
      "properties": {
        "routes": [
          {
            "color": "#DA291C",
            "long_name": "Paral·lel / El Prat",
            "route_type": 3,
            "short_name": "21",
            "text_color": "#FFFFFF"
          },
          {
            "color": "#DA291C",
            "long_name": "Pl. Espanya / El Prat",
            "route_type": 3,
            "short_name": "65",
            "text_color": "#FFFFFF"
          }
        ],
        "stop_id": "2.3364.690175",
        "stop_name": "Ctra Marina - Catalunya"
      }
    },
    {
      "type": "Feature",
      "geometry": {
        "type": "Point",
        "coordinates": [
          2.178133,
          41.401742
        ]
      },
      "properties": {
        "routes": [
          {
            "color": "#6AB023",
            "long_name": "Pg. Marítim / Montbau",
            "route_type": 3,
            "short_name": "V21",
            "text_color": "#FFFFFF"
          }
        ],
        "stop_id": "2.3370.690125",
        "stop_name": "Marina - Diagonal"
      }
    },
    {
      "type": "Feature",
      "geometry": {
        "type": "Point",
        "coordinates": [
          2.189593,
          41.403138
        ]
      },
      "properties": {
        "routes": [
          {
            "color": "#DA291C",
            "long_name": "Poblenou / Hospital de Sant Pau",
            "route_type": 3,
            "short_name": "192",
            "text_color": "#FFFFFF"
          },
          {
            "color": "#6AB023",
            "long_name": "Nova Icària / Can Marcet",
            "route_type": 3,
            "short_name": "V23",
            "text_color": "#FFFFFF"
          },
          {
            "color": "#010101",
            "long_name": "BCN Centre-F.Macià / BCN Centre-Glòries",
            "route_type": 3,
            "short_name": "X1",
            "text_color": "#FFFFFF"
          }
        ],
        "stop_id": "2.3371.690086",
        "stop_name": "Badajoz - Diagonal"
      }
    },
    {
      "type": "Feature",
      "geometry": {
        "type": "Point",
        "coordinates": [
          2.064359,
          41.300992
        ]
      },
      "properties": {
        "routes": [
          {
            "color": "#DA291C",
            "long_name": "Pl. Espanya / Aeroport BCN",
            "route_type": 3,
            "short_name": "46",
            "text_color": "#FFFFFF"
          }
        ],
        "stop_id": "2.3372.690123",
        "stop_name": "Edifici Cargoparc"
      }
    },
    {
      "type": "Feature",
      "geometry": {
        "type": "Point",
        "coordinates": [
          2.130752,
          41.348672
        ]
      },
      "properties": {
        "routes": [
          {
            "color": "#010101",
            "long_name": "Paral·lel - L'Hospitalet (Av. Carrilet)",
            "route_type": 3,
            "short_name": "X3",
            "text_color": "#FFFFFF"
          }
        ],
        "stop_id": "2.3373.690126",
        "stop_name": "Pablo Iglesias - Salvador Espriu"
      }
    },
    {
      "type": "Feature",
      "geometry": {
        "type": "Point",
        "coordinates": [
          2.131426,
          41.350908
        ]
      },
      "properties": {
        "routes": [
          {
            "color": "#010101",
            "long_name": "Paral·lel - L'Hospitalet (Av. Carrilet)",
            "route_type": 3,
            "short_name": "X3",
            "text_color": "#FFFFFF"
          }
        ],
        "stop_id": "2.3374.690128",
        "stop_name": "Av Joan Carles I - Botànica"
      }
    },
    {
      "type": "Feature",
      "geometry": {
        "type": "Point",
        "coordinates": [
          2.102096,
          41.324155
        ]
      },
      "properties": {
        "routes": [
          {
            "color": "#DA291C",
            "long_name": "Paral·lel / El Prat",
            "route_type": 3,
            "short_name": "21",
            "text_color": "#FFFFFF"
          }
        ],
        "stop_id": "2.3375.690181",
        "stop_name": "Plaça Constitució"
      }
    },
    {
      "type": "Feature",
      "geometry": {
        "type": "Point",
        "coordinates": [
          2.103457,
          41.322608
        ]
      },
      "properties": {
        "routes": [
          {
            "color": "#DA291C",
            "long_name": "Paral·lel / El Prat",
            "route_type": 3,
            "short_name": "21",
            "text_color": "#FFFFFF"
          }
        ],
        "stop_id": "2.3376.690162",
        "stop_name": "Ctra Marina - Av Onze de Setembre"
      }
    },
    {
      "type": "Feature",
      "geometry": {
        "type": "Point",
        "coordinates": [
          2.105869,
          41.388535
        ]
      },
      "properties": {
        "routes": [
          {
            "color": "#DA291C",
            "long_name": "La Mercè",
            "route_type": 3,
            "short_name": "113",
            "text_color": "#FFFFFF"
          }
        ],
        "stop_id": "2.3377.690143",
        "stop_name": "Eduard Toldrà - Ardena"
      }
    },
    {
      "type": "Feature",
      "geometry": {
        "type": "Point",
        "coordinates": [
          2.162684,
          41.383412
        ]
      },
      "properties": {
        "routes": [
          {
            "color": "#DA291C",
            "long_name": "Ciutat Vella",
            "route_type": 3,
            "short_name": "120",
            "text_color": "#FFFFFF"
          },
          {
            "color": "#DA291C",
            "long_name": "Pl. Urquinaona / Parc de Montjuïc",
            "route_type": 3,
            "short_name": "55",
            "text_color": "#FFFFFF"
          },
          {
            "color": "#93107E",
            "long_name": "Paral·lel / Ciutat Meridiana",
            "route_type": 3,
            "short_name": "D50",
            "text_color": "#FFFFFF"
          },
          {
            "color": "#003888",
            "long_name": "Pg. Zona Franca / Fòrum Campus Besòs",
            "route_type": 3,
            "short_name": "H16",
            "text_color": "#FFFFFF"
          }
        ],
        "stop_id": "2.3378.690183",
        "stop_name": "Sepúlveda - Muntaner"
      }
    },
    {
      "type": "Feature",
      "geometry": {
        "type": "Point",
        "coordinates": [
          2.160005,
          41.397099
        ]
      },
      "properties": {
        "routes": [
          {
            "color": "#6AB023",
            "long_name": "Port Vell / Vall d'Hebron",
            "route_type": 3,
            "short_name": "V17",
            "text_color": "#FFFFFF"
          }
        ],
        "stop_id": "2.3388.690726",
        "stop_name": "Còrsega - Pg de Gràcia"
      }
    },
    {
      "type": "Feature",
      "geometry": {
        "type": "Point",
        "coordinates": [
          2.181817,
          41.394369
        ]
      },
      "properties": {
        "routes": [
          {
            "color": "#DA291C",
            "long_name": "Estació del Nord / Cardenal Reig",
            "route_type": 3,
            "short_name": "54",
            "text_color": "#FFFFFF"
          }
        ],
        "stop_id": "2.3389.690432",
        "stop_name": "Estació del Nord - Final de trajecte"
      }
    },
    {
      "type": "Feature",
      "geometry": {
        "type": "Point",
        "coordinates": [
          2.154936,
          41.37512
        ]
      },
      "properties": {
        "routes": [
          {
            "color": "#93107E",
            "long_name": "Pg. Marítim / Ernest Lluch",
            "route_type": 3,
            "short_name": "D20",
            "text_color": "#FFFFFF"
          },
          {
            "color": "#003888",
            "long_name": "Pg. Zona Franca / Fòrum Campus Besòs",
            "route_type": 3,
            "short_name": "H16",
            "text_color": "#FFFFFF"
          }
        ],
        "stop_id": "2.3390.690887",
        "stop_name": "Paral·lel - Floridablanca"
      }
    },
    {
      "type": "Feature",
      "geometry": {
        "type": "Point",
        "coordinates": [
          2.172522,
          41.397042
        ]
      },
      "properties": {
        "routes": [
          {
            "color": "#DA291C",
            "long_name": "Pl. Catalunya / Sant Genís",
            "route_type": 3,
            "short_name": "19",
            "text_color": "#FFFFFF"
          },
          {
            "color": "#DA291C",
            "long_name": "Pg. Manuel Girona / Poblenou",
            "route_type": 3,
            "short_name": "6",
            "text_color": "#FFFFFF"
          },
          {
            "color": "#93107E",
            "long_name": "Paral·lel / Ciutat Meridiana",
            "route_type": 3,
            "short_name": "D50",
            "text_color": "#FFFFFF"
          },
          {
            "color": "#6AB023",
            "long_name": "Barceloneta / Pl. Alfonso Comín",
            "route_type": 3,
            "short_name": "V19",
            "text_color": "#FFFFFF"
          }
        ],
        "stop_id": "2.3391.690403",
        "stop_name": "Pg Sant Joan - Consell de Cent"
      }
    },
    {
      "type": "Feature",
      "geometry": {
        "type": "Point",
        "coordinates": [
          2.145065,
          41.408002
        ]
      },
      "properties": {
        "routes": [
          {
            "color": "#DA291C",
            "long_name": "El Putxet",
            "route_type": 3,
            "short_name": "131",
            "text_color": "#FFFFFF"
          }
        ],
        "stop_id": "2.3392.690424",
        "stop_name": "Homer - Escipió"
      }
    },
    {
      "type": "Feature",
      "geometry": {
        "type": "Point",
        "coordinates": [
          2.183787,
          41.382816
        ]
      },
      "properties": {
        "routes": [
          {
            "color": "#003888",
            "long_name": "Paral·lel / Sant Adrià",
            "route_type": 3,
            "short_name": "H14",
            "text_color": "#FFFFFF"
          }
        ],
        "stop_id": "2.3395.694726",
        "stop_name": "Pg Isabel II - Pla de Palau"
      }
    },
    {
      "type": "Feature",
      "geometry": {
        "type": "Point",
        "coordinates": [
          2.183816,
          41.383472
        ]
      },
      "properties": {
        "routes": [
          {
            "color": "#003888",
            "long_name": "Paral·lel / Sant Adrià",
            "route_type": 3,
            "short_name": "H14",
            "text_color": "#FFFFFF"
          }
        ],
        "stop_id": "2.3396.691217",
        "stop_name": "Pla de Palau - Av Marquès de l'Argentera"
      }
    },
    {
      "type": "Feature",
      "geometry": {
        "type": "Point",
        "coordinates": [
          2.186762,
          41.394137
        ]
      },
      "properties": {
        "routes": [
          {
            "color": "#003888",
            "long_name": "Paral·lel / Sant Adrià",
            "route_type": 3,
            "short_name": "H14",
            "text_color": "#FFFFFF"
          },
          {
            "color": "#003888",
            "long_name": "Pg. Zona Franca / Fòrum Campus Besòs",
            "route_type": 3,
            "short_name": "H16",
            "text_color": "#FFFFFF"
          }
        ],
        "stop_id": "2.3397.690740",
        "stop_name": "Meridiana - Almogàvers"
      }
    },
    {
      "type": "Feature",
      "geometry": {
        "type": "Point",
        "coordinates": [
          2.186302,
          41.395371
        ]
      },
      "properties": {
        "routes": [
          {
            "color": "#DA291C",
            "long_name": "Pg. Manuel Girona / Poblenou",
            "route_type": 3,
            "short_name": "6",
            "text_color": "#FFFFFF"
          }
        ],
        "stop_id": "2.3400.690742",
        "stop_name": "Marina - Meridiana"
      }
    },
    {
      "type": "Feature",
      "geometry": {
        "type": "Point",
        "coordinates": [
          2.186181,
          41.395203
        ]
      },
      "properties": {
        "routes": [
          {
            "color": "#DA291C",
            "long_name": "Pg. Manuel Girona / Poblenou",
            "route_type": 3,
            "short_name": "6",
            "text_color": "#FFFFFF"
          }
        ],
        "stop_id": "2.3401.690743",
        "stop_name": "Marina - Almogàvers"
      }
    },
    {
      "type": "Feature",
      "geometry": {
        "type": "Point",
        "coordinates": [
          2.167213,
          41.37569
        ]
      },
      "properties": {
        "routes": [
          {
            "color": "#003888",
            "long_name": "Paral·lel / Sant Adrià",
            "route_type": 3,
            "short_name": "H14",
            "text_color": "#FFFFFF"
          }
        ],
        "stop_id": "2.3417.691187",
        "stop_name": "Rda St Pau - Carrer de les Flors - Final trajecte"
      }
    },
    {
      "type": "Feature",
      "geometry": {
        "type": "Point",
        "coordinates": [
          2.167489,
          41.375487
        ]
      },
      "properties": {
        "routes": [
          {
            "color": "#DA291C",
            "long_name": "Paral·lel / El Prat",
            "route_type": 3,
            "short_name": "21",
            "text_color": "#FFFFFF"
          }
        ],
        "stop_id": "2.3418.691189",
        "stop_name": "Ronda Sant Pau - Paral·lel - Final de trajecte"
      }
    },
    {
      "type": "Feature",
      "geometry": {
        "type": "Point",
        "coordinates": [
          2.135296,
          41.381977
        ]
      },
      "properties": {
        "routes": [
          {
            "color": "#DA291C",
            "long_name": "Estació del Nord / Cardenal Reig",
            "route_type": 3,
            "short_name": "54",
            "text_color": "#FFFFFF"
          }
        ],
        "stop_id": "2.3422.692105",
        "stop_name": "Vallespir - Pl del Centre"
      }
    },
    {
      "type": "Feature",
      "geometry": {
        "type": "Point",
        "coordinates": [
          2.149749,
          41.385292
        ]
      },
      "properties": {
        "routes": [
          {
            "color": "#6AB023",
            "long_name": "Poble-sec / Sarrià",
            "route_type": 3,
            "short_name": "V9",
            "text_color": "#FFFFFF"
          }
        ],
        "stop_id": "2.3426.699028",
        "stop_name": "Viladomat - Mallorca"
      }
    },
    {
      "type": "Feature",
      "geometry": {
        "type": "Point",
        "coordinates": [
          2.083662,
          41.363594
        ]
      },
      "properties": {
        "routes": [
          {
            "color": "#DA291C",
            "long_name": "Circular Cornellà 1",
            "route_type": 3,
            "short_name": "95",
            "text_color": "#FFFFFF"
          }
        ],
        "stop_id": "2.3435.691327",
        "stop_name": "Metro Sant Ildefons"
      }
    },
    {
      "type": "Feature",
      "geometry": {
        "type": "Point",
        "coordinates": [
          2.159265,
          41.375744
        ]
      },
      "properties": {
        "routes": [
          {
            "color": "#DA291C",
            "long_name": "Poble Sec",
            "route_type": 3,
            "short_name": "121",
            "text_color": "#FFFFFF"
          },
          {
            "color": "#003888",
            "long_name": "Pg. Zona Franca / Fòrum Campus Besòs",
            "route_type": 3,
            "short_name": "H16",
            "text_color": "#FFFFFF"
          }
        ],
        "stop_id": "2.3438.693925",
        "stop_name": "Manso - Rocafort"
      }
    },
    {
      "type": "Feature",
      "geometry": {
        "type": "Point",
        "coordinates": [
          2.095754,
          41.322428
        ]
      },
      "properties": {
        "routes": [
          {
            "color": "#DA291C",
            "long_name": "Pl. Espanya / El Prat",
            "route_type": 3,
            "short_name": "65",
            "text_color": "#FFFFFF"
          }
        ],
        "stop_id": "2.3441.691616",
        "stop_name": "Escola Bernat Metge"
      }
    },
    {
      "type": "Feature",
      "geometry": {
        "type": "Point",
        "coordinates": [
          2.127758,
          41.341429
        ]
      },
      "properties": {
        "routes": [
          {
            "color": "#DA291C",
            "long_name": "Pl. Espanya / Parc Logístic",
            "route_type": 3,
            "short_name": "23",
            "text_color": "#FFFFFF"
          }
        ],
        "stop_id": "2.3442.693508",
        "stop_name": "Metro Parc Logístic"
      }
    },
    {
      "type": "Feature",
      "geometry": {
        "type": "Point",
        "coordinates": [
          2.179344,
          41.387183
        ]
      },
      "properties": {
        "routes": [
          {
            "color": "#DA291C",
            "long_name": "Ciutat Vella",
            "route_type": 3,
            "short_name": "120",
            "text_color": "#FFFFFF"
          }
        ],
        "stop_id": "2.3443.691907",
        "stop_name": "Gombau - Jaume Giralt"
      }
    },
    {
      "type": "Feature",
      "geometry": {
        "type": "Point",
        "coordinates": [
          2.106479,
          41.353611
        ]
      },
      "properties": {
        "routes": [
          {
            "color": "#010101",
            "long_name": "Paral·lel - L'Hospitalet (Av. Carrilet)",
            "route_type": 3,
            "short_name": "X3",
            "text_color": "#FFFFFF"
          }
        ],
        "stop_id": "2.3461.694651",
        "stop_name": "Pl d'Amalvígia"
      }
    },
    {
      "type": "Feature",
      "geometry": {
        "type": "Point",
        "coordinates": [
          2.103348,
          41.357725
        ]
      },
      "properties": {
        "routes": [
          {
            "color": "#010101",
            "long_name": "Paral·lel - L'Hospitalet (Av. Carrilet)",
            "route_type": 3,
            "short_name": "X3",
            "text_color": "#FFFFFF"
          }
        ],
        "stop_id": "2.3462.694341",
        "stop_name": "Rambla Marina - Av Carrilet - Final de trajecte"
      }
    },
    {
      "type": "Feature",
      "geometry": {
        "type": "Point",
        "coordinates": [
          2.194464,
          41.40382
        ]
      },
      "properties": {
        "routes": [
          {
            "color": "#003888",
            "long_name": "Paral·lel / Sant Adrià",
            "route_type": 3,
            "short_name": "H14",
            "text_color": "#FFFFFF"
          }
        ],
        "stop_id": "2.3469.692767",
        "stop_name": "Tànger - Llacuna"
      }
    },
    {
      "type": "Feature",
      "geometry": {
        "type": "Point",
        "coordinates": [
          2.11851,
          41.375702
        ]
      },
      "properties": {
        "routes": [
          {
            "color": "#DA291C",
            "long_name": "Collblanc / Sant Joan Despí",
            "route_type": 3,
            "short_name": "157",
            "text_color": "#FFFFFF"
          },
          {
            "color": "#93107E",
            "long_name": "Pg. Marítim / Ernest Lluch",
            "route_type": 3,
            "short_name": "D20",
            "text_color": "#FFFFFF"
          }
        ],
        "stop_id": "2.3473.695455",
        "stop_name": "Metro Collblanc"
      }
    },
    {
      "type": "Feature",
      "geometry": {
        "type": "Point",
        "coordinates": [
          2.191243,
          41.401414
        ]
      },
      "properties": {
        "routes": [
          {
            "color": "#003888",
            "long_name": "Paral·lel / Sant Adrià",
            "route_type": 3,
            "short_name": "H14",
            "text_color": "#FFFFFF"
          }
        ],
        "stop_id": "2.3480.694017",
        "stop_name": "Tànger - Badajoz"
      }
    },
    {
      "type": "Feature",
      "geometry": {
        "type": "Point",
        "coordinates": [
          2.098556,
          41.329402
        ]
      },
      "properties": {
        "routes": [
          {
            "color": "#DA291C",
            "long_name": "Pl. Espanya / El Prat",
            "route_type": 3,
            "short_name": "65",
            "text_color": "#FFFFFF"
          }
        ],
        "stop_id": "2.3488.693206",
        "stop_name": "Plaça Roigé i Badia"
      }
    },
    {
      "type": "Feature",
      "geometry": {
        "type": "Point",
        "coordinates": [
          2.102083,
          41.331098
        ]
      },
      "properties": {
        "routes": [
          {
            "color": "#DA291C",
            "long_name": "Pl. Espanya / El Prat",
            "route_type": 3,
            "short_name": "65",
            "text_color": "#FFFFFF"
          }
        ],
        "stop_id": "2.3489.693204",
        "stop_name": "Institut Illa dels Banyols"
      }
    },
    {
      "type": "Feature",
      "geometry": {
        "type": "Point",
        "coordinates": [
          2.100186,
          41.333002
        ]
      },
      "properties": {
        "routes": [
          {
            "color": "#DA291C",
            "long_name": "Pl. Espanya / El Prat",
            "route_type": 3,
            "short_name": "65",
            "text_color": "#FFFFFF"
          },
          {
            "color": "#010101",
            "long_name": "Prat XPRES (Pl. Espanya - Av. Remolar)",
            "route_type": 3,
            "short_name": "X2",
            "text_color": "#FFFFFF"
          }
        ],
        "stop_id": "2.3490.693202",
        "stop_name": "Les Moreres - Ignasi Iglésias"
      }
    },
    {
      "type": "Feature",
      "geometry": {
        "type": "Point",
        "coordinates": [
          2.100183,
          41.332881
        ]
      },
      "properties": {
        "routes": [
          {
            "color": "#DA291C",
            "long_name": "Pl. Espanya / El Prat",
            "route_type": 3,
            "short_name": "65",
            "text_color": "#FFFFFF"
          },
          {
            "color": "#010101",
            "long_name": "Prat XPRES (Pl. Espanya - Av. Remolar)",
            "route_type": 3,
            "short_name": "X2",
            "text_color": "#FFFFFF"
          }
        ],
        "stop_id": "2.3491.693200",
        "stop_name": "Les Moreres - Ignasi Iglésias"
      }
    },
    {
      "type": "Feature",
      "geometry": {
        "type": "Point",
        "coordinates": [
          2.189837,
          41.39271
        ]
      },
      "properties": {
        "routes": [
          {
            "color": "#003888",
            "long_name": "Pg. Zona Franca / Fòrum Campus Besòs",
            "route_type": 3,
            "short_name": "H16",
            "text_color": "#FFFFFF"
          },
          {
            "color": "#6AB023",
            "long_name": "Pg. Marítim / Montbau",
            "route_type": 3,
            "short_name": "V21",
            "text_color": "#FFFFFF"
          }
        ],
        "stop_id": "2.3509.693440",
        "stop_name": "Marina - Llull"
      }
    },
    {
      "type": "Feature",
      "geometry": {
        "type": "Point",
        "coordinates": [
          2.189535,
          41.392653
        ]
      },
      "properties": {
        "routes": [
          {
            "color": "#6AB023",
            "long_name": "Pg. Marítim / Montbau",
            "route_type": 3,
            "short_name": "V21",
            "text_color": "#FFFFFF"
          }
        ],
        "stop_id": "2.3510.693442",
        "stop_name": "Marina - Pujades"
      }
    },
    {
      "type": "Feature",
      "geometry": {
        "type": "Point",
        "coordinates": [
          2.145385,
          41.354931
        ]
      },
      "properties": {
        "routes": [
          {
            "color": "#DA291C",
            "long_name": "La Marina",
            "route_type": 3,
            "short_name": "125",
            "text_color": "#FFFFFF"
          },
          {
            "color": "#6AB023",
            "long_name": "Mare de Déu de Port / Pedralbes",
            "route_type": 3,
            "short_name": "V5",
            "text_color": "#FFFFFF"
          }
        ],
        "stop_id": "2.3517.693636",
        "stop_name": "Cisell - Mare de Déu de Port"
      }
    },
    {
      "type": "Feature",
      "geometry": {
        "type": "Point",
        "coordinates": [
          2.139447,
          41.364055
        ]
      },
      "properties": {
        "routes": [
          {
            "color": "#6AB023",
            "long_name": "Mare de Déu de Port / Pedralbes",
            "route_type": 3,
            "short_name": "V5",
            "text_color": "#FFFFFF"
          }
        ],
        "stop_id": "2.3518.694037",
        "stop_name": "Mare de Déu de Port - L'Anoia"
      }
    },
    {
      "type": "Feature",
      "geometry": {
        "type": "Point",
        "coordinates": [
          2.139877,
          41.36636
        ]
      },
      "properties": {
        "routes": [
          {
            "color": "#6AB023",
            "long_name": "Mare de Déu de Port / Pedralbes",
            "route_type": 3,
            "short_name": "V5",
            "text_color": "#FFFFFF"
          }
        ],
        "stop_id": "2.3519.694039",
        "stop_name": "Mineria - Font Florida"
      }
    },
    {
      "type": "Feature",
      "geometry": {
        "type": "Point",
        "coordinates": [
          2.136152,
          41.375708
        ]
      },
      "properties": {
        "routes": [
          {
            "color": "#DA291C",
            "long_name": "La Bordeta",
            "route_type": 3,
            "short_name": "115",
            "text_color": "#FFFFFF"
          },
          {
            "color": "#6AB023",
            "long_name": "Mare de Déu de Port / Pedralbes",
            "route_type": 3,
            "short_name": "V5",
            "text_color": "#FFFFFF"
          }
        ],
        "stop_id": "2.3520.693678",
        "stop_name": "Pl Sants"
      }
    },
    {
      "type": "Feature",
      "geometry": {
        "type": "Point",
        "coordinates": [
          2.13617,
          41.382316
        ]
      },
      "properties": {
        "routes": [
          {
            "color": "#6AB023",
            "long_name": "Mare de Déu de Port / Pedralbes",
            "route_type": 3,
            "short_name": "V5",
            "text_color": "#FFFFFF"
          }
        ],
        "stop_id": "2.3521.694041",
        "stop_name": "Comtes de Bell-lloc - Berlín"
      }
    },
    {
      "type": "Feature",
      "geometry": {
        "type": "Point",
        "coordinates": [
          2.134156,
          41.384596
        ]
      },
      "properties": {
        "routes": [
          {
            "color": "#6AB023",
            "long_name": "Mare de Déu de Port / Pedralbes",
            "route_type": 3,
            "short_name": "V5",
            "text_color": "#FFFFFF"
          }
        ],
        "stop_id": "2.3522.694043",
        "stop_name": "Can Bruixa - Comtes de Bell-lloc"
      }
    },
    {
      "type": "Feature",
      "geometry": {
        "type": "Point",
        "coordinates": [
          2.131024,
          41.383664
        ]
      },
      "properties": {
        "routes": [
          {
            "color": "#6AB023",
            "long_name": "Mare de Déu de Port / Pedralbes",
            "route_type": 3,
            "short_name": "V5",
            "text_color": "#FFFFFF"
          }
        ],
        "stop_id": "2.3524.694045",
        "stop_name": "Joan Güell - Travessera de les Corts"
      }
    },
    {
      "type": "Feature",
      "geometry": {
        "type": "Point",
        "coordinates": [
          2.132537,
          41.380299
        ]
      },
      "properties": {
        "routes": [
          {
            "color": "#6AB023",
            "long_name": "Mare de Déu de Port / Pedralbes",
            "route_type": 3,
            "short_name": "V5",
            "text_color": "#FFFFFF"
          }
        ],
        "stop_id": "2.3525.694047",
        "stop_name": "Joan Güell - Av Madrid"
      }
    },
    {
      "type": "Feature",
      "geometry": {
        "type": "Point",
        "coordinates": [
          2.133881,
          41.377256
        ]
      },
      "properties": {
        "routes": [
          {
            "color": "#6AB023",
            "long_name": "Mare de Déu de Port / Pedralbes",
            "route_type": 3,
            "short_name": "V5",
            "text_color": "#FFFFFF"
          }
        ],
        "stop_id": "2.3526.694092",
        "stop_name": "Joan Güell - Cerdanyola"
      }
    },
    {
      "type": "Feature",
      "geometry": {
        "type": "Point",
        "coordinates": [
          2.1383,
          41.365779
        ]
      },
      "properties": {
        "routes": [
          {
            "color": "#6AB023",
            "long_name": "Mare de Déu de Port / Pedralbes",
            "route_type": 3,
            "short_name": "V5",
            "text_color": "#FFFFFF"
          }
        ],
        "stop_id": "2.3527.694051",
        "stop_name": "Química - Gran Via"
      }
    },
    {
      "type": "Feature",
      "geometry": {
        "type": "Point",
        "coordinates": [
          2.143337,
          41.358306
        ]
      },
      "properties": {
        "routes": [
          {
            "color": "#6AB023",
            "long_name": "Mare de Déu de Port / Pedralbes",
            "route_type": 3,
            "short_name": "V5",
            "text_color": "#FFFFFF"
          }
        ],
        "stop_id": "2.3528.694053",
        "stop_name": "Mare de Déu de Port - Foc"
      }
    },
    {
      "type": "Feature",
      "geometry": {
        "type": "Point",
        "coordinates": [
          2.153025,
          41.388437
        ]
      },
      "properties": {
        "routes": [
          {
            "color": "#DA291C",
            "long_name": "Hospital Clínic / Polígon Zona Franca",
            "route_type": 3,
            "short_name": "109",
            "text_color": "#FFFFFF"
          }
        ],
        "stop_id": "2.3537.693702",
        "stop_name": "Provença - Villarroel"
      }
    },
    {
      "type": "Feature",
      "geometry": {
        "type": "Point",
        "coordinates": [
          2.142772,
          41.355302
        ]
      },
      "properties": {
        "routes": [
          {
            "color": "#6AB023",
            "long_name": "Mare de Déu de Port / Pedralbes",
            "route_type": 3,
            "short_name": "V5",
            "text_color": "#FFFFFF"
          }
        ],
        "stop_id": "2.3546.694471",
        "stop_name": "Pg Zona Franca - Sant Eloi - Final de trajecte"
      }
    },
    {
      "type": "Feature",
      "geometry": {
        "type": "Point",
        "coordinates": [
          2.187428,
          41.398583
        ]
      },
      "properties": {
        "routes": [
          {
            "color": "#003888",
            "long_name": "Paral·lel / Sant Adrià",
            "route_type": 3,
            "short_name": "H14",
            "text_color": "#FFFFFF"
          }
        ],
        "stop_id": "2.3552.694013",
        "stop_name": "Tànger - Av Meridiana"
      }
    },
    {
      "type": "Feature",
      "geometry": {
        "type": "Point",
        "coordinates": [
          2.145435,
          41.39348
        ]
      },
      "properties": {
        "routes": [
          {
            "color": "#DA291C",
            "long_name": "Estació de Sants / Roquetes",
            "route_type": 3,
            "short_name": "27",
            "text_color": "#FFFFFF"
          },
          {
            "color": "#93107E",
            "long_name": "Pl. Espanya / Canyelles",
            "route_type": 3,
            "short_name": "D40",
            "text_color": "#FFFFFF"
          }
        ],
        "stop_id": "2.3558.693966",
        "stop_name": "Travessera de Gràcia - Calvet"
      }
    },
    {
      "type": "Feature",
      "geometry": {
        "type": "Point",
        "coordinates": [
          2.160304,
          41.376531
        ]
      },
      "properties": {
        "routes": [
          {
            "color": "#DA291C",
            "long_name": "Manso / La Bordeta",
            "route_type": 3,
            "short_name": "91",
            "text_color": "#FFFFFF"
          }
        ],
        "stop_id": "2.3561.697097",
        "stop_name": "Manso - Calàbria - Final de trajecte"
      }
    },
    {
      "type": "Feature",
      "geometry": {
        "type": "Point",
        "coordinates": [
          2.149082,
          41.406215
        ]
      },
      "properties": {
        "routes": [
          {
            "color": "#003888",
            "long_name": "Zona Universitària / Onze de Setembre",
            "route_type": 3,
            "short_name": "H6",
            "text_color": "#FFFFFF"
          }
        ],
        "stop_id": "2.3566.694227",
        "stop_name": "Pl Lesseps"
      }
    },
    {
      "type": "Feature",
      "geometry": {
        "type": "Point",
        "coordinates": [
          2.160075,
          41.376354
        ]
      },
      "properties": {
        "routes": [
          {
            "color": "#DA291C",
            "long_name": "Mercat Sant Antoni / Parc de Montjuïc",
            "route_type": 3,
            "short_name": "13",
            "text_color": "#FFFFFF"
          }
        ],
        "stop_id": "2.3567.697096",
        "stop_name": "Manso - Viladomat - Final de trajecte"
      }
    },
    {
      "type": "Feature",
      "geometry": {
        "type": "Point",
        "coordinates": [
          2.158033,
          41.379059
        ]
      },
      "properties": {
        "routes": [
          {
            "color": "#6AB023",
            "long_name": "Poble-sec / Sarrià",
            "route_type": 3,
            "short_name": "V9",
            "text_color": "#FFFFFF"
          }
        ],
        "stop_id": "2.3568.693700",
        "stop_name": "Viladomat - Sepúlveda"
      }
    },
    {
      "type": "Feature",
      "geometry": {
        "type": "Point",
        "coordinates": [
          2.154554,
          41.389572
        ]
      },
      "properties": {
        "routes": [
          {
            "color": "#DA291C",
            "long_name": "Hospital Clínic / Cornellà",
            "route_type": 3,
            "short_name": "68",
            "text_color": "#FFFFFF"
          }
        ],
        "stop_id": "2.3570.693709",
        "stop_name": "Provença - Casanova - Final de trajecte"
      }
    },
    {
      "type": "Feature",
      "geometry": {
        "type": "Point",
        "coordinates": [
          2.189841,
          41.393679
        ]
      },
      "properties": {
        "routes": [
          {
            "color": "#DA291C",
            "long_name": "Pg. Marítim / Verneda",
            "route_type": 3,
            "short_name": "136",
            "text_color": "#FFFFFF"
          },
          {
            "color": "#DA291C",
            "long_name": "Pg. Manuel Girona / Poblenou",
            "route_type": 3,
            "short_name": "6",
            "text_color": "#FFFFFF"
          }
        ],
        "stop_id": "2.3571.693912",
        "stop_name": "Pujades - Joan d'Àustria"
      }
    },
    {
      "type": "Feature",
      "geometry": {
        "type": "Point",
        "coordinates": [
          2.191119,
          41.392838
        ]
      },
      "properties": {
        "routes": [
          {
            "color": "#DA291C",
            "long_name": "Pg. Marítim / Verneda",
            "route_type": 3,
            "short_name": "136",
            "text_color": "#FFFFFF"
          }
        ],
        "stop_id": "2.3572.693914",
        "stop_name": "Llull - Joan d'Àustria"
      }
    },
    {
      "type": "Feature",
      "geometry": {
        "type": "Point",
        "coordinates": [
          2.162752,
          41.375491
        ]
      },
      "properties": {
        "routes": [
          {
            "color": "#6AB023",
            "long_name": "Poble-sec / Sarrià",
            "route_type": 3,
            "short_name": "V9",
            "text_color": "#FFFFFF"
          }
        ],
        "stop_id": "2.3574.694483",
        "stop_name": "Viladomat - Marquès de Campo Sagrado"
      }
    },
    {
      "type": "Feature",
      "geometry": {
        "type": "Point",
        "coordinates": [
          2.15461,
          41.376667
        ]
      },
      "properties": {
        "routes": [
          {
            "color": "#6AB023",
            "long_name": "Poble-sec / Sarrià",
            "route_type": 3,
            "short_name": "V9",
            "text_color": "#FFFFFF"
          }
        ],
        "stop_id": "2.3575.694580",
        "stop_name": "Entença - Av Mistral"
      }
    },
    {
      "type": "Feature",
      "geometry": {
        "type": "Point",
        "coordinates": [
          2.147769,
          41.381839
        ]
      },
      "properties": {
        "routes": [
          {
            "color": "#6AB023",
            "long_name": "Poble-sec / Sarrià",
            "route_type": 3,
            "short_name": "V9",
            "text_color": "#FFFFFF"
          }
        ],
        "stop_id": "2.3576.694582",
        "stop_name": "Entença - València"
      }
    },
    {
      "type": "Feature",
      "geometry": {
        "type": "Point",
        "coordinates": [
          2.144559,
          41.384259
        ]
      },
      "properties": {
        "routes": [
          {
            "color": "#6AB023",
            "long_name": "Poble-sec / Sarrià",
            "route_type": 3,
            "short_name": "V9",
            "text_color": "#FFFFFF"
          }
        ],
        "stop_id": "2.3577.694584",
        "stop_name": "Entença - Rosselló"
      }
    },
    {
      "type": "Feature",
      "geometry": {
        "type": "Point",
        "coordinates": [
          2.142084,
          41.386162
        ]
      },
      "properties": {
        "routes": [
          {
            "color": "#6AB023",
            "long_name": "Poble-sec / Sarrià",
            "route_type": 3,
            "short_name": "V9",
            "text_color": "#FFFFFF"
          }
        ],
        "stop_id": "2.3578.694586",
        "stop_name": "Entença - Av Josep Tarradellas"
      }
    },
    {
      "type": "Feature",
      "geometry": {
        "type": "Point",
        "coordinates": [
          2.137758,
          41.390326
        ]
      },
      "properties": {
        "routes": [
          {
            "color": "#6AB023",
            "long_name": "Poble-sec / Sarrià",
            "route_type": 3,
            "short_name": "V9",
            "text_color": "#FFFFFF"
          }
        ],
        "stop_id": "2.3579.694590",
        "stop_name": "Entença - Déu i Mata"
      }
    },
    {
      "type": "Feature",
      "geometry": {
        "type": "Point",
        "coordinates": [
          2.161663,
          41.377554
        ]
      },
      "properties": {
        "routes": [
          {
            "color": "#93107E",
            "long_name": "Paral·lel / Ciutat Meridiana",
            "route_type": 3,
            "short_name": "D50",
            "text_color": "#FFFFFF"
          },
          {
            "color": "#6AB023",
            "long_name": "Estació Marítima (WTC) / Bonanova",
            "route_type": 3,
            "short_name": "V11",
            "text_color": "#FFFFFF"
          }
        ],
        "stop_id": "2.3589.694059",
        "stop_name": "Manso - Comte Borrell"
      }
    },
    {
      "type": "Feature",
      "geometry": {
        "type": "Point",
        "coordinates": [
          2.147531,
          41.386972
        ]
      },
      "properties": {
        "routes": [
          {
            "color": "#6AB023",
            "long_name": "Poble-sec / Sarrià",
            "route_type": 3,
            "short_name": "V9",
            "text_color": "#FFFFFF"
          }
        ],
        "stop_id": "2.3590.694592",
        "stop_name": "Viladomat - Còrsega"
      }
    },
    {
      "type": "Feature",
      "geometry": {
        "type": "Point",
        "coordinates": [
          2.15319,
          41.38272
        ]
      },
      "properties": {
        "routes": [
          {
            "color": "#6AB023",
            "long_name": "Poble-sec / Sarrià",
            "route_type": 3,
            "short_name": "V9",
            "text_color": "#FFFFFF"
          }
        ],
        "stop_id": "2.3591.694594",
        "stop_name": "Viladomat - Aragó"
      }
    },
    {
      "type": "Feature",
      "geometry": {
        "type": "Point",
        "coordinates": [
          2.155911,
          41.380657
        ]
      },
      "properties": {
        "routes": [
          {
            "color": "#6AB023",
            "long_name": "Poble-sec / Sarrià",
            "route_type": 3,
            "short_name": "V9",
            "text_color": "#FFFFFF"
          }
        ],
        "stop_id": "2.3592.694596",
        "stop_name": "Viladomat - Diputació"
      }
    },
    {
      "type": "Feature",
      "geometry": {
        "type": "Point",
        "coordinates": [
          2.195587,
          41.403715
        ]
      },
      "properties": {
        "routes": [
          {
            "color": "#6AB023",
            "long_name": "Nova Icària / Horta",
            "route_type": 3,
            "short_name": "V25",
            "text_color": "#FFFFFF"
          }
        ],
        "stop_id": "2.3609.695315",
        "stop_name": "Jardins de Miquel Martí i Pol"
      }
    },
    {
      "type": "Feature",
      "geometry": {
        "type": "Point",
        "coordinates": [
          2.185293,
          41.414821
        ]
      },
      "properties": {
        "routes": [
          {
            "color": "#DA291C",
            "long_name": "Poblenou / Hospital de Sant Pau",
            "route_type": 3,
            "short_name": "192",
            "text_color": "#FFFFFF"
          },
          {
            "color": "#6AB023",
            "long_name": "Nova Icària / Horta",
            "route_type": 3,
            "short_name": "V25",
            "text_color": "#FFFFFF"
          }
        ],
        "stop_id": "2.3610.698781",
        "stop_name": "Trinxant - Ripollès"
      }
    },
    {
      "type": "Feature",
      "geometry": {
        "type": "Point",
        "coordinates": [
          2.182545,
          41.416924
        ]
      },
      "properties": {
        "routes": [
          {
            "color": "#DA291C",
            "long_name": "Poblenou / Hospital de Sant Pau",
            "route_type": 3,
            "short_name": "192",
            "text_color": "#FFFFFF"
          },
          {
            "color": "#6AB023",
            "long_name": "Nova Icària / Horta",
            "route_type": 3,
            "short_name": "V25",
            "text_color": "#FFFFFF"
          }
        ],
        "stop_id": "2.3611.695319",
        "stop_name": "Trinxant - Sant Antoni Maria Claret"
      }
    },
    {
      "type": "Feature",
      "geometry": {
        "type": "Point",
        "coordinates": [
          2.1866,
          41.407994
        ]
      },
      "properties": {
        "routes": [
          {
            "color": "#DA291C",
            "long_name": "\u003cM\u003e Clot / Ciutat Meridiana",
            "route_type": 3,
            "short_name": "62",
            "text_color": "#FFFFFF"
          },
          {
            "color": "#6AB023",
            "long_name": "Nova Icària / Horta",
            "route_type": 3,
            "short_name": "V25",
            "text_color": "#FFFFFF"
          }
        ],
        "stop_id": "2.3613.695543",
        "stop_name": "Meridiana - Aragó"
      }
    },
    {
      "type": "Feature",
      "geometry": {
        "type": "Point",
        "coordinates": [
          2.187907,
          41.404211
        ]
      },
      "properties": {
        "routes": [
          {
            "color": "#6AB023",
            "long_name": "Nova Icària / Horta",
            "route_type": 3,
            "short_name": "V25",
            "text_color": "#FFFFFF"
          }
        ],
        "stop_id": "2.3614.700094",
        "stop_name": "Independència - Parc de les Glòries"
      }
    },
    {
      "type": "Feature",
      "geometry": {
        "type": "Point",
        "coordinates": [
          2.194538,
          41.402691
        ]
      },
      "properties": {
        "routes": [
          {
            "color": "#6AB023",
            "long_name": "Nova Icària / Horta",
            "route_type": 3,
            "short_name": "V25",
            "text_color": "#FFFFFF"
          }
        ],
        "stop_id": "2.3615.695323",
        "stop_name": "Museu Can Framis"
      }
    },
    {
      "type": "Feature",
      "geometry": {
        "type": "Point",
        "coordinates": [
          2.17706,
          41.412669
        ]
      },
      "properties": {
        "routes": [
          {
            "color": "#6AB023",
            "long_name": "Nova Icària / Can Marcet",
            "route_type": 3,
            "short_name": "V23",
            "text_color": "#FFFFFF"
          }
        ],
        "stop_id": "2.3618.695252",
        "stop_name": "Independència - Sant Antoni Maria Claret"
      }
    },
    {
      "type": "Feature",
      "geometry": {
        "type": "Point",
        "coordinates": [
          2.181726,
          41.403818
        ]
      },
      "properties": {
        "routes": [
          {
            "color": "#6AB023",
            "long_name": "Nova Icària / Can Marcet",
            "route_type": 3,
            "short_name": "V23",
            "text_color": "#FFFFFF"
          }
        ],
        "stop_id": "2.3623.695254",
        "stop_name": "Castillejos - Enamorats"
      }
    },
    {
      "type": "Feature",
      "geometry": {
        "type": "Point",
        "coordinates": [
          2.185324,
          41.401101
        ]
      },
      "properties": {
        "routes": [
          {
            "color": "#6AB023",
            "long_name": "Nova Icària / Can Marcet",
            "route_type": 3,
            "short_name": "V23",
            "text_color": "#FFFFFF"
          }
        ],
        "stop_id": "2.3624.695256",
        "stop_name": "Teatre Nacional de Catalunya"
      }
    },
    {
      "type": "Feature",
      "geometry": {
        "type": "Point",
        "coordinates": [
          2.188608,
          41.398651
        ]
      },
      "properties": {
        "routes": [
          {
            "color": "#6AB023",
            "long_name": "Nova Icària / Can Marcet",
            "route_type": 3,
            "short_name": "V23",
            "text_color": "#FFFFFF"
          }
        ],
        "stop_id": "2.3625.695258",
        "stop_name": "Pamplona - Tànger"
      }
    },
    {
      "type": "Feature",
      "geometry": {
        "type": "Point",
        "coordinates": [
          2.192396,
          41.395838
        ]
      },
      "properties": {
        "routes": [
          {
            "color": "#6AB023",
            "long_name": "Nova Icària / Can Marcet",
            "route_type": 3,
            "short_name": "V23",
            "text_color": "#FFFFFF"
          }
        ],
        "stop_id": "2.3626.695260",
        "stop_name": "Pamplona - Pere IV"
      }
    },
    {
      "type": "Feature",
      "geometry": {
        "type": "Point",
        "coordinates": [
          2.164,
          41.411749
        ]
      },
      "properties": {
        "routes": [
          {
            "color": "#DA291C",
            "long_name": "Gràcia / Can Baró",
            "route_type": 3,
            "short_name": "114",
            "text_color": "#FFFFFF"
          },
          {
            "color": "#DA291C",
            "long_name": "Pl. Congrés / Can Baró",
            "route_type": 3,
            "short_name": "191",
            "text_color": "#FFFFFF"
          },
          {
            "color": "#003888",
            "long_name": "Zona Universitària / Onze de Setembre",
            "route_type": 3,
            "short_name": "H6",
            "text_color": "#FFFFFF"
          },
          {
            "color": "#6AB023",
            "long_name": "Barceloneta / Pl. Alfonso Comín",
            "route_type": 3,
            "short_name": "V19",
            "text_color": "#FFFFFF"
          }
        ],
        "stop_id": "2.3637.695331",
        "stop_name": "Rda Guinardó - Pi i Margall"
      }
    },
    {
      "type": "Feature",
      "geometry": {
        "type": "Point",
        "coordinates": [
          2.135554,
          41.375547
        ]
      },
      "properties": {
        "routes": [
          {
            "color": "#003888",
            "long_name": "Pl. Sants / Olímpic de Badalona",
            "route_type": 3,
            "short_name": "H10",
            "text_color": "#FFFFFF"
          }
        ],
        "stop_id": "2.3644.695103",
        "stop_name": "Pg Sant Antoni - Pl Sants - Final de trajecte"
      }
    },
    {
      "type": "Feature",
      "geometry": {
        "type": "Point",
        "coordinates": [
          2.105376,
          41.386027
        ]
      },
      "properties": {
        "routes": [
          {
            "color": "#6AB023",
            "long_name": "Districte Gran Via l'Hospitalet / Av. Esplugues",
            "route_type": 3,
            "short_name": "V1",
            "text_color": "#FFFFFF"
          }
        ],
        "stop_id": "2.3646.695105",
        "stop_name": "Parc de Cervantes - Final de trajecte"
      }
    },
    {
      "type": "Feature",
      "geometry": {
        "type": "Point",
        "coordinates": [
          2.122801,
          41.374998
        ]
      },
      "properties": {
        "routes": [
          {
            "color": "#6AB023",
            "long_name": "Districte Gran Via l'Hospitalet / Av. Esplugues",
            "route_type": 3,
            "short_name": "V1",
            "text_color": "#FFFFFF"
          }
        ],
        "stop_id": "2.3647.695505",
        "stop_name": "Riera Blanca - Plaça Guernica"
      }
    },
    {
      "type": "Feature",
      "geometry": {
        "type": "Point",
        "coordinates": [
          2.126256,
          41.372262
        ]
      },
      "properties": {
        "routes": [
          {
            "color": "#6AB023",
            "long_name": "Districte Gran Via l'Hospitalet / Av. Esplugues",
            "route_type": 3,
            "short_name": "V1",
            "text_color": "#FFFFFF"
          }
        ],
        "stop_id": "2.3648.695636",
        "stop_name": "Riera Blanca - Rambla Catalana"
      }
    },
    {
      "type": "Feature",
      "geometry": {
        "type": "Point",
        "coordinates": [
          2.121947,
          41.378235
        ]
      },
      "properties": {
        "routes": [
          {
            "color": "#003888",
            "long_name": "Ernest Lluch / Bon Pastor",
            "route_type": 3,
            "short_name": "H8",
            "text_color": "#FFFFFF"
          }
        ],
        "stop_id": "2.3649.695236",
        "stop_name": "Travessera de les Corts - Comte de Güell"
      }
    },
    {
      "type": "Feature",
      "geometry": {
        "type": "Point",
        "coordinates": [
          2.128783,
          41.370906
        ]
      },
      "properties": {
        "routes": [
          {
            "color": "#6AB023",
            "long_name": "Districte Gran Via l'Hospitalet / Av. Esplugues",
            "route_type": 3,
            "short_name": "V1",
            "text_color": "#FFFFFF"
          }
        ],
        "stop_id": "2.3650.695509",
        "stop_name": "Riera Blanca - Congost"
      }
    },
    {
      "type": "Feature",
      "geometry": {
        "type": "Point",
        "coordinates": [
          2.130794,
          41.369159
        ]
      },
      "properties": {
        "routes": [
          {
            "color": "#6AB023",
            "long_name": "Districte Gran Via l'Hospitalet / Av. Esplugues",
            "route_type": 3,
            "short_name": "V1",
            "text_color": "#FFFFFF"
          }
        ],
        "stop_id": "2.3651.695511",
        "stop_name": "Metro Santa Eulàlia"
      }
    },
    {
      "type": "Feature",
      "geometry": {
        "type": "Point",
        "coordinates": [
          2.130913,
          41.369193
        ]
      },
      "properties": {
        "routes": [
          {
            "color": "#6AB023",
            "long_name": "Districte Gran Via l'Hospitalet / Av. Esplugues",
            "route_type": 3,
            "short_name": "V1",
            "text_color": "#FFFFFF"
          }
        ],
        "stop_id": "2.3652.695513",
        "stop_name": "Riera Blanca - Santiago Ramón y Cajal"
      }
    },
    {
      "type": "Feature",
      "geometry": {
        "type": "Point",
        "coordinates": [
          2.128227,
          41.371196
        ]
      },
      "properties": {
        "routes": [
          {
            "color": "#6AB023",
            "long_name": "Districte Gran Via l'Hospitalet / Av. Esplugues",
            "route_type": 3,
            "short_name": "V1",
            "text_color": "#FFFFFF"
          }
        ],
        "stop_id": "2.3653.695590",
        "stop_name": "Riera Blanca - Pavia"
      }
    },
    {
      "type": "Feature",
      "geometry": {
        "type": "Point",
        "coordinates": [
          2.126017,
          41.372581
        ]
      },
      "properties": {
        "routes": [
          {
            "color": "#6AB023",
            "long_name": "Districte Gran Via l'Hospitalet / Av. Esplugues",
            "route_type": 3,
            "short_name": "V1",
            "text_color": "#FFFFFF"
          }
        ],
        "stop_id": "2.3654.695592",
        "stop_name": "Riera Blanca - Sant Frederic"
      }
    },
    {
      "type": "Feature",
      "geometry": {
        "type": "Point",
        "coordinates": [
          2.121807,
          41.376218
        ]
      },
      "properties": {
        "routes": [
          {
            "color": "#6AB023",
            "long_name": "Districte Gran Via l'Hospitalet / Av. Esplugues",
            "route_type": 3,
            "short_name": "V1",
            "text_color": "#FFFFFF"
          }
        ],
        "stop_id": "2.3661.695550",
        "stop_name": "Riera Blanca - Regent Mendieta"
      }
    },
    {
      "type": "Feature",
      "geometry": {
        "type": "Point",
        "coordinates": [
          2.121243,
          41.378352
        ]
      },
      "properties": {
        "routes": [
          {
            "color": "#6AB023",
            "long_name": "Districte Gran Via l'Hospitalet / Av. Esplugues",
            "route_type": 3,
            "short_name": "V1",
            "text_color": "#FFFFFF"
          }
        ],
        "stop_id": "2.3662.695503",
        "stop_name": "Arístides Maillol - Trav de les Corts"
      }
    },
    {
      "type": "Feature",
      "geometry": {
        "type": "Point",
        "coordinates": [
          2.077792,
          41.354932
        ]
      },
      "properties": {
        "routes": [
          {
            "color": "#DA291C",
            "long_name": "Circular Cornellà 2",
            "route_type": 3,
            "short_name": "94",
            "text_color": "#FFFFFF"
          }
        ],
        "stop_id": "2.3673.694624",
        "stop_name": "Av dels Alps - Tanatori"
      }
    },
    {
      "type": "Feature",
      "geometry": {
        "type": "Point",
        "coordinates": [
          2.104198,
          41.356399
        ]
      },
      "properties": {
        "routes": [
          {
            "color": "#010101",
            "long_name": "Paral·lel - L'Hospitalet (Av. Carrilet)",
            "route_type": 3,
            "short_name": "X3",
            "text_color": "#FFFFFF"
          }
        ],
        "stop_id": "2.3686.694652",
        "stop_name": "CUAP Pura Fernández"
      }
    },
    {
      "type": "Feature",
      "geometry": {
        "type": "Point",
        "coordinates": [
          2.105449,
          41.353917
        ]
      },
      "properties": {
        "routes": [
          {
            "color": "#010101",
            "long_name": "Paral·lel - L'Hospitalet (Av. Carrilet)",
            "route_type": 3,
            "short_name": "X3",
            "text_color": "#FFFFFF"
          }
        ],
        "stop_id": "2.3687.694643",
        "stop_name": "Rbla Marina - Ctra del Mig"
      }
    },
    {
      "type": "Feature",
      "geometry": {
        "type": "Point",
        "coordinates": [
          2.16616,
          41.376486
        ]
      },
      "properties": {
        "routes": [
          {
            "color": "#93107E",
            "long_name": "Paral·lel / Ciutat Meridiana",
            "route_type": 3,
            "short_name": "D50",
            "text_color": "#FFFFFF"
          }
        ],
        "stop_id": "2.3690.694679",
        "stop_name": "Ronda Sant Pau - Folch i Torres - Final trajecte"
      }
    },
    {
      "type": "Feature",
      "geometry": {
        "type": "Point",
        "coordinates": [
          2.164787,
          41.403301
        ]
      },
      "properties": {
        "routes": [
          {
            "color": "#DA291C",
            "long_name": "Gràcia / Can Baró",
            "route_type": 3,
            "short_name": "114",
            "text_color": "#FFFFFF"
          }
        ],
        "stop_id": "2.3697.695145",
        "stop_name": "Pg Sant Joan - Sant Antoni Maria Claret"
      }
    },
    {
      "type": "Feature",
      "geometry": {
        "type": "Point",
        "coordinates": [
          2.131643,
          41.367752
        ]
      },
      "properties": {
        "routes": [
          {
            "color": "#6AB023",
            "long_name": "Districte Gran Via l'Hospitalet / Av. Esplugues",
            "route_type": 3,
            "short_name": "V1",
            "text_color": "#FFFFFF"
          }
        ],
        "stop_id": "2.3700.695515",
        "stop_name": "Riera Blanca - Santa Eulàlia"
      }
    },
    {
      "type": "Feature",
      "geometry": {
        "type": "Point",
        "coordinates": [
          2.131021,
          41.365484
        ]
      },
      "properties": {
        "routes": [
          {
            "color": "#6AB023",
            "long_name": "Districte Gran Via l'Hospitalet / Av. Esplugues",
            "route_type": 3,
            "short_name": "V1",
            "text_color": "#FFFFFF"
          }
        ],
        "stop_id": "2.3701.695582",
        "stop_name": "Aprestadora - Buenos Aires"
      }
    },
    {
      "type": "Feature",
      "geometry": {
        "type": "Point",
        "coordinates": [
          2.127758,
          41.363209
        ]
      },
      "properties": {
        "routes": [
          {
            "color": "#6AB023",
            "long_name": "Districte Gran Via l'Hospitalet / Av. Esplugues",
            "route_type": 3,
            "short_name": "V1",
            "text_color": "#FFFFFF"
          }
        ],
        "stop_id": "2.3702.695712",
        "stop_name": "Pl Francesc Macià"
      }
    },
    {
      "type": "Feature",
      "geometry": {
        "type": "Point",
        "coordinates": [
          2.12412,
          41.361442
        ]
      },
      "properties": {
        "routes": [
          {
            "color": "#6AB023",
            "long_name": "Districte Gran Via l'Hospitalet / Av. Esplugues",
            "route_type": 3,
            "short_name": "V1",
            "text_color": "#FFFFFF"
          }
        ],
        "stop_id": "2.3703.696016",
        "stop_name": "Metro Provençana"
      }
    },
    {
      "type": "Feature",
      "geometry": {
        "type": "Point",
        "coordinates": [
          2.123016,
          41.360494
        ]
      },
      "properties": {
        "routes": [
          {
            "color": "#6AB023",
            "long_name": "Districte Gran Via l'Hospitalet / Av. Esplugues",
            "route_type": 3,
            "short_name": "V1",
            "text_color": "#FFFFFF"
          }
        ],
        "stop_id": "2.3704.695501",
        "stop_name": "CAP Amadeu Torner"
      }
    },
    {
      "type": "Feature",
      "geometry": {
        "type": "Point",
        "coordinates": [
          2.124349,
          41.358236
        ]
      },
      "properties": {
        "routes": [
          {
            "color": "#6AB023",
            "long_name": "Districte Gran Via l'Hospitalet / Av. Esplugues",
            "route_type": 3,
            "short_name": "V1",
            "text_color": "#FFFFFF"
          }
        ],
        "stop_id": "2.3705.696035",
        "stop_name": "Amadeu Torner - Jerusalem"
      }
    },
    {
      "type": "Feature",
      "geometry": {
        "type": "Point",
        "coordinates": [
          2.125841,
          41.355706
        ]
      },
      "properties": {
        "routes": [
          {
            "color": "#6AB023",
            "long_name": "Districte Gran Via l'Hospitalet / Av. Esplugues",
            "route_type": 3,
            "short_name": "V1",
            "text_color": "#FFFFFF"
          }
        ],
        "stop_id": "2.3706.695552",
        "stop_name": "Av Joan Carles I - Av Gran Via"
      }
    },
    {
      "type": "Feature",
      "geometry": {
        "type": "Point",
        "coordinates": [
          2.127559,
          41.353596
        ]
      },
      "properties": {
        "routes": [
          {
            "color": "#6AB023",
            "long_name": "Districte Gran Via l'Hospitalet / Av. Esplugues",
            "route_type": 3,
            "short_name": "V1",
            "text_color": "#FFFFFF"
          }
        ],
        "stop_id": "2.3707.695642",
        "stop_name": "Av Joan Carles I - Ciències"
      }
    },
    {
      "type": "Feature",
      "geometry": {
        "type": "Point",
        "coordinates": [
          2.129661,
          41.351866
        ]
      },
      "properties": {
        "routes": [
          {
            "color": "#6AB023",
            "long_name": "Districte Gran Via l'Hospitalet / Av. Esplugues",
            "route_type": 3,
            "short_name": "V1",
            "text_color": "#FFFFFF"
          }
        ],
        "stop_id": "2.3708.695644",
        "stop_name": "Av Joan Carles I - Botànica"
      }
    },
    {
      "type": "Feature",
      "geometry": {
        "type": "Point",
        "coordinates": [
          2.124723,
          41.346352
        ]
      },
      "properties": {
        "routes": [
          {
            "color": "#6AB023",
            "long_name": "Districte Gran Via l'Hospitalet / Av. Esplugues",
            "route_type": 3,
            "short_name": "V1",
            "text_color": "#FFFFFF"
          }
        ],
        "stop_id": "2.3709.695556",
        "stop_name": "Pablo Iglesias - Miguel Hernández"
      }
    },
    {
      "type": "Feature",
      "geometry": {
        "type": "Point",
        "coordinates": [
          2.122133,
          41.346081
        ]
      },
      "properties": {
        "routes": [
          {
            "color": "#6AB023",
            "long_name": "Districte Gran Via l'Hospitalet / Av. Esplugues",
            "route_type": 3,
            "short_name": "V1",
            "text_color": "#FFFFFF"
          }
        ],
        "stop_id": "2.3710.695495",
        "stop_name": "Primer de maig - Botànica - Final de trajecte"
      }
    },
    {
      "type": "Feature",
      "geometry": {
        "type": "Point",
        "coordinates": [
          2.123297,
          41.347668
        ]
      },
      "properties": {
        "routes": [
          {
            "color": "#6AB023",
            "long_name": "Districte Gran Via l'Hospitalet / Av. Esplugues",
            "route_type": 3,
            "short_name": "V1",
            "text_color": "#FFFFFF"
          }
        ],
        "stop_id": "2.3711.695648",
        "stop_name": "Botànica - Primer de Maig"
      }
    },
    {
      "type": "Feature",
      "geometry": {
        "type": "Point",
        "coordinates": [
          2.126136,
          41.355639
        ]
      },
      "properties": {
        "routes": [
          {
            "color": "#6AB023",
            "long_name": "Districte Gran Via l'Hospitalet / Av. Esplugues",
            "route_type": 3,
            "short_name": "V1",
            "text_color": "#FFFFFF"
          }
        ],
        "stop_id": "2.3712.695554",
        "stop_name": "Av Joan Carles I - Ciències"
      }
    },
    {
      "type": "Feature",
      "geometry": {
        "type": "Point",
        "coordinates": [
          2.124819,
          41.357873
        ]
      },
      "properties": {
        "routes": [
          {
            "color": "#6AB023",
            "long_name": "Districte Gran Via l'Hospitalet / Av. Esplugues",
            "route_type": 3,
            "short_name": "V1",
            "text_color": "#FFFFFF"
          }
        ],
        "stop_id": "2.3713.695559",
        "stop_name": "Metro/FGC Europa - Fira"
      }
    },
    {
      "type": "Feature",
      "geometry": {
        "type": "Point",
        "coordinates": [
          2.122466,
          41.36185
        ]
      },
      "properties": {
        "routes": [
          {
            "color": "#6AB023",
            "long_name": "Districte Gran Via l'Hospitalet / Av. Esplugues",
            "route_type": 3,
            "short_name": "V1",
            "text_color": "#FFFFFF"
          }
        ],
        "stop_id": "2.3714.695517",
        "stop_name": "Amadeu Torner - Aprestadora"
      }
    },
    {
      "type": "Feature",
      "geometry": {
        "type": "Point",
        "coordinates": [
          2.122414,
          41.365
        ]
      },
      "properties": {
        "routes": [
          {
            "color": "#6AB023",
            "long_name": "Districte Gran Via l'Hospitalet / Av. Esplugues",
            "route_type": 3,
            "short_name": "V1",
            "text_color": "#FFFFFF"
          }
        ],
        "stop_id": "2.3715.695588",
        "stop_name": "Av Carrilet - Cooperativa"
      }
    },
    {
      "type": "Feature",
      "geometry": {
        "type": "Point",
        "coordinates": [
          2.12627,
          41.364564
        ]
      },
      "properties": {
        "routes": [
          {
            "color": "#6AB023",
            "long_name": "Districte Gran Via l'Hospitalet / Av. Esplugues",
            "route_type": 3,
            "short_name": "V1",
            "text_color": "#FFFFFF"
          }
        ],
        "stop_id": "2.3716.695586",
        "stop_name": "Av Carrilet - Comerç"
      }
    },
    {
      "type": "Feature",
      "geometry": {
        "type": "Point",
        "coordinates": [
          2.131698,
          41.367911
        ]
      },
      "properties": {
        "routes": [
          {
            "color": "#6AB023",
            "long_name": "Districte Gran Via l'Hospitalet / Av. Esplugues",
            "route_type": 3,
            "short_name": "V1",
            "text_color": "#FFFFFF"
          }
        ],
        "stop_id": "2.3718.695580",
        "stop_name": "Riera Blanca - Santa Eulàlia"
      }
    },
    {
      "type": "Feature",
      "geometry": {
        "type": "Point",
        "coordinates": [
          2.129859,
          41.352014
        ]
      },
      "properties": {
        "routes": [
          {
            "color": "#6AB023",
            "long_name": "Districte Gran Via l'Hospitalet / Av. Esplugues",
            "route_type": 3,
            "short_name": "V1",
            "text_color": "#FFFFFF"
          }
        ],
        "stop_id": "2.3720.695646",
        "stop_name": "Av Joan Carles I - Botànica"
      }
    },
    {
      "type": "Feature",
      "geometry": {
        "type": "Point",
        "coordinates": [
          2.187133,
          41.408214
        ]
      },
      "properties": {
        "routes": [
          {
            "color": "#DA291C",
            "long_name": "Poblenou / Hospital de Sant Pau",
            "route_type": 3,
            "short_name": "192",
            "text_color": "#FFFFFF"
          },
          {
            "color": "#6AB023",
            "long_name": "Nova Icària / Horta",
            "route_type": 3,
            "short_name": "V25",
            "text_color": "#FFFFFF"
          }
        ],
        "stop_id": "2.3722.695545",
        "stop_name": "Meridiana - Aragó"
      }
    },
    {
      "type": "Feature",
      "geometry": {
        "type": "Point",
        "coordinates": [
          2.101505,
          41.38357
        ]
      },
      "properties": {
        "routes": [
          {
            "color": "#DA291C",
            "long_name": "Hospital Clínic / Cornellà",
            "route_type": 3,
            "short_name": "68",
            "text_color": "#FFFFFF"
          },
          {
            "color": "#DA291C",
            "long_name": "Estació de Sants / Sant Joan Despí",
            "route_type": 3,
            "short_name": "78",
            "text_color": "#FFFFFF"
          }
        ],
        "stop_id": "2.3724.696436",
        "stop_name": "Hospital Sant Joan de Déu"
      }
    },
    {
      "type": "Feature",
      "geometry": {
        "type": "Point",
        "coordinates": [
          2.097937,
          41.382207
        ]
      },
      "properties": {
        "routes": [
          {
            "color": "#DA291C",
            "long_name": "Hospital Clínic / Cornellà",
            "route_type": 3,
            "short_name": "68",
            "text_color": "#FFFFFF"
          },
          {
            "color": "#DA291C",
            "long_name": "Estació de Sants / Sant Joan Despí",
            "route_type": 3,
            "short_name": "78",
            "text_color": "#FFFFFF"
          }
        ],
        "stop_id": "2.3725.696438",
        "stop_name": "Av d'Ahrensburg - Av Jacint Esteva Fontanet"
      }
    },
    {
      "type": "Feature",
      "geometry": {
        "type": "Point",
        "coordinates": [
          2.107849,
          41.386394
        ]
      },
      "properties": {
        "routes": [
          {
            "color": "#6AB023",
            "long_name": "Districte Gran Via l'Hospitalet / Av. Esplugues",
            "route_type": 3,
            "short_name": "V1",
            "text_color": "#FFFFFF"
          }
        ],
        "stop_id": "2.3746.695872",
        "stop_name": "González Tablas - Cavallers"
      }
    },
    {
      "type": "Feature",
      "geometry": {
        "type": "Point",
        "coordinates": [
          2.12454,
          41.379929
        ]
      },
      "properties": {
        "routes": [
          {
            "color": "#003888",
            "long_name": "Ernest Lluch / Bon Pastor",
            "route_type": 3,
            "short_name": "H8",
            "text_color": "#FFFFFF"
          }
        ],
        "stop_id": "2.3747.696209",
        "stop_name": "Les Corts - Benavent"
      }
    },
    {
      "type": "Feature",
      "geometry": {
        "type": "Point",
        "coordinates": [
          2.096538,
          41.38298
        ]
      },
      "properties": {
        "routes": [
          {
            "color": "#DA291C",
            "long_name": "Hospital Clínic / Cornellà",
            "route_type": 3,
            "short_name": "68",
            "text_color": "#FFFFFF"
          },
          {
            "color": "#DA291C",
            "long_name": "Estació de Sants / Sant Joan Despí",
            "route_type": 3,
            "short_name": "78",
            "text_color": "#FFFFFF"
          }
        ],
        "stop_id": "2.3751.696429",
        "stop_name": "Juan de la Cierva - Av Jacint Esteva Fontanet"
      }
    },
    {
      "type": "Feature",
      "geometry": {
        "type": "Point",
        "coordinates": [
          2.099707,
          41.383641
        ]
      },
      "properties": {
        "routes": [
          {
            "color": "#DA291C",
            "long_name": "Hospital Clínic / Cornellà",
            "route_type": 3,
            "short_name": "68",
            "text_color": "#FFFFFF"
          },
          {
            "color": "#DA291C",
            "long_name": "Estació de Sants / Sant Joan Despí",
            "route_type": 3,
            "short_name": "78",
            "text_color": "#FFFFFF"
          }
        ],
        "stop_id": "2.3752.696425",
        "stop_name": "Juan de la Cierva - Pau Casals"
      }
    },
    {
      "type": "Feature",
      "geometry": {
        "type": "Point",
        "coordinates": [
          2.101238,
          41.383606
        ]
      },
      "properties": {
        "routes": [
          {
            "color": "#DA291C",
            "long_name": "Hospital Clínic / Cornellà",
            "route_type": 3,
            "short_name": "68",
            "text_color": "#FFFFFF"
          },
          {
            "color": "#DA291C",
            "long_name": "Estació de Sants / Sant Joan Despí",
            "route_type": 3,
            "short_name": "78",
            "text_color": "#FFFFFF"
          }
        ],
        "stop_id": "2.3753.696434",
        "stop_name": "Hospital Sant Joan de Déu"
      }
    },
    {
      "type": "Feature",
      "geometry": {
        "type": "Point",
        "coordinates": [
          2.159337,
          41.376502
        ]
      },
      "properties": {
        "routes": [
          {
            "color": "#DA291C",
            "long_name": "Esq. de l'Eixample",
            "route_type": 3,
            "short_name": "141",
            "text_color": "#FFFFFF"
          },
          {
            "color": "#DA291C",
            "long_name": "Pl. Urquinaona / Parc de Montjuïc",
            "route_type": 3,
            "short_name": "55",
            "text_color": "#FFFFFF"
          }
        ],
        "stop_id": "2.3754.696512",
        "stop_name": "Calàbria - Manso"
      }
    },
    {
      "type": "Feature",
      "geometry": {
        "type": "Point",
        "coordinates": [
          2.146074,
          41.365031
        ]
      },
      "properties": {
        "routes": [
          {
            "color": "#DA291C",
            "long_name": "Pl. Espanya / Parc Logístic",
            "route_type": 3,
            "short_name": "23",
            "text_color": "#FFFFFF"
          },
          {
            "color": "#010101",
            "long_name": "Paral·lel - L'Hospitalet (Av. Carrilet)",
            "route_type": 3,
            "short_name": "X3",
            "text_color": "#FFFFFF"
          }
        ],
        "stop_id": "2.3755.699934",
        "stop_name": "Jocs del 92 - INEFC"
      }
    },
    {
      "type": "Feature",
      "geometry": {
        "type": "Point",
        "coordinates": [
          2.140145,
          41.335586
        ]
      },
      "properties": {
        "routes": [
          {
            "color": "#DA291C",
            "long_name": "Hospital Clínic / Polígon Zona Franca",
            "route_type": 3,
            "short_name": "109",
            "text_color": "#FFFFFF"
          },
          {
            "color": "#DA291C",
            "long_name": "Paral·lel / El Prat",
            "route_type": 3,
            "short_name": "21",
            "text_color": "#FFFFFF"
          }
        ],
        "stop_id": "2.3760.696645",
        "stop_name": "Carrer A - Carrer número 27"
      }
    },
    {
      "type": "Feature",
      "geometry": {
        "type": "Point",
        "coordinates": [
          2.145559,
          41.379252
        ]
      },
      "properties": {
        "routes": [
          {
            "color": "#93107E",
            "long_name": "Pl. Espanya / Canyelles",
            "route_type": 3,
            "short_name": "D40",
            "text_color": "#FFFFFF"
          },
          {
            "color": "#6AB023",
            "long_name": "Pl. Espanya / Sarrià",
            "route_type": 3,
            "short_name": "V7",
            "text_color": "#FFFFFF"
          }
        ],
        "stop_id": "2.3762.696743",
        "stop_name": "València - Tarragona"
      }
    },
    {
      "type": "Feature",
      "geometry": {
        "type": "Point",
        "coordinates": [
          2.149745,
          41.377453
        ]
      },
      "properties": {
        "routes": [
          {
            "color": "#93107E",
            "long_name": "Pl. Espanya / Canyelles",
            "route_type": 3,
            "short_name": "D40",
            "text_color": "#FFFFFF"
          }
        ],
        "stop_id": "2.3763.699676",
        "stop_name": "Diputació - Vilamarí - Final de trajecte"
      }
    },
    {
      "type": "Feature",
      "geometry": {
        "type": "Point",
        "coordinates": [
          2.107926,
          41.387455
        ]
      },
      "properties": {
        "routes": [
          {
            "color": "#DA291C",
            "long_name": "Les Corts",
            "route_type": 3,
            "short_name": "175",
            "text_color": "#FFFFFF"
          }
        ],
        "stop_id": "2.3766.696842",
        "stop_name": "Cavallers - González Tablas"
      }
    },
    {
      "type": "Feature",
      "geometry": {
        "type": "Point",
        "coordinates": [
          2.138608,
          41.382926
        ]
      },
      "properties": {
        "routes": [
          {
            "color": "#DA291C",
            "long_name": "Estació del Nord / Cardenal Reig",
            "route_type": 3,
            "short_name": "54",
            "text_color": "#FFFFFF"
          }
        ],
        "stop_id": "2.3767.696820",
        "stop_name": "Berlín - Numància"
      }
    },
    {
      "type": "Feature",
      "geometry": {
        "type": "Point",
        "coordinates": [
          2.137345,
          41.331025
        ]
      },
      "properties": {
        "routes": [
          {
            "color": "#DA291C",
            "long_name": "Hospital Clínic / Polígon Zona Franca",
            "route_type": 3,
            "short_name": "109",
            "text_color": "#FFFFFF"
          }
        ],
        "stop_id": "2.3768.696879",
        "stop_name": "Carrer A - Cotxeres TB Zona Franca"
      }
    },
    {
      "type": "Feature",
      "geometry": {
        "type": "Point",
        "coordinates": [
          2.160045,
          41.364741
        ]
      },
      "properties": {
        "routes": [
          {
            "color": "#DA291C",
            "long_name": "Pl. Espanya / Castell de Montjuïc",
            "route_type": 3,
            "short_name": "150",
            "text_color": "#FFFFFF"
          }
        ],
        "stop_id": "2.3774.697081",
        "stop_name": "Can Valero - Doctor Font i Quer"
      }
    },
    {
      "type": "Feature",
      "geometry": {
        "type": "Point",
        "coordinates": [
          2.187109,
          41.409449
        ]
      },
      "properties": {
        "routes": [
          {
            "color": "#DA291C",
            "long_name": "\u003cM\u003e Clot / Ciutat Meridiana",
            "route_type": 3,
            "short_name": "62",
            "text_color": "#FFFFFF"
          }
        ],
        "stop_id": "2.3781.698837",
        "stop_name": "Meridiana - Metro Clot"
      }
    },
    {
      "type": "Feature",
      "geometry": {
        "type": "Point",
        "coordinates": [
          2.150248,
          41.373612
        ]
      },
      "properties": {
        "routes": [
          {
            "color": "#DA291C",
            "long_name": "Pl. Espanya / Castell de Montjuïc",
            "route_type": 3,
            "short_name": "150",
            "text_color": "#FFFFFF"
          }
        ],
        "stop_id": "2.3793.697312",
        "stop_name": "Fira Barcelona"
      }
    },
    {
      "type": "Feature",
      "geometry": {
        "type": "Point",
        "coordinates": [
          2.111873,
          41.376615
        ]
      },
      "properties": {
        "routes": [
          {
            "color": "#003888",
            "long_name": "Ernest Lluch / Bon Pastor",
            "route_type": 3,
            "short_name": "H8",
            "text_color": "#FFFFFF"
          }
        ],
        "stop_id": "2.3797.697343",
        "stop_name": "Metro Ernest Lluch - Final de trajecte"
      }
    },
    {
      "type": "Feature",
      "geometry": {
        "type": "Point",
        "coordinates": [
          2.171526,
          41.397293
        ]
      },
      "properties": {
        "routes": [
          {
            "color": "#010101",
            "long_name": "BCN Centre-F.Macià / BCN Centre-Glòries",
            "route_type": 3,
            "short_name": "X1",
            "text_color": "#FFFFFF"
          }
        ],
        "stop_id": "2.3799.697428",
        "stop_name": "Aragó - Pg de Sant Joan"
      }
    },
    {
      "type": "Feature",
      "geometry": {
        "type": "Point",
        "coordinates": [
          2.164298,
          41.391852
        ]
      },
      "properties": {
        "routes": [
          {
            "color": "#010101",
            "long_name": "BCN Centre-F.Macià / BCN Centre-Glòries",
            "route_type": 3,
            "short_name": "X1",
            "text_color": "#FFFFFF"
          }
        ],
        "stop_id": "2.3800.697430",
        "stop_name": "Aragó - Pg de Gràcia"
      }
    },
    {
      "type": "Feature",
      "geometry": {
        "type": "Point",
        "coordinates": [
          2.15893,
          41.387814
        ]
      },
      "properties": {
        "routes": [
          {
            "color": "#010101",
            "long_name": "BCN Centre-F.Macià / BCN Centre-Glòries",
            "route_type": 3,
            "short_name": "X1",
            "text_color": "#FFFFFF"
          }
        ],
        "stop_id": "2.3801.697436",
        "stop_name": "Aragó - Muntaner"
      }
    },
    {
      "type": "Feature",
      "geometry": {
        "type": "Point",
        "coordinates": [
          2.143608,
          41.392358
        ]
      },
      "properties": {
        "routes": [
          {
            "color": "#010101",
            "long_name": "BCN Centre-F.Macià / BCN Centre-Glòries",
            "route_type": 3,
            "short_name": "X1",
            "text_color": "#FFFFFF"
          }
        ],
        "stop_id": "2.3802.697432",
        "stop_name": "Diagonal - Pl Francesc Macià - Final de trajecte"
      }
    },
    {
      "type": "Feature",
      "geometry": {
        "type": "Point",
        "coordinates": [
          2.177266,
          41.394213
        ]
      },
      "properties": {
        "routes": [
          {
            "color": "#DA291C",
            "long_name": "Estació del Nord / Cardenal Reig",
            "route_type": 3,
            "short_name": "54",
            "text_color": "#FFFFFF"
          }
        ],
        "stop_id": "2.3803.697479",
        "stop_name": "Casp - Pg de Sant Joan"
      }
    },
    {
      "type": "Feature",
      "geometry": {
        "type": "Point",
        "coordinates": [
          2.174908,
          41.392438
        ]
      },
      "properties": {
        "routes": [
          {
            "color": "#DA291C",
            "long_name": "Estació del Nord / Cardenal Reig",
            "route_type": 3,
            "short_name": "54",
            "text_color": "#FFFFFF"
          }
        ],
        "stop_id": "2.3804.697519",
        "stop_name": "Casp - Girona"
      }
    },
    {
      "type": "Feature",
      "geometry": {
        "type": "Point",
        "coordinates": [
          2.170659,
          41.389248
        ]
      },
      "properties": {
        "routes": [
          {
            "color": "#DA291C",
            "long_name": "Estació del Nord / Cardenal Reig",
            "route_type": 3,
            "short_name": "54",
            "text_color": "#FFFFFF"
          }
        ],
        "stop_id": "2.3805.697517",
        "stop_name": "Casp - Pau Claris"
      }
    },
    {
      "type": "Feature",
      "geometry": {
        "type": "Point",
        "coordinates": [
          2.178508,
          41.402488
        ]
      },
      "properties": {
        "routes": [
          {
            "color": "#010101",
            "long_name": "BCN Centre-F.Macià / BCN Centre-Glòries",
            "route_type": 3,
            "short_name": "X1",
            "text_color": "#FFFFFF"
          }
        ],
        "stop_id": "2.3806.697620",
        "stop_name": "Aragó - Lepant"
      }
    },
    {
      "type": "Feature",
      "geometry": {
        "type": "Point",
        "coordinates": [
          2.18625,
          41.405676
        ]
      },
      "properties": {
        "routes": [
          {
            "color": "#DA291C",
            "long_name": "\u003cM\u003e Clot / Ciutat Meridiana",
            "route_type": 3,
            "short_name": "62",
            "text_color": "#FFFFFF"
          }
        ],
        "stop_id": "2.3807.697625",
        "stop_name": "Independència - Meridiana"
      }
    },
    {
      "type": "Feature",
      "geometry": {
        "type": "Point",
        "coordinates": [
          2.13902,
          41.367624
        ]
      },
      "properties": {
        "routes": [
          {
            "color": "#DA291C",
            "long_name": "Manso / La Bordeta",
            "route_type": 3,
            "short_name": "91",
            "text_color": "#FFFFFF"
          }
        ],
        "stop_id": "2.3810.697729",
        "stop_name": "La Campana"
      }
    },
    {
      "type": "Feature",
      "geometry": {
        "type": "Point",
        "coordinates": [
          2.187067,
          41.414313
        ]
      },
      "properties": {
        "routes": [
          {
            "color": "#DA291C",
            "long_name": "\u003cM\u003e Clot / Ciutat Meridiana",
            "route_type": 3,
            "short_name": "62",
            "text_color": "#FFFFFF"
          }
        ],
        "stop_id": "2.3813.697887",
        "stop_name": "Meridiana - Navas de Tolosa"
      }
    },
    {
      "type": "Feature",
      "geometry": {
        "type": "Point",
        "coordinates": [
          2.08155,
          41.352997
        ]
      },
      "properties": {
        "routes": [
          {
            "color": "#DA291C",
            "long_name": "Pl. Catalunya / Cornellà",
            "route_type": 3,
            "short_name": "67",
            "text_color": "#FFFFFF"
          }
        ],
        "stop_id": "2.3830.698103",
        "stop_name": "Av de la Fama - Pg dels Ferrocarrils Catalans"
      }
    },
    {
      "type": "Feature",
      "geometry": {
        "type": "Point",
        "coordinates": [
          2.081417,
          41.353197
        ]
      },
      "properties": {
        "routes": [
          {
            "color": "#DA291C",
            "long_name": "Hospital Clínic / Cornellà",
            "route_type": 3,
            "short_name": "68",
            "text_color": "#FFFFFF"
          }
        ],
        "stop_id": "2.3831.698101",
        "stop_name": "Av de la Fama - Pg dels Ferrocarrils Catalans"
      }
    },
    {
      "type": "Feature",
      "geometry": {
        "type": "Point",
        "coordinates": [
          2.076701,
          41.35278
        ]
      },
      "properties": {
        "routes": [
          {
            "color": "#DA291C",
            "long_name": "Pl. Catalunya / Cornellà",
            "route_type": 3,
            "short_name": "67",
            "text_color": "#FFFFFF"
          },
          {
            "color": "#DA291C",
            "long_name": "Hospital Clínic / Cornellà",
            "route_type": 3,
            "short_name": "68",
            "text_color": "#FFFFFF"
          }
        ],
        "stop_id": "2.3832.698099",
        "stop_name": "Ctra del Prat - Ctra de l'Hospitalet"
      }
    },
    {
      "type": "Feature",
      "geometry": {
        "type": "Point",
        "coordinates": [
          2.075848,
          41.352815
        ]
      },
      "properties": {
        "routes": [
          {
            "color": "#DA291C",
            "long_name": "Pl. Catalunya / Cornellà",
            "route_type": 3,
            "short_name": "67",
            "text_color": "#FFFFFF"
          },
          {
            "color": "#DA291C",
            "long_name": "Hospital Clínic / Cornellà",
            "route_type": 3,
            "short_name": "68",
            "text_color": "#FFFFFF"
          }
        ],
        "stop_id": "2.3833.698097",
        "stop_name": "Pl de la Llibertat"
      }
    },
    {
      "type": "Feature",
      "geometry": {
        "type": "Point",
        "coordinates": [
          2.1467,
          41.362943
        ]
      },
      "properties": {
        "routes": [
          {
            "color": "#DA291C",
            "long_name": "Pl. Espanya / Parc Logístic",
            "route_type": 3,
            "short_name": "23",
            "text_color": "#FFFFFF"
          }
        ],
        "stop_id": "2.3836.698134",
        "stop_name": "Jocs del 92 - Pierre de Coubertin"
      }
    },
    {
      "type": "Feature",
      "geometry": {
        "type": "Point",
        "coordinates": [
          2.147087,
          41.362644
        ]
      },
      "properties": {
        "routes": [
          {
            "color": "#DA291C",
            "long_name": "Pl. Espanya / Parc Logístic",
            "route_type": 3,
            "short_name": "23",
            "text_color": "#FFFFFF"
          }
        ],
        "stop_id": "2.3837.698132",
        "stop_name": "Jocs del 92 - Pedrera del Mussol"
      }
    },
    {
      "type": "Feature",
      "geometry": {
        "type": "Point",
        "coordinates": [
          2.192976,
          41.403885
        ]
      },
      "properties": {
        "routes": [
          {
            "color": "#010101",
            "long_name": "BCN Centre-F.Macià / BCN Centre-Glòries",
            "route_type": 3,
            "short_name": "X1",
            "text_color": "#FFFFFF"
          }
        ],
        "stop_id": "2.3850.698505",
        "stop_name": "Roc Boronat - Tànger - Final de trajecte"
      }
    },
    {
      "type": "Feature",
      "geometry": {
        "type": "Point",
        "coordinates": [
          2.14214,
          41.355613
        ]
      },
      "properties": {
        "routes": [
          {
            "color": "#DA291C",
            "long_name": "Pl. Espanya / Parc Logístic",
            "route_type": 3,
            "short_name": "23",
            "text_color": "#FFFFFF"
          }
        ],
        "stop_id": "2.3859.698824",
        "stop_name": "Pg Zona Franca - Metro Foc"
      }
    },
    {
      "type": "Feature",
      "geometry": {
        "type": "Point",
        "coordinates": [
          2.18335,
          41.431599
        ]
      },
      "properties": {
        "routes": [
          {
            "color": "#DA291C",
            "long_name": "Roquetes / Fabra i Puig",
            "route_type": 3,
            "short_name": "134",
            "text_color": "#FFFFFF"
          }
        ],
        "stop_id": "2.3860.698875",
        "stop_name": "Estació Fabra i Puig"
      }
    },
    {
      "type": "Feature",
      "geometry": {
        "type": "Point",
        "coordinates": [
          2.147093,
          41.37399
        ]
      },
      "properties": {
        "routes": [
          {
            "color": "#DA291C",
            "long_name": "Manso / La Bordeta",
            "route_type": 3,
            "short_name": "91",
            "text_color": "#FFFFFF"
          }
        ],
        "stop_id": "2.3869.698905",
        "stop_name": "Ctra Bordeta - Gran Via"
      }
    },
    {
      "type": "Feature",
      "geometry": {
        "type": "Point",
        "coordinates": [
          2.165621,
          41.397849
        ]
      },
      "properties": {
        "routes": [
          {
            "color": "#DA291C",
            "long_name": "Zona Universitària / Verneda",
            "route_type": 3,
            "short_name": "33",
            "text_color": "#FFFFFF"
          },
          {
            "color": "#DA291C",
            "long_name": "Pg. Manuel Girona / Pl. Virrei Amat",
            "route_type": 3,
            "short_name": "34",
            "text_color": "#FFFFFF"
          },
          {
            "color": "#DA291C",
            "long_name": "Pg. Manuel Girona / Poblenou",
            "route_type": 3,
            "short_name": "6",
            "text_color": "#FFFFFF"
          }
        ],
        "stop_id": "2.3874.699241",
        "stop_name": "Diagonal - Bruc"
      }
    },
    {
      "type": "Feature",
      "geometry": {
        "type": "Point",
        "coordinates": [
          2.143389,
          41.379741
        ]
      },
      "properties": {
        "routes": [
          {
            "color": "#DA291C",
            "long_name": "Hospital Clínic / Polígon Zona Franca",
            "route_type": 3,
            "short_name": "109",
            "text_color": "#FFFFFF"
          },
          {
            "color": "#DA291C",
            "long_name": "La Bordeta",
            "route_type": 3,
            "short_name": "115",
            "text_color": "#FFFFFF"
          },
          {
            "color": "#93107E",
            "long_name": "Pg. Marítim / Ernest Lluch",
            "route_type": 3,
            "short_name": "D20",
            "text_color": "#FFFFFF"
          },
          {
            "color": "#6AB023",
            "long_name": "Mare de Déu de Port / Pedralbes",
            "route_type": 3,
            "short_name": "V5",
            "text_color": "#FFFFFF"
          }
        ],
        "stop_id": "2.3875.699292",
        "stop_name": "Tarragona - Mallorca"
      }
    },
    {
      "type": "Feature",
      "geometry": {
        "type": "Point",
        "coordinates": [
          2.139025,
          41.378383
        ]
      },
      "properties": {
        "routes": [
          {
            "color": "#DA291C",
            "long_name": "Estació de Sants / Roquetes",
            "route_type": 3,
            "short_name": "27",
            "text_color": "#FFFFFF"
          }
        ],
        "stop_id": "2.3876.699308",
        "stop_name": "Sants Estació - Pl Joan Peiró - Final de trajecte"
      }
    },
    {
      "type": "Feature",
      "geometry": {
        "type": "Point",
        "coordinates": [
          2.139333,
          41.378118
        ]
      },
      "properties": {
        "routes": [
          {
            "color": "#DA291C",
            "long_name": "Estació de Sants / Sant Joan Despí",
            "route_type": 3,
            "short_name": "78",
            "text_color": "#FFFFFF"
          }
        ],
        "stop_id": "2.3877.699306",
        "stop_name": "Pl Joan Peiró - Estació de Sants - Final trajecte"
      }
    },
    {
      "type": "Feature",
      "geometry": {
        "type": "Point",
        "coordinates": [
          2.140767,
          41.378329
        ]
      },
      "properties": {
        "routes": [
          {
            "color": "#DA291C",
            "long_name": "La Bordeta",
            "route_type": 3,
            "short_name": "115",
            "text_color": "#FFFFFF"
          },
          {
            "color": "#DA291C",
            "long_name": "Estació de Sants / Roquetes",
            "route_type": 3,
            "short_name": "27",
            "text_color": "#FFFFFF"
          },
          {
            "color": "#DA291C",
            "long_name": "Estació de Sants / Sant Joan Despí",
            "route_type": 3,
            "short_name": "78",
            "text_color": "#FFFFFF"
          },
          {
            "color": "#003888",
            "long_name": "Pl. Sants / Olímpic de Badalona",
            "route_type": 3,
            "short_name": "H10",
            "text_color": "#FFFFFF"
          },
          {
            "color": "#6AB023",
            "long_name": "Mare de Déu de Port / Pedralbes",
            "route_type": 3,
            "short_name": "V5",
            "text_color": "#FFFFFF"
          }
        ],
        "stop_id": "2.3878.699302",
        "stop_name": "Pg Sant Antoni - Parc de l'Espanya Industrial"
      }
    },
    {
      "type": "Feature",
      "geometry": {
        "type": "Point",
        "coordinates": [
          2.166871,
          41.398453
        ]
      },
      "properties": {
        "routes": [
          {
            "color": "#DA291C",
            "long_name": "Zona Universitària / Verneda",
            "route_type": 3,
            "short_name": "33",
            "text_color": "#FFFFFF"
          },
          {
            "color": "#DA291C",
            "long_name": "Pg. Manuel Girona / Pl. Virrei Amat",
            "route_type": 3,
            "short_name": "34",
            "text_color": "#FFFFFF"
          },
          {
            "color": "#DA291C",
            "long_name": "Pg. Manuel Girona / Poblenou",
            "route_type": 3,
            "short_name": "6",
            "text_color": "#FFFFFF"
          }
        ],
        "stop_id": "2.3891.699535",
        "stop_name": "Diagonal - Estació Verdaguer"
      }
    },
    {
      "type": "Feature",
      "geometry": {
        "type": "Point",
        "coordinates": [
          2.167927,
          41.400352
        ]
      },
      "properties": {
        "routes": [
          {
            "color": "#6AB023",
            "long_name": "Barceloneta / Pl. Alfonso Comín",
            "route_type": 3,
            "short_name": "V19",
            "text_color": "#FFFFFF"
          }
        ],
        "stop_id": "2.3908.699762",
        "stop_name": "Pg de Sant Joan - Rosselló"
      }
    },
    {
      "type": "Feature",
      "geometry": {
        "type": "Point",
        "coordinates": [
          2.168274,
          41.400668
        ]
      },
      "properties": {
        "routes": [
          {
            "color": "#6AB023",
            "long_name": "Barceloneta / Pl. Alfonso Comín",
            "route_type": 3,
            "short_name": "V19",
            "text_color": "#FFFFFF"
          }
        ],
        "stop_id": "2.3909.699758",
        "stop_name": "Pg de Sant Joan - Provença"
      }
    },
    {
      "type": "Feature",
      "geometry": {
        "type": "Point",
        "coordinates": [
          2.16661,
          41.376151
        ]
      },
      "properties": {
        "routes": [
          {
            "color": "#010101",
            "long_name": "Paral·lel - L'Hospitalet (Av. Carrilet)",
            "route_type": 3,
            "short_name": "X3",
            "text_color": "#FFFFFF"
          }
        ],
        "stop_id": "2.3910.699936",
        "stop_name": "Ronda Sant Pau - Aldana - Final de trajecte"
      }
    },
    {
      "type": "Feature",
      "geometry": {
        "type": "Point",
        "coordinates": [
          2.162195,
          41.406453
        ]
      },
      "properties": {
        "routes": [
          {
            "color": "#DA291C",
            "long_name": "Gràcia / Can Baró",
            "route_type": 3,
            "short_name": "114",
            "text_color": "#FFFFFF"
          }
        ],
        "stop_id": "2.3911.699799",
        "stop_name": "Escorial - Metro Joanic"
      }
    },
    {
      "type": "Feature",
      "geometry": {
        "type": "Point",
        "coordinates": [
          2.140913,
          41.355882
        ]
      },
      "properties": {
        "routes": [
          {
            "color": "#010101",
            "long_name": "Paral·lel - L'Hospitalet (Av. Carrilet)",
            "route_type": 3,
            "short_name": "X3",
            "text_color": "#FFFFFF"
          }
        ],
        "stop_id": "2.3912.699940",
        "stop_name": "Foc - Estany"
      }
    },
    {
      "type": "Feature",
      "geometry": {
        "type": "Point",
        "coordinates": [
          2.141193,
          41.356163
        ]
      },
      "properties": {
        "routes": [
          {
            "color": "#010101",
            "long_name": "Paral·lel - L'Hospitalet (Av. Carrilet)",
            "route_type": 3,
            "short_name": "X3",
            "text_color": "#FFFFFF"
          }
        ],
        "stop_id": "2.3913.699938",
        "stop_name": "Foc - Pg Zona Franca"
      }
    },
    {
      "type": "Feature",
      "geometry": {
        "type": "Point",
        "coordinates": [
          2.134841,
          41.353609
        ]
      },
      "properties": {
        "routes": [
          {
            "color": "#010101",
            "long_name": "Paral·lel - L'Hospitalet (Av. Carrilet)",
            "route_type": 3,
            "short_name": "X3",
            "text_color": "#FFFFFF"
          }
        ],
        "stop_id": "2.3914.699942",
        "stop_name": "Foc - Fira de Barcelona"
      }
    },
    {
      "type": "Feature",
      "geometry": {
        "type": "Point",
        "coordinates": [
          2.130811,
          41.35191
        ]
      },
      "properties": {
        "routes": [
          {
            "color": "#010101",
            "long_name": "Paral·lel - L'Hospitalet (Av. Carrilet)",
            "route_type": 3,
            "short_name": "X3",
            "text_color": "#FFFFFF"
          }
        ],
        "stop_id": "2.3915.699946",
        "stop_name": "Foc - Metro Fira"
      }
    },
    {
      "type": "Feature",
      "geometry": {
        "type": "Point",
        "coordinates": [
          2.155421,
          41.402291
        ]
      },
      "properties": {
        "routes": [
          {
            "color": "#DA291C",
            "long_name": "Gràcia / Can Baró",
            "route_type": 3,
            "short_name": "114",
            "text_color": "#FFFFFF"
          }
        ],
        "stop_id": "2.3916.699846",
        "stop_name": "Montseny - Travessia de Sant Antoni"
      }
    },
    {
      "type": "Feature",
      "geometry": {
        "type": "Point",
        "coordinates": [
          2.125895,
          41.391575
        ]
      },
      "properties": {
        "routes": [
          {
            "color": "#DA291C",
            "long_name": "Pg. Manuel Girona / Poblenou",
            "route_type": 3,
            "short_name": "6",
            "text_color": "#FFFFFF"
          }
        ],
        "stop_id": "2.3932.700100",
        "stop_name": "Pg Manuel Girona - Benet Mateu - Final de trajecte"
      }
    },
    {
      "type": "Feature",
      "geometry": {
        "type": "Point",
        "coordinates": [
          2.125243,
          41.391972
        ]
      },
      "properties": {
        "routes": [
          {
            "color": "#DA291C",
            "long_name": "Pg. Manuel Girona / Pl. Virrei Amat",
            "route_type": 3,
            "short_name": "34",
            "text_color": "#FFFFFF"
          }
        ],
        "stop_id": "2.3933.700098",
        "stop_name": "Capità Arenas - Francesc Carbonell"
      }
    },
    {
      "type": "Feature",
      "geometry": {
        "type": "Point",
        "coordinates": [
          2.188017,
          41.403097
        ]
      },
      "properties": {
        "routes": [
          {
            "color": "#003888",
            "long_name": "Gornal / Besòs Verneda",
            "route_type": 3,
            "short_name": "H12",
            "text_color": "#FFFFFF"
          }
        ],
        "stop_id": "2.3934.700231",
        "stop_name": "Pl Glòries"
      }
    },
    {
      "type": "Feature",
      "geometry": {
        "type": "Point",
        "coordinates": [
          2.150956,
          41.374905
        ]
      },
      "properties": {
        "routes": [
          {
            "color": "#DA291C",
            "long_name": "Mercat Sant Antoni / Parc de Montjuïc",
            "route_type": 3,
            "short_name": "13",
            "text_color": "#FFFFFF"
          },
          {
            "color": "#DA291C",
            "long_name": "Pl. Espanya / Aeroport BCN",
            "route_type": 3,
            "short_name": "46",
            "text_color": "#FFFFFF"
          },
          {
            "color": "#DA291C",
            "long_name": "Pl. Catalunya / Collblanc",
            "route_type": 3,
            "short_name": "52",
            "text_color": "#FFFFFF"
          },
          {
            "color": "#DA291C",
            "long_name": "Pl. Espanya / El Prat",
            "route_type": 3,
            "short_name": "65",
            "text_color": "#FFFFFF"
          },
          {
            "color": "#DA291C",
            "long_name": "Manso / La Bordeta",
            "route_type": 3,
            "short_name": "91",
            "text_color": "#FFFFFF"
          },
          {
            "color": "#93107E",
            "long_name": "Pg. Marítim / Ernest Lluch",
            "route_type": 3,
            "short_name": "D20",
            "text_color": "#FFFFFF"
          },
          {
            "color": "#003888",
            "long_name": "Gornal / Besòs Verneda",
            "route_type": 3,
            "short_name": "H12",
            "text_color": "#FFFFFF"
          },
          {
            "color": "#003888",
            "long_name": "Pg. Zona Franca / Fòrum Campus Besòs",
            "route_type": 3,
            "short_name": "H16",
            "text_color": "#FFFFFF"
          },
          {
            "color": "#010101",
            "long_name": "Prat XPRES (Pl. Espanya - Av. Remolar)",
            "route_type": 3,
            "short_name": "X2",
            "text_color": "#FFFFFF"
          }
        ],
        "stop_id": "2.3935.700096",
        "stop_name": "Paral·lel - Pl Espanya"
      }
    },
    {
      "type": "Feature",
      "geometry": {
        "type": "Point",
        "coordinates": [
          2.134602,
          41.362972
        ]
      },
      "properties": {
        "routes": [
          {
            "color": "#003888",
            "long_name": "Gornal / Besòs Verneda",
            "route_type": 3,
            "short_name": "H12",
            "text_color": "#FFFFFF"
          }
        ],
        "stop_id": "2.3936.700227",
        "stop_name": "Radi - Gran Via"
      }
    },
    {
      "type": "Feature",
      "geometry": {
        "type": "Point",
        "coordinates": [
          2.132278,
          41.365279
        ]
      },
      "properties": {
        "routes": [
          {
            "color": "#6AB023",
            "long_name": "Districte Gran Via l'Hospitalet / Av. Esplugues",
            "route_type": 3,
            "short_name": "V1",
            "text_color": "#FFFFFF"
          }
        ],
        "stop_id": "2.3938.700223",
        "stop_name": "Ciutat de la Justícia"
      }
    },
    {
      "type": "Feature",
      "geometry": {
        "type": "Point",
        "coordinates": [
          2.149981,
          41.373506
        ]
      },
      "properties": {
        "routes": [],
        "stop_id": "2.7002.699747",
        "stop_name": "Alternativa per Fires - Pl Espanya"
      }
    },
    {
      "type": "Feature",
      "geometry": {
        "type": "Point",
        "coordinates": [
          2.131172,
          41.352065
        ]
      },
      "properties": {
        "routes": [],
        "stop_id": "2.7007.699947",
        "stop_name": "Aparcament C"
      }
    },
    {
      "type": "Feature",
      "geometry": {
        "type": "Point",
        "coordinates": [
          2.154872,
          41.36225
        ]
      },
      "properties": {
        "routes": [],
        "stop_id": "2.7015.690829",
        "stop_name": "Alternativa per Fires"
      }
    },
    {
      "type": "Feature",
      "geometry": {
        "type": "Point",
        "coordinates": [
          2.136337,
          41.376065
        ]
      },
      "properties": {
        "routes": [
          {
            "color": "#6AB023",
            "long_name": "Mare de Déu de Port / Pedralbes",
            "route_type": 3,
            "short_name": "V5",
            "text_color": "#FFFFFF"
          }
        ],
        "stop_id": "2.7019.695701",
        "stop_name": "Sant antoni - Pl de Sants"
      }
    },
    {
      "type": "Feature",
      "geometry": {
        "type": "Point",
        "coordinates": [
          2.166453,
          41.38835
        ]
      },
      "properties": {
        "routes": [
          {
            "color": "#DA291C",
            "long_name": "Pl. Catalunya / Collblanc",
            "route_type": 3,
            "short_name": "52",
            "text_color": "#FFFFFF"
          },
          {
            "color": "#DA291C",
            "long_name": "Estació del Nord / Cardenal Reig",
            "route_type": 3,
            "short_name": "54",
            "text_color": "#FFFFFF"
          },
          {
            "color": "#003888",
            "long_name": "Gornal / Besòs Verneda",
            "route_type": 3,
            "short_name": "H12",
            "text_color": "#FFFFFF"
          }
        ],
        "stop_id": "2.8085.700406",
        "stop_name": "Gran Via/Balmes"
      }
    },
    {
      "type": "Feature",
      "geometry": {
        "type": "Point",
        "coordinates": [
          2.160601,
          41.377104
        ]
      },
      "properties": {
        "routes": [
          {
            "color": "#6AB023",
            "long_name": "Poble-sec / Sarrià",
            "route_type": 3,
            "short_name": "V9",
            "text_color": "#FFFFFF"
          }
        ],
        "stop_id": "2.8158.700440",
        "stop_name": "Viladomat, 45"
      }
    },
    {
      "type": "Feature",
      "geometry": {
        "type": "Point",
        "coordinates": [
          2.169557,
          41.374848
        ]
      },
      "properties": {
        "routes": [
          {
            "color": "#937500",
            "long_name": "Llançadora Funicular",
            "route_type": 3,
            "short_name": "983",
            "text_color": "#FFFFFF"
          }
        ],
        "stop_id": "2.8233.682234",
        "stop_name": "Paral·lel - Nou de La Rambla"
      }
    },
    {
      "type": "Feature",
      "geometry": {
        "type": "Point",
        "coordinates": [
          2.133789,
          41.363772
        ]
      },
      "properties": {
        "routes": [
          {
            "color": "#003888",
            "long_name": "Gornal / Besòs Verneda",
            "route_type": 3,
            "short_name": "H12",
            "text_color": "#FFFFFF"
          }
        ],
        "stop_id": "2.8280.700241",
        "stop_name": "Ciutat de la Justícia - Final de trajecte"
      }
    },
    {
      "type": "Feature",
      "geometry": {
        "type": "Point",
        "coordinates": [
          2.080837,
          41.367099
        ]
      },
      "properties": {
        "routes": [
          {
            "color": "#DA291C",
            "long_name": "Pl. Catalunya / Cornellà",
            "route_type": 3,
            "short_name": "67",
            "text_color": "#FFFFFF"
          },
          {
            "color": "#DA291C",
            "long_name": "Circular Cornellà 1",
            "route_type": 3,
            "short_name": "95",
            "text_color": "#FFFFFF"
          }
        ],
        "stop_id": "2.8285.697855",
        "stop_name": "Sant Ildefons, s/n"
      }
    },
    {
      "type": "Feature",
      "geometry": {
        "type": "Point",
        "coordinates": [
          2.14809,
          41.373975
        ]
      },
      "properties": {
        "routes": [
          {
            "color": "#DA291C",
            "long_name": "Hospital Clínic / Polígon Zona Franca",
            "route_type": 3,
            "short_name": "109",
            "text_color": "#FFFFFF"
          },
          {
            "color": "#DA291C",
            "long_name": "Manso / La Bordeta",
            "route_type": 3,
            "short_name": "91",
            "text_color": "#FFFFFF"
          },
          {
            "color": "#003888",
            "long_name": "Gornal / Besòs Verneda",
            "route_type": 3,
            "short_name": "H12",
            "text_color": "#FFFFFF"
          },
          {
            "color": "#003888",
            "long_name": "Pg. Zona Franca / Fòrum Campus Besòs",
            "route_type": 3,
            "short_name": "H16",
            "text_color": "#FFFFFF"
          }
        ],
        "stop_id": "2.8373.680463",
        "stop_name": "Gran Via Corts Catalanes"
      }
    },
    {
      "type": "Feature",
      "geometry": {
        "type": "Point",
        "coordinates": [
          2.070632,
          41.359037
        ]
      },
      "properties": {
        "routes": [
          {
            "color": "#DA291C",
            "long_name": "Pl. Catalunya / Cornellà",
            "route_type": 3,
            "short_name": "67",
            "text_color": "#FFFFFF"
          },
          {
            "color": "#DA291C",
            "long_name": "Hospital Clínic / Cornellà",
            "route_type": 3,
            "short_name": "68",
            "text_color": "#FFFFFF"
          },
          {
            "color": "#DA291C",
            "long_name": "Circular Cornellà 1",
            "route_type": 3,
            "short_name": "95",
            "text_color": "#FFFFFF"
          }
        ],
        "stop_id": "2.8479.681704",
        "stop_name": "\u003cM\u003e Cornellà Centre"
      }
    },
    {
      "type": "Feature",
      "geometry": {
        "type": "Point",
        "coordinates": [
          2.068341,
          41.356707
        ]
      },
      "properties": {
        "routes": [
          {
            "color": "#DA291C",
            "long_name": "Circular Cornellà 2",
            "route_type": 3,
            "short_name": "94",
            "text_color": "#FFFFFF"
          }
        ],
        "stop_id": "2.8503.694158",
        "stop_name": "Ctra. Esplugues, 14"
      }
    },
    {
      "type": "Feature",
      "geometry": {
        "type": "Point",
        "coordinates": [
          2.122854,
          41.378997
        ]
      },
      "properties": {
        "routes": [
          {
            "color": "#DA291C",
            "long_name": "Les Corts",
            "route_type": 3,
            "short_name": "175",
            "text_color": "#FFFFFF"
          },
          {
            "color": "#003888",
            "long_name": "Ernest Lluch / Bon Pastor",
            "route_type": 3,
            "short_name": "H8",
            "text_color": "#FFFFFF"
          }
        ],
        "stop_id": "2.8535.699166",
        "stop_name": "Travessera de les Corts, 73-129"
      }
    },
    {
      "type": "Feature",
      "geometry": {
        "type": "Point",
        "coordinates": [
          2.14935,
          41.366185
        ]
      },
      "properties": {
        "routes": [],
        "stop_id": "2.8933.686656",
        "stop_name": "Estadi, 24-28"
      }
    },
    {
      "type": "Feature",
      "geometry": {
        "type": "Point",
        "coordinates": [
          2.151729,
          41.397401
        ]
      },
      "properties": {
        "routes": [
          {
            "color": "#DA291C",
            "long_name": "Estació de Sants / Roquetes",
            "route_type": 3,
            "short_name": "27",
            "text_color": "#FFFFFF"
          },
          {
            "color": "#93107E",
            "long_name": "Pl. Espanya / Canyelles",
            "route_type": 3,
            "short_name": "D40",
            "text_color": "#FFFFFF"
          }
        ],
        "stop_id": "2.8983.700420",
        "stop_name": "Travessera de Gràcia, 82"
      }
    },
    {
      "type": "Feature",
      "geometry": {
        "type": "Point",
        "coordinates": [
          2.150219,
          41.378136
        ]
      },
      "properties": {
        "routes": [
          {
            "color": "#6AB023",
            "long_name": "Pl. Espanya / Sarrià",
            "route_type": 3,
            "short_name": "V7",
            "text_color": "#FFFFFF"
          }
        ],
        "stop_id": "2.9196.700173",
        "stop_name": "Vilamarí - Diputació"
      }
    },
    {
      "type": "Feature",
      "geometry": {
        "type": "Point",
        "coordinates": [
          2.166207,
          41.403298
        ]
      },
      "properties": {
        "routes": [
          {
            "color": "#DA291C",
            "long_name": "Pg. Marítim / Canyelles",
            "route_type": 3,
            "short_name": "47",
            "text_color": "#FFFFFF"
          },
          {
            "color": "#003888",
            "long_name": "Ernest Lluch / Bon Pastor",
            "route_type": 3,
            "short_name": "H8",
            "text_color": "#FFFFFF"
          }
        ],
        "stop_id": "2.9294.690260",
        "stop_name": "Indústria, 26"
      }
    },
    {
      "type": "Feature",
      "geometry": {
        "type": "Point",
        "coordinates": [
          2.159071,
          41.4006
        ]
      },
      "properties": {
        "routes": [
          {
            "color": "#DA291C",
            "long_name": "Gràcia / Can Baró",
            "route_type": 3,
            "short_name": "114",
            "text_color": "#FFFFFF"
          },
          {
            "color": "#DA291C",
            "long_name": "Pl. Urquinaona / Pl. Catalana",
            "route_type": 3,
            "short_name": "39",
            "text_color": "#FFFFFF"
          }
        ],
        "stop_id": "2.9372.691345",
        "stop_name": "Torrent de l'Olla, 59"
      }
    },
    {
      "type": "Feature",
      "geometry": {
        "type": "Point",
        "coordinates": [
          2.18676,
          41.42239
        ]
      },
      "properties": {
        "routes": [
          {
            "color": "#DA291C",
            "long_name": "\u003cM\u003e Clot / Ciutat Meridiana",
            "route_type": 3,
            "short_name": "62",
            "text_color": "#FFFFFF"
          },
          {
            "color": "#DA291C",
            "long_name": "\u003cM\u003e La Sagrera / Montcada i Reixac",
            "route_type": 3,
            "short_name": "96",
            "text_color": "#FFFFFF"
          },
          {
            "color": "#003888",
            "long_name": "Ernest Lluch / Bon Pastor",
            "route_type": 3,
            "short_name": "H8",
            "text_color": "#FFFFFF"
          },
          {
            "color": "#6AB023",
            "long_name": "Pg. Marítim / Canyelles",
            "route_type": 3,
            "short_name": "V27",
            "text_color": "#FFFFFF"
          }
        ],
        "stop_id": "2.9392.691929",
        "stop_name": "Av. Meridiana, 277"
      }
    },
    {
      "type": "Feature",
      "geometry": {
        "type": "Point",
        "coordinates": [
          2.164773,
          41.369009
        ]
      },
      "properties": {
        "routes": [
          {
            "color": "#937500",
            "long_name": "Llançadora Funicular",
            "route_type": 3,
            "short_name": "983",
            "text_color": "#FFFFFF"
          }
        ],
        "stop_id": "2.9411.700245",
        "stop_name": "Miramar 17 - 29"
      }
    },
    {
      "type": "Feature",
      "geometry": {
        "type": "Point",
        "coordinates": [
          2.172995,
          41.372716
        ]
      },
      "properties": {
        "routes": [
          {
            "color": "#DA291C",
            "long_name": "Poble Sec",
            "route_type": 3,
            "short_name": "121",
            "text_color": "#FFFFFF"
          }
        ],
        "stop_id": "2.9491.692930",
        "stop_name": "Puigxuriguer, 42"
      }
    },
    {
      "type": "Feature",
      "geometry": {
        "type": "Point",
        "coordinates": [
          2.136074,
          41.351922
        ]
      },
      "properties": {
        "routes": [
          {
            "color": "#DA291C",
            "long_name": "La Marina",
            "route_type": 3,
            "short_name": "125",
            "text_color": "#FFFFFF"
          }
        ],
        "stop_id": "2.9621.696409",
        "stop_name": "Plom 5 - 7"
      }
    },
    {
      "type": "Feature",
      "geometry": {
        "type": "Point",
        "coordinates": [
          2.184609,
          41.428274
        ]
      },
      "properties": {
        "routes": [
          {
            "color": "#DA291C",
            "long_name": "\u003cM\u003e Clot / Ciutat Meridiana",
            "route_type": 3,
            "short_name": "62",
            "text_color": "#FFFFFF"
          },
          {
            "color": "#DA291C",
            "long_name": "\u003cM\u003e La Sagrera / Montcada i Reixac",
            "route_type": 3,
            "short_name": "96",
            "text_color": "#FFFFFF"
          },
          {
            "color": "#6AB023",
            "long_name": "Diagonal Mar / Roquetes",
            "route_type": 3,
            "short_name": "V29",
            "text_color": "#FFFFFF"
          }
        ],
        "stop_id": "2.9650.696202",
        "stop_name": "Fabra i Puig"
      }
    },
    {
      "type": "Feature",
      "geometry": {
        "type": "Point",
        "coordinates": [
          2.16144,
          41.377385
        ]
      },
      "properties": {
        "routes": [
          {
            "color": "#DA291C",
            "long_name": "Esq. de l'Eixample",
            "route_type": 3,
            "short_name": "141",
            "text_color": "#FFFFFF"
          }
        ],
        "stop_id": "2.9789.700438",
        "stop_name": "Manso, 45"
      }
    },
    {
      "type": "Feature",
      "geometry": {
        "type": "Point",
        "coordinates": [
          2.170729,
          41.372217
        ]
      },
      "properties": {
        "routes": [
          {
            "color": "#DA291C",
            "long_name": "Poble Sec",
            "route_type": 3,
            "short_name": "121",
            "text_color": "#FFFFFF"
          }
        ],
        "stop_id": "2.9791.697961",
        "stop_name": "Pg. Montjuïc, 38"
      }
    },
    {
      "type": "Feature",
      "geometry": {
        "type": "Point",
        "coordinates": [
          2.141632,
          41.379149
        ]
      },
      "properties": {
        "routes": [
          {
            "color": "#DA291C",
            "long_name": "Estació de Sants / Roquetes",
            "route_type": 3,
            "short_name": "27",
            "text_color": "#FFFFFF"
          },
          {
            "color": "#DA291C",
            "long_name": "Estació de Sants / Sant Joan Despí",
            "route_type": 3,
            "short_name": "78",
            "text_color": "#FFFFFF"
          },
          {
            "color": "#93107E",
            "long_name": "Pg. Marítim / Ernest Lluch",
            "route_type": 3,
            "short_name": "D20",
            "text_color": "#FFFFFF"
          },
          {
            "color": "#003888",
            "long_name": "Pl. Sants / Olímpic de Badalona",
            "route_type": 3,
            "short_name": "H10",
            "text_color": "#FFFFFF"
          }
        ],
        "stop_id": "2.9951.700270",
        "stop_name": "Pg. Sant Antoni, 53-55"
      }
    },
    {
      "type": "Feature",
      "geometry": {
        "type": "Point",
        "coordinates": [
          2.185744,
          41.422603
        ]
      },
      "properties": {
        "routes": [
          {
            "color": "#DA291C",
            "long_name": "\u003cM\u003e La Sagrera / Montcada i Reixac",
            "route_type": 3,
            "short_name": "96",
            "text_color": "#FFFFFF"
          }
        ],
        "stop_id": "2.9968.699876",
        "stop_name": "Juan de Garay, 116"
      }
    },
    {
      "type": "Feature",
      "geometry": {
        "type": "Point",
        "coordinates": [
          2.185745,
          41.422359
        ]
      },
      "properties": {
        "routes": [
          {
            "color": "#DA291C",
            "long_name": "Sant Andreu",
            "route_type": 3,
            "short_name": "126",
            "text_color": "#FFFFFF"
          }
        ],
        "stop_id": "2.9969.699878",
        "stop_name": "Juan de Garay, 114"
      }
    },
    {
      "type": "Feature",
      "geometry": {
        "type": "Point",
        "coordinates": [
          2.184587,
          41.429152
        ]
      },
      "properties": {
        "routes": [
          {
            "color": "#003888",
            "long_name": "Zona Universitària / Onze de Setembre",
            "route_type": 3,
            "short_name": "H6",
            "text_color": "#FFFFFF"
          }
        ],
        "stop_id": "2.9970.699880",
        "stop_name": "Concepción Arenal, 188-192"
      }
    },
    {
      "type": "Feature",
      "geometry": {
        "type": "Point",
        "coordinates": [
          2.183869,
          41.428827
        ]
      },
      "properties": {
        "routes": [
          {
            "color": "#DA291C",
            "long_name": "\u003cM\u003e Clot / Ciutat Meridiana",
            "route_type": 3,
            "short_name": "62",
            "text_color": "#FFFFFF"
          },
          {
            "color": "#DA291C",
            "long_name": "\u003cM\u003e La Sagrera / Montcada i Reixac",
            "route_type": 3,
            "short_name": "96",
            "text_color": "#FFFFFF"
          }
        ],
        "stop_id": "2.9977.699899",
        "stop_name": "Meridiana, 367"
      }
    },
    {
      "type": "Feature",
      "geometry": {
        "type": "Point",
        "coordinates": [
          2.185889,
          41.425763
        ]
      },
      "properties": {
        "routes": [
          {
            "color": "#DA291C",
            "long_name": "\u003cM\u003e Clot / Ciutat Meridiana",
            "route_type": 3,
            "short_name": "62",
            "text_color": "#FFFFFF"
          },
          {
            "color": "#DA291C",
            "long_name": "\u003cM\u003e La Sagrera / Montcada i Reixac",
            "route_type": 3,
            "short_name": "96",
            "text_color": "#FFFFFF"
          }
        ],
        "stop_id": "2.9978.699901",
        "stop_name": "Meridiana, 323"
      }
    },
    {
      "type": "Feature",
      "geometry": {
        "type": "Point",
        "coordinates": [
          2.187097,
          41.422661
        ]
      },
      "properties": {
        "routes": [
          {
            "color": "#DA291C",
            "long_name": "\u003cM\u003e Clot / Ciutat Meridiana",
            "route_type": 3,
            "short_name": "62",
            "text_color": "#FFFFFF"
          },
          {
            "color": "#003888",
            "long_name": "Ernest Lluch / Bon Pastor",
            "route_type": 3,
            "short_name": "H8",
            "text_color": "#FFFFFF"
          }
        ],
        "stop_id": "2.9979.699905",
        "stop_name": "Meridiana, 298"
      }
    },
    {
      "type": "Feature",
      "geometry": {
        "type": "Point",
        "coordinates": [
          2.186799,
          41.424803
        ]
      },
      "properties": {
        "routes": [
          {
            "color": "#DA291C",
            "long_name": "\u003cM\u003e Clot / Ciutat Meridiana",
            "route_type": 3,
            "short_name": "62",
            "text_color": "#FFFFFF"
          },
          {
            "color": "#DA291C",
            "long_name": "\u003cM\u003e La Sagrera / Montcada i Reixac",
            "route_type": 3,
            "short_name": "96",
            "text_color": "#FFFFFF"
          },
          {
            "color": "#6AB023",
            "long_name": "Diagonal Mar / Roquetes",
            "route_type": 3,
            "short_name": "V29",
            "text_color": "#FFFFFF"
          }
        ],
        "stop_id": "2.9980.699903",
        "stop_name": "Meridiana, 320"
      }
    },
    {
      "type": "Feature",
      "geometry": {
        "type": "Point",
        "coordinates": [
          2.183991,
          41.423852
        ]
      },
      "properties": {
        "routes": [
          {
            "color": "#6AB023",
            "long_name": "Diagonal Mar / Roquetes",
            "route_type": 3,
            "short_name": "V29",
            "text_color": "#FFFFFF"
          }
        ],
        "stop_id": "2.9981.699910",
        "stop_name": "Concepción Arenal, 103-105"
      }
    }
  ]
}
