{
  "type": "FeatureCollection",
  "features": [
    {
      "type": "Feature",
      "geometry": {
        "type": "Point",
        "coordinates": [
          2.107242,
          41.344677
        ]
      },
      "properties": {
        "routes": [
          {
            "color": "#CE1126",
            "long_name": "Hospital de Bellvitge - Fondo",
            "route_type": 1,
            "short_name": "L1",
            "text_color": "#FFFFFF"
          }
        ],
        "stop_id": "1.111",
        "stop_name": "Hospital de Bellvitge"
      }
    },
    {
      "type": "Feature",
      "geometry": {
        "type": "Point",
        "coordinates": [
          2.110917,
          41.350975
        ]
      },
      "properties": {
        "routes": [
          {
            "color": "#CE1126",
            "long_name": "Hospital de Bellvitge - Fondo",
            "route_type": 1,
            "short_name": "L1",
            "text_color": "#FFFFFF"
          }
        ],
        "stop_id": "1.112",
        "stop_name": "Bellvitge"
      }
    },
    {
      "type": "Feature",
      "geometry": {
        "type": "Point",
        "coordinates": [
          2.102632,
          41.358553
        ]
      },
      "properties": {
        "routes": [
          {
            "color": "#CE1126",
            "long_name": "Hospital de Bellvitge - Fondo",
            "route_type": 1,
            "short_name": "L1",
            "text_color": "#FFFFFF"
          }
        ],
        "stop_id": "1.113",
        "stop_name": "Av. Carrilet"
      }
    },
    {
      "type": "Feature",
      "geometry": {
        "type": "Point",
        "coordinates": [
          2.099749,
          41.36409
        ]
      },
      "properties": {
        "routes": [
          {
            "color": "#CE1126",
            "long_name": "Hospital de Bellvitge - Fondo",
            "route_type": 1,
            "short_name": "L1",
            "text_color": "#FFFFFF"
          }
        ],
        "stop_id": "1.114",
        "stop_name": "Rambla Just Oliveras"
      }
    },
    {
      "type": "Feature",
      "geometry": {
        "type": "Point",
        "coordinates": [
          2.102758,
          41.367694
        ]
      },
      "properties": {
        "routes": [
          {
            "color": "#CE1126",
            "long_name": "Hospital de Bellvitge - Fondo",
            "route_type": 1,
            "short_name": "L1",
            "text_color": "#FFFFFF"
          }
        ],
        "stop_id": "1.115",
        "stop_name": "Can Serra"
      }
    },
    {
      "type": "Feature",
      "geometry": {
        "type": "Point",
        "coordinates": [
          2.110027,
          41.368316
        ]
      },
      "properties": {
        "routes": [
          {
            "color": "#CE1126",
            "long_name": "Hospital de Bellvitge - Fondo",
            "route_type": 1,
            "short_name": "L1",
            "text_color": "#FFFFFF"
          }
        ],
        "stop_id": "1.116",
        "stop_name": "Florida"
      }
    },
    {
      "type": "Feature",
      "geometry": {
        "type": "Point",
        "coordinates": [
          2.116594,
          41.368396
        ]
      },
      "properties": {
        "routes": [
          {
            "color": "#CE1126",
            "long_name": "Hospital de Bellvitge - Fondo",
            "route_type": 1,
            "short_name": "L1",
            "text_color": "#FFFFFF"
          }
        ],
        "stop_id": "1.117",
        "stop_name": "Torrassa"
      }
    },
    {
      "type": "Feature",
      "geometry": {
        "type": "Point",
        "coordinates": [
          2.115756,
          41.368223
        ]
      },
      "properties": {
        "routes": [
          {
            "color": "#00A6D6",
            "long_name": "ZAL | Riu Vell - Collblanc",
            "route_type": 1,
            "short_name": "L10S",
            "text_color": "#FFFFFF"
          },
          {
            "color": "#FB712B",
            "long_name": "Aeroport T1 - Zona Universitària",
            "route_type": 1,
            "short_name": "L9S",
            "text_color": "#FFFFFF"
          }
        ],
        "stop_id": "1.915",
        "stop_name": "Torrassa"
      }
    },
    {
      "type": "Feature",
      "geometry": {
        "type": "Point",
        "coordinates": [
          2.128617,
          41.368816
        ]
      },
      "properties": {
        "routes": [
          {
            "color": "#CE1126",
            "long_name": "Hospital de Bellvitge - Fondo",
            "route_type": 1,
            "short_name": "L1",
            "text_color": "#FFFFFF"
          }
        ],
        "stop_id": "1.118",
        "stop_name": "Santa Eulàlia"
      }
    },
    {
      "type": "Feature",
      "geometry": {
        "type": "Point",
        "coordinates": [
          2.133536,
          41.373003
        ]
      },
      "properties": {
        "routes": [
          {
            "color": "#CE1126",
            "long_name": "Hospital de Bellvitge - Fondo",
            "route_type": 1,
            "short_name": "L1",
            "text_color": "#FFFFFF"
          }
        ],
        "stop_id": "1.119",
        "stop_name": "Mercat Nou"
      }
    },
    {
      "type": "Feature",
      "geometry": {
        "type": "Point",
        "coordinates": [
          2.138154,
          41.375353
        ]
      },
      "properties": {
        "routes": [
          {
            "color": "#CE1126",
            "long_name": "Hospital de Bellvitge - Fondo",
            "route_type": 1,
            "short_name": "L1",
            "text_color": "#FFFFFF"
          }
        ],
        "stop_id": "1.120",
        "stop_name": "Plaça de Sants"
      }
    },
    {
      "type": "Feature",
      "geometry": {
        "type": "Point",
        "coordinates": [
          2.135159,
          41.375727
        ]
      },
      "properties": {
        "routes": [
          {
            "color": "#005A97",
            "long_name": "Cornellà Centre - Vall d'Hebron",
            "route_type": 1,
            "short_name": "L5",
            "text_color": "#FFFFFF"
          }
        ],
        "stop_id": "1.517",
        "stop_name": "Plaça de Sants"
      }
    },
    {
      "type": "Feature",
      "geometry": {
        "type": "Point",
        "coordinates": [
          2.143291,
          41.375254
        ]
      },
      "properties": {
        "routes": [
          {
            "color": "#CE1126",
            "long_name": "Hospital de Bellvitge - Fondo",
            "route_type": 1,
            "short_name": "L1",
            "text_color": "#FFFFFF"
          }
        ],
        "stop_id": "1.121",
        "stop_name": "Hostafrancs"
      }
    },
    {
      "type": "Feature",
      "geometry": {
        "type": "Point",
        "coordinates": [
          2.149382,
          41.37551
        ]
      },
      "properties": {
        "routes": [
          {
            "color": "#CE1126",
            "long_name": "Hospital de Bellvitge - Fondo",
            "route_type": 1,
            "short_name": "L1",
            "text_color": "#FFFFFF"
          }
        ],
        "stop_id": "1.122",
        "stop_name": "Espanya"
      }
    },
    {
      "type": "Feature",
      "geometry": {
        "type": "Point",
        "coordinates": [
          2.151555,
          41.375018
        ]
      },
      "properties": {
        "routes": [
          {
            "color": "#1EB53A",
            "long_name": "Zona Universitària - Trinitat Nova",
            "route_type": 1,
            "short_name": "L3",
            "text_color": "#FFFFFF"
          }
        ],
        "stop_id": "1.321",
        "stop_name": "Espanya"
      }
    },
    {
      "type": "Feature",
      "geometry": {
        "type": "Point",
        "coordinates": [
          2.154562,
          41.379232
        ]
      },
      "properties": {
        "routes": [
          {
            "color": "#CE1126",
            "long_name": "Hospital de Bellvitge - Fondo",
            "route_type": 1,
            "short_name": "L1",
            "text_color": "#FFFFFF"
          }
        ],
        "stop_id": "1.123",
        "stop_name": "Rocafort"
      }
    },
    {
      "type": "Feature",
      "geometry": {
        "type": "Point",
        "coordinates": [
          2.158891,
          41.382487
        ]
      },
      "properties": {
        "routes": [
          {
            "color": "#CE1126",
            "long_name": "Hospital de Bellvitge - Fondo",
            "route_type": 1,
            "short_name": "L1",
            "text_color": "#FFFFFF"
          }
        ],
        "stop_id": "1.124",
        "stop_name": "Urgell"
      }
    },
    {
      "type": "Feature",
      "geometry": {
        "type": "Point",
        "coordinates": [
          2.164284,
          41.385815
        ]
      },
      "properties": {
        "routes": [
          {
            "color": "#CE1126",
            "long_name": "Hospital de Bellvitge - Fondo",
            "route_type": 1,
            "short_name": "L1",
            "text_color": "#FFFFFF"
          }
        ],
        "stop_id": "1.125",
        "stop_name": "Universitat"
      }
    },
    {
      "type": "Feature",
      "geometry": {
        "type": "Point",
        "coordinates": [
          2.163913,
          41.384768
        ]
      },
      "properties": {
        "routes": [
          {
            "color": "#93248F",
            "long_name": "Paral·lel - Badalona Pompeu Fabra",
            "route_type": 1,
            "short_name": "L2",
            "text_color": "#FFFFFF"
          }
        ],
        "stop_id": "1.212",
        "stop_name": "Universitat"
      }
    },
    {
      "type": "Feature",
      "geometry": {
        "type": "Point",
        "coordinates": [
          2.168995,
          41.387489
        ]
      },
      "properties": {
        "routes": [
          {
            "color": "#CE1126",
            "long_name": "Hospital de Bellvitge - Fondo",
            "route_type": 1,
            "short_name": "L1",
            "text_color": "#FFFFFF"
          }
        ],
        "stop_id": "1.126",
        "stop_name": "Catalunya"
      }
    },
    {
      "type": "Feature",
      "geometry": {
        "type": "Point",
        "coordinates": [
          2.170092,
          41.386322
        ]
      },
      "properties": {
        "routes": [
          {
            "color": "#1EB53A",
            "long_name": "Zona Universitària - Trinitat Nova",
            "route_type": 1,
            "short_name": "L3",
            "text_color": "#FFFFFF"
          }
        ],
        "stop_id": "1.326",
        "stop_name": "Catalunya"
      }
    },
    {
      "type": "Feature",
      "geometry": {
        "type": "Point",
        "coordinates": [
          2.174567,
          41.389636
        ]
      },
      "properties": {
        "routes": [
          {
            "color": "#CE1126",
            "long_name": "Hospital de Bellvitge - Fondo",
            "route_type": 1,
            "short_name": "L1",
            "text_color": "#FFFFFF"
          }
        ],
        "stop_id": "1.127",
        "stop_name": "Urquinaona"
      }
    },
    {
      "type": "Feature",
      "geometry": {
        "type": "Point",
        "coordinates": [
          2.173445,
          41.387961
        ]
      },
      "properties": {
        "routes": [
          {
            "color": "#F7A30E",
            "long_name": "La Pau - Trinitat Nova",
            "route_type": 1,
            "short_name": "L4",
            "text_color": "#000000"
          }
        ],
        "stop_id": "1.424",
        "stop_name": "Urquinaona"
      }
    },
    {
      "type": "Feature",
      "geometry": {
        "type": "Point",
        "coordinates": [
          2.181165,
          41.392337
        ]
      },
      "properties": {
        "routes": [
          {
            "color": "#CE1126",
            "long_name": "Hospital de Bellvitge - Fondo",
            "route_type": 1,
            "short_name": "L1",
            "text_color": "#FFFFFF"
          }
        ],
        "stop_id": "1.128",
        "stop_name": "Arc de Triomf"
      }
    },
    {
      "type": "Feature",
      "geometry": {
        "type": "Point",
        "coordinates": [
          2.169117,
          41.375004
        ]
      },
      "properties": {
        "routes": [
          {
            "color": "#93248F",
            "long_name": "Paral·lel - Badalona Pompeu Fabra",
            "route_type": 1,
            "short_name": "L2",
            "text_color": "#FFFFFF"
          }
        ],
        "stop_id": "1.210",
        "stop_name": "Paral·lel"
      }
    },
    {
      "type": "Feature",
      "geometry": {
        "type": "Point",
        "coordinates": [
          2.169118,
          41.374892
        ]
      },
      "properties": {
        "routes": [
          {
            "color": "#1EB53A",
            "long_name": "Zona Universitària - Trinitat Nova",
            "route_type": 1,
            "short_name": "L3",
            "text_color": "#FFFFFF"
          }
        ],
        "stop_id": "1.323",
        "stop_name": "Paral·lel"
      }
    },
    {
      "type": "Feature",
      "geometry": {
        "type": "Point",
        "coordinates": [
          2.163241,
          41.379833
        ]
      },
      "properties": {
        "routes": [
          {
            "color": "#93248F",
            "long_name": "Paral·lel - Badalona Pompeu Fabra",
            "route_type": 1,
            "short_name": "L2",
            "text_color": "#FFFFFF"
          }
        ],
        "stop_id": "1.211",
        "stop_name": "Sant Antoni"
      }
    },
    {
      "type": "Feature",
      "geometry": {
        "type": "Point",
        "coordinates": [
          2.168243,
          41.389416
        ]
      },
      "properties": {
        "routes": [
          {
            "color": "#93248F",
            "long_name": "Paral·lel - Badalona Pompeu Fabra",
            "route_type": 1,
            "short_name": "L2",
            "text_color": "#FFFFFF"
          }
        ],
        "stop_id": "1.213",
        "stop_name": "Passeig de Gràcia"
      }
    },
    {
      "type": "Feature",
      "geometry": {
        "type": "Point",
        "coordinates": [
          2.167846,
          41.390057
        ]
      },
      "properties": {
        "routes": [
          {
            "color": "#F7A30E",
            "long_name": "La Pau - Trinitat Nova",
            "route_type": 1,
            "short_name": "L4",
            "text_color": "#000000"
          }
        ],
        "stop_id": "1.425",
        "stop_name": "Passeig de Gràcia"
      }
    },
    {
      "type": "Feature",
      "geometry": {
        "type": "Point",
        "coordinates": [
          2.111179,
          41.384115
        ]
      },
      "properties": {
        "routes": [
          {
            "color": "#1EB53A",
            "long_name": "Zona Universitària - Trinitat Nova",
            "route_type": 1,
            "short_name": "L3",
            "text_color": "#FFFFFF"
          }
        ],
        "stop_id": "1.314",
        "stop_name": "Zona Universitària"
      }
    },
    {
      "type": "Feature",
      "geometry": {
        "type": "Point",
        "coordinates": [
          2.111621,
          41.383742
        ]
      },
      "properties": {
        "routes": [
          {
            "color": "#FB712B",
            "long_name": "Aeroport T1 - Zona Universitària",
            "route_type": 1,
            "short_name": "L9S",
            "text_color": "#FFFFFF"
          }
        ],
        "stop_id": "1.918",
        "stop_name": "Zona Universitària"
      }
    },
    {
      "type": "Feature",
      "geometry": {
        "type": "Point",
        "coordinates": [
          2.125791,
          41.387816
        ]
      },
      "properties": {
        "routes": [
          {
            "color": "#1EB53A",
            "long_name": "Zona Universitària - Trinitat Nova",
            "route_type": 1,
            "short_name": "L3",
            "text_color": "#FFFFFF"
          }
        ],
        "stop_id": "1.316",
        "stop_name": "Maria Cristina"
      }
    },
    {
      "type": "Feature",
      "geometry": {
        "type": "Point",
        "coordinates": [
          2.130871,
          41.38412
        ]
      },
      "properties": {
        "routes": [
          {
            "color": "#1EB53A",
            "long_name": "Zona Universitària - Trinitat Nova",
            "route_type": 1,
            "short_name": "L3",
            "text_color": "#FFFFFF"
          }
        ],
        "stop_id": "1.317",
        "stop_name": "Les Corts"
      }
    },
    {
      "type": "Feature",
      "geometry": {
        "type": "Point",
        "coordinates": [
          2.135884,
          41.381922
        ]
      },
      "properties": {
        "routes": [
          {
            "color": "#1EB53A",
            "long_name": "Zona Universitària - Trinitat Nova",
            "route_type": 1,
            "short_name": "L3",
            "text_color": "#FFFFFF"
          }
        ],
        "stop_id": "1.318",
        "stop_name": "Plaça del Centre"
      }
    },
    {
      "type": "Feature",
      "geometry": {
        "type": "Point",
        "coordinates": [
          2.140992,
          41.381598
        ]
      },
      "properties": {
        "routes": [
          {
            "color": "#1EB53A",
            "long_name": "Zona Universitària - Trinitat Nova",
            "route_type": 1,
            "short_name": "L3",
            "text_color": "#FFFFFF"
          }
        ],
        "stop_id": "1.319",
        "stop_name": "Sants Estació"
      }
    },
    {
      "type": "Feature",
      "geometry": {
        "type": "Point",
        "coordinates": [
          2.140398,
          41.379955
        ]
      },
      "properties": {
        "routes": [
          {
            "color": "#005A97",
            "long_name": "Cornellà Centre - Vall d'Hebron",
            "route_type": 1,
            "short_name": "L5",
            "text_color": "#FFFFFF"
          }
        ],
        "stop_id": "1.518",
        "stop_name": "Sants Estació"
      }
    },
    {
      "type": "Feature",
      "geometry": {
        "type": "Point",
        "coordinates": [
          2.145336,
          41.378493
        ]
      },
      "properties": {
        "routes": [
          {
            "color": "#1EB53A",
            "long_name": "Zona Universitària - Trinitat Nova",
            "route_type": 1,
            "short_name": "L3",
            "text_color": "#FFFFFF"
          }
        ],
        "stop_id": "1.320",
        "stop_name": "Tarragona"
      }
    },
    {
      "type": "Feature",
      "geometry": {
        "type": "Point",
        "coordinates": [
          2.160245,
          41.374996
        ]
      },
      "properties": {
        "routes": [
          {
            "color": "#1EB53A",
            "long_name": "Zona Universitària - Trinitat Nova",
            "route_type": 1,
            "short_name": "L3",
            "text_color": "#FFFFFF"
          }
        ],
        "stop_id": "1.322",
        "stop_name": "Poble Sec"
      }
    },
    {
      "type": "Feature",
      "geometry": {
        "type": "Point",
        "coordinates": [
          2.099445,
          41.371279
        ]
      },
      "properties": {
        "routes": [
          {
            "color": "#005A97",
            "long_name": "Cornellà Centre - Vall d'Hebron",
            "route_type": 1,
            "short_name": "L5",
            "text_color": "#FFFFFF"
          }
        ],
        "stop_id": "1.513",
        "stop_name": "Can Vidalet"
      }
    },
    {
      "type": "Feature",
      "geometry": {
        "type": "Point",
        "coordinates": [
          2.107209,
          41.373838
        ]
      },
      "properties": {
        "routes": [
          {
            "color": "#005A97",
            "long_name": "Cornellà Centre - Vall d'Hebron",
            "route_type": 1,
            "short_name": "L5",
            "text_color": "#FFFFFF"
          }
        ],
        "stop_id": "1.514",
        "stop_name": "Pubilla Cases"
      }
    },
    {
      "type": "Feature",
      "geometry": {
        "type": "Point",
        "coordinates": [
          2.119195,
          41.375743
        ]
      },
      "properties": {
        "routes": [
          {
            "color": "#005A97",
            "long_name": "Cornellà Centre - Vall d'Hebron",
            "route_type": 1,
            "short_name": "L5",
            "text_color": "#FFFFFF"
          }
        ],
        "stop_id": "1.515",
        "stop_name": "Collblanc"
      }
    },
    {
      "type": "Feature",
      "geometry": {
        "type": "Point",
        "coordinates": [
          2.118397,
          41.376056
        ]
      },
      "properties": {
        "routes": [
          {
            "color": "#00A6D6",
            "long_name": "ZAL | Riu Vell - Collblanc",
            "route_type": 1,
            "short_name": "L10S",
            "text_color": "#FFFFFF"
          },
          {
            "color": "#FB712B",
            "long_name": "Aeroport T1 - Zona Universitària",
            "route_type": 1,
            "short_name": "L9S",
            "text_color": "#FFFFFF"
          }
        ],
        "stop_id": "1.916",
        "stop_name": "Collblanc"
      }
    },
    {
      "type": "Feature",
      "geometry": {
        "type": "Point",
        "coordinates": [
          2.127402,
          41.375581
        ]
      },
      "properties": {
        "routes": [
          {
            "color": "#005A97",
            "long_name": "Cornellà Centre - Vall d'Hebron",
            "route_type": 1,
            "short_name": "L5",
            "text_color": "#FFFFFF"
          }
        ],
        "stop_id": "1.516",
        "stop_name": "Badal"
      }
    },
    {
      "type": "Feature",
      "geometry": {
        "type": "Point",
        "coordinates": [
          2.145619,
          41.384467
        ]
      },
      "properties": {
        "routes": [
          {
            "color": "#005A97",
            "long_name": "Cornellà Centre - Vall d'Hebron",
            "route_type": 1,
            "short_name": "L5",
            "text_color": "#FFFFFF"
          }
        ],
        "stop_id": "1.519",
        "stop_name": "Entença"
      }
    },
    {
      "type": "Feature",
      "geometry": {
        "type": "Point",
        "coordinates": [
          2.112027,
          41.375898
        ]
      },
      "properties": {
        "routes": [
          {
            "color": "#005A97",
            "long_name": "Cornellà Centre - Vall d'Hebron",
            "route_type": 1,
            "short_name": "L5",
            "text_color": "#FFFFFF"
          }
        ],
        "stop_id": "1.555",
        "stop_name": "Ernest Lluch"
      }
    },
    {
      "type": "Feature",
      "geometry": {
        "type": "Point",
        "coordinates": [
          2.103073,
          41.329119
        ]
      },
      "properties": {
        "routes": [
          {
            "color": "#FB712B",
            "long_name": "Aeroport T1 - Zona Universitària",
            "route_type": 1,
            "short_name": "L9S",
            "text_color": "#FFFFFF"
          }
        ],
        "stop_id": "1.909",
        "stop_name": "Les Moreres"
      }
    },
    {
      "type": "Feature",
      "geometry": {
        "type": "Point",
        "coordinates": [
          2.111254,
          41.333485
        ]
      },
      "properties": {
        "routes": [
          {
            "color": "#FB712B",
            "long_name": "Aeroport T1 - Zona Universitària",
            "route_type": 1,
            "short_name": "L9S",
            "text_color": "#FFFFFF"
          }
        ],
        "stop_id": "1.910",
        "stop_name": "Mercabarna"
      }
    },
    {
      "type": "Feature",
      "geometry": {
        "type": "Point",
        "coordinates": [
          2.127401,
          41.341664
        ]
      },
      "properties": {
        "routes": [
          {
            "color": "#FB712B",
            "long_name": "Aeroport T1 - Zona Universitària",
            "route_type": 1,
            "short_name": "L9S",
            "text_color": "#FFFFFF"
          }
        ],
        "stop_id": "1.911",
        "stop_name": "Parc Logístic"
      }
    },
    {
      "type": "Feature",
      "geometry": {
        "type": "Point",
        "coordinates": [
          2.130452,
          41.351988
        ]
      },
      "properties": {
        "routes": [
          {
            "color": "#FB712B",
            "long_name": "Aeroport T1 - Zona Universitària",
            "route_type": 1,
            "short_name": "L9S",
            "text_color": "#FFFFFF"
          }
        ],
        "stop_id": "1.912",
        "stop_name": "Fira"
      }
    },
    {
      "type": "Feature",
      "geometry": {
        "type": "Point",
        "coordinates": [
          2.125924,
          41.35756
        ]
      },
      "properties": {
        "routes": [
          {
            "color": "#FB712B",
            "long_name": "Aeroport T1 - Zona Universitària",
            "route_type": 1,
            "short_name": "L9S",
            "text_color": "#FFFFFF"
          }
        ],
        "stop_id": "1.913",
        "stop_name": "Europa | Fira"
      }
    },
    {
      "type": "Feature",
      "geometry": {
        "type": "Point",
        "coordinates": [
          2.117993,
          41.360894
        ]
      },
      "properties": {
        "routes": [
          {
            "color": "#00A6D6",
            "long_name": "ZAL | Riu Vell - Collblanc",
            "route_type": 1,
            "short_name": "L10S",
            "text_color": "#FFFFFF"
          },
          {
            "color": "#FB712B",
            "long_name": "Aeroport T1 - Zona Universitària",
            "route_type": 1,
            "short_name": "L9S",
            "text_color": "#FFFFFF"
          }
        ],
        "stop_id": "1.914",
        "stop_name": "Can Tries | Gornal"
      }
    },
    {
      "type": "Feature",
      "geometry": {
        "type": "Point",
        "coordinates": [
          2.140657,
          41.335983
        ]
      },
      "properties": {
        "routes": [
          {
            "color": "#00A6D6",
            "long_name": "ZAL | Riu Vell - Collblanc",
            "route_type": 1,
            "short_name": "L10S",
            "text_color": "#FFFFFF"
          }
        ],
        "stop_id": "1.953",
        "stop_name": "Port Comercial | La Factoria"
      }
    },
    {
      "type": "Feature",
      "geometry": {
        "type": "Point",
        "coordinates": [
          2.144964,
          41.342976
        ]
      },
      "properties": {
        "routes": [
          {
            "color": "#00A6D6",
            "long_name": "ZAL | Riu Vell - Collblanc",
            "route_type": 1,
            "short_name": "L10S",
            "text_color": "#FFFFFF"
          }
        ],
        "stop_id": "1.954",
        "stop_name": "Zona Franca"
      }
    },
    {
      "type": "Feature",
      "geometry": {
        "type": "Point",
        "coordinates": [
          2.141804,
          41.356161
        ]
      },
      "properties": {
        "routes": [
          {
            "color": "#00A6D6",
            "long_name": "ZAL | Riu Vell - Collblanc",
            "route_type": 1,
            "short_name": "L10S",
            "text_color": "#FFFFFF"
          }
        ],
        "stop_id": "1.956",
        "stop_name": "Foc"
      }
    },
    {
      "type": "Feature",
      "geometry": {
        "type": "Point",
        "coordinates": [
          2.138229,
          41.361099
        ]
      },
      "properties": {
        "routes": [
          {
            "color": "#00A6D6",
            "long_name": "ZAL | Riu Vell - Collblanc",
            "route_type": 1,
            "short_name": "L10S",
            "text_color": "#FFFFFF"
          }
        ],
        "stop_id": "1.957",
        "stop_name": "Foneria"
      }
    },
    {
      "type": "Feature",
      "geometry": {
        "type": "Point",
        "coordinates": [
          2.132315,
          41.363137
        ]
      },
      "properties": {
        "routes": [
          {
            "color": "#00A6D6",
            "long_name": "ZAL | Riu Vell - Collblanc",
            "route_type": 1,
            "short_name": "L10S",
            "text_color": "#FFFFFF"
          }
        ],
        "stop_id": "1.958",
        "stop_name": "Ciutat de la Justícia"
      }
    },
    {
      "type": "Feature",
      "geometry": {
        "type": "Point",
        "coordinates": [
          2.1241,
          41.361354
        ]
      },
      "properties": {
        "routes": [
          {
            "color": "#00A6D6",
            "long_name": "ZAL | Riu Vell - Collblanc",
            "route_type": 1,
            "short_name": "L10S",
            "text_color": "#FFFFFF"
          }
        ],
        "stop_id": "1.959",
        "stop_name": "Provençana"
      }
    },
    {
      "type": "Feature",
      "geometry": {
        "type": "Point",
        "coordinates": [
          2.16331,
          41.385907
        ]
      },
      "properties": {
        "routes": [
          {
            "color": "#DA291C",
            "long_name": "Pl. Catalunya / Collblanc",
            "route_type": 3,
            "short_name": "52",
            "text_color": "#FFFFFF"
          },
          {
            "color": "#003888",
            "long_name": "Gornal / Besòs Verneda",
            "route_type": 3,
            "short_name": "H12",
            "text_color": "#FFFFFF"
          }
        ],
        "stop_id": "2.7.674433",
        "stop_name": "Pl Universitat"
      }
    },
    {
      "type": "Feature",
      "geometry": {
        "type": "Point",
        "coordinates": [
          2.150118,
          41.371045
        ]
      },
      "properties": {
        "routes": [
          {
            "color": "#DA291C",
            "long_name": "Mercat Sant Antoni / Parc de Montjuïc",
            "route_type": 3,
            "short_name": "13",
            "text_color": "#FFFFFF"
          },
          {
            "color": "#DA291C",
            "long_name": "Pl. Espanya / Castell de Montjuïc",
            "route_type": 3,
            "short_name": "150",
            "text_color": "#FFFFFF"
          },
          {
            "color": "#010101",
            "long_name": "Paral·lel - L'Hospitalet (Av. Carrilet)",
            "route_type": 3,
            "short_name": "X3",
            "text_color": "#FFFFFF"
          }
        ],
        "stop_id": "2.8.674595",
        "stop_name": "Pl de Carles Buïgas"
      }
    },
    {
      "type": "Feature",
      "geometry": {
        "type": "Point",
        "coordinates": [
          2.13359,
          41.389623
        ]
      },
      "properties": {
        "routes": [
          {
            "color": "#DA291C",
            "long_name": "Zona Universitària / Verneda",
            "route_type": 3,
            "short_name": "33",
            "text_color": "#FFFFFF"
          },
          {
            "color": "#DA291C",
            "long_name": "Pg. Manuel Girona / Pl. Virrei Amat",
            "route_type": 3,
            "short_name": "34",
            "text_color": "#FFFFFF"
          },
          {
            "color": "#DA291C",
            "long_name": "Pg. Manuel Girona / Poblenou",
            "route_type": 3,
            "short_name": "6",
            "text_color": "#FFFFFF"
          },
          {
            "color": "#DA291C",
            "long_name": "Pl.Catalunya / Sant Joan Despí",
            "route_type": 3,
            "short_name": "63",
            "text_color": "#FFFFFF"
          },
          {
            "color": "#DA291C",
            "long_name": "Pl. Catalunya / Cornellà",
            "route_type": 3,
            "short_name": "67",
            "text_color": "#FFFFFF"
          },
          {
            "color": "#DA291C",
            "long_name": "Fòrum / Zona Universitària",
            "route_type": 3,
            "short_name": "7",
            "text_color": "#FFFFFF"
          }
        ],
        "stop_id": "2.42.676832",
        "stop_name": "Diagonal - L'Illa Diagonal"
      }
    },
    {
      "type": "Feature",
      "geometry": {
        "type": "Point",
        "coordinates": [
          2.139079,
          41.359826
        ]
      },
      "properties": {
        "routes": [
          {
            "color": "#DA291C",
            "long_name": "Hospital Clínic / Polígon Zona Franca",
            "route_type": 3,
            "short_name": "109",
            "text_color": "#FFFFFF"
          },
          {
            "color": "#003888",
            "long_name": "Pg. Zona Franca / Fòrum Campus Besòs",
            "route_type": 3,
            "short_name": "H16",
            "text_color": "#FFFFFF"
          },
          {
            "color": "#6AB023",
            "long_name": "Zona Franca / Can Caralleu",
            "route_type": 3,
            "short_name": "V3",
            "text_color": "#FFFFFF"
          }
        ],
        "stop_id": "2.43.676644",
        "stop_name": "Pg Zona Franca - Foneria"
      }
    },
    {
      "type": "Feature",
      "geometry": {
        "type": "Point",
        "coordinates": [
          2.141539,
          41.356863
        ]
      },
      "properties": {
        "routes": [
          {
            "color": "#DA291C",
            "long_name": "Hospital Clínic / Polígon Zona Franca",
            "route_type": 3,
            "short_name": "109",
            "text_color": "#FFFFFF"
          },
          {
            "color": "#003888",
            "long_name": "Pg. Zona Franca / Fòrum Campus Besòs",
            "route_type": 3,
            "short_name": "H16",
            "text_color": "#FFFFFF"
          },
          {
            "color": "#6AB023",
            "long_name": "Zona Franca / Can Caralleu",
            "route_type": 3,
            "short_name": "V3",
            "text_color": "#FFFFFF"
          }
        ],
        "stop_id": "2.44.695313",
        "stop_name": "Pg Zona Franca - Foc"
      }
    },
    {
      "type": "Feature",
      "geometry": {
        "type": "Point",
        "coordinates": [
          2.155467,
          41.384574
        ]
      },
      "properties": {
        "routes": [
          {
            "color": "#6AB023",
            "long_name": "Estació Marítima (WTC) / Bonanova",
            "route_type": 3,
            "short_name": "V11",
            "text_color": "#FFFFFF"
          }
        ],
        "stop_id": "2.54.676582",
        "stop_name": "Comte d'Urgell - Aragó"
      }
    },
    {
      "type": "Feature",
      "geometry": {
        "type": "Point",
        "coordinates": [
          2.158017,
          41.386039
        ]
      },
      "properties": {
        "routes": [
          {
            "color": "#DA291C",
            "long_name": "Poblenou / Pl. Reina Maria Cristina",
            "route_type": 3,
            "short_name": "59",
            "text_color": "#FFFFFF"
          }
        ],
        "stop_id": "2.56.674585",
        "stop_name": "Casanova - Aragó"
      }
    },
    {
      "type": "Feature",
      "geometry": {
        "type": "Point",
        "coordinates": [
          2.150088,
          41.380083
        ]
      },
      "properties": {
        "routes": [
          {
            "color": "#6AB023",
            "long_name": "Poble-sec / Sarrià",
            "route_type": 3,
            "short_name": "V9",
            "text_color": "#FFFFFF"
          }
        ],
        "stop_id": "2.59.674898",
        "stop_name": "Entença - Consell de Cent"
      }
    },
    {
      "type": "Feature",
      "geometry": {
        "type": "Point",
        "coordinates": [
          2.120214,
          41.352763
        ]
      },
      "properties": {
        "routes": [
          {
            "color": "#DA291C",
            "long_name": "Pl. Espanya / Aeroport BCN",
            "route_type": 3,
            "short_name": "46",
            "text_color": "#FFFFFF"
          },
          {
            "color": "#DA291C",
            "long_name": "Pl. Espanya / El Prat",
            "route_type": 3,
            "short_name": "65",
            "text_color": "#FFFFFF"
          },
          {
            "color": "#003888",
            "long_name": "Gornal / Besòs Verneda",
            "route_type": 3,
            "short_name": "H12",
            "text_color": "#FFFFFF"
          }
        ],
        "stop_id": "2.91.682021",
        "stop_name": "Av Granvia - Miguel Hernández"
      }
    },
    {
      "type": "Feature",
      "geometry": {
        "type": "Point",
        "coordinates": [
          2.126577,
          41.358353
        ]
      },
      "properties": {
        "routes": [
          {
            "color": "#DA291C",
            "long_name": "Pl. Espanya / Aeroport BCN",
            "route_type": 3,
            "short_name": "46",
            "text_color": "#FFFFFF"
          },
          {
            "color": "#DA291C",
            "long_name": "Pl. Espanya / El Prat",
            "route_type": 3,
            "short_name": "65",
            "text_color": "#FFFFFF"
          },
          {
            "color": "#003888",
            "long_name": "Gornal / Besòs Verneda",
            "route_type": 3,
            "short_name": "H12",
            "text_color": "#FFFFFF"
          }
        ],
        "stop_id": "2.92.681620",
        "stop_name": "Pl Europa"
      }
    },
    {
      "type": "Feature",
      "geometry": {
        "type": "Point",
        "coordinates": [
          2.165804,
          41.387854
        ]
      },
      "properties": {
        "routes": [
          {
            "color": "#003888",
            "long_name": "Gornal / Besòs Verneda",
            "route_type": 3,
            "short_name": "H12",
            "text_color": "#FFFFFF"
          }
        ],
        "stop_id": "2.95.690105",
        "stop_name": "Gran Via - Balmes"
      }
    },
    {
      "type": "Feature",
      "geometry": {
        "type": "Point",
        "coordinates": [
          2.147176,
          41.373762
        ]
      },
      "properties": {
        "routes": [
          {
            "color": "#DA291C",
            "long_name": "Hospital Clínic / Polígon Zona Franca",
            "route_type": 3,
            "short_name": "109",
            "text_color": "#FFFFFF"
          },
          {
            "color": "#DA291C",
            "long_name": "Pl. Espanya / Aeroport BCN",
            "route_type": 3,
            "short_name": "46",
            "text_color": "#FFFFFF"
          },
          {
            "color": "#DA291C",
            "long_name": "Pl. Espanya / El Prat",
            "route_type": 3,
            "short_name": "65",
            "text_color": "#FFFFFF"
          },
          {
            "color": "#003888",
            "long_name": "Gornal / Besòs Verneda",
            "route_type": 3,
            "short_name": "H12",
            "text_color": "#FFFFFF"
          },
          {
            "color": "#003888",
            "long_name": "Pg. Zona Franca / Fòrum Campus Besòs",
            "route_type": 3,
            "short_name": "H16",
            "text_color": "#FFFFFF"
          },
          {
            "color": "#010101",
            "long_name": "Prat XPRES (Pl. Espanya - Av. Remolar)",
            "route_type": 3,
            "short_name": "X2",
            "text_color": "#FFFFFF"
          }
        ],
        "stop_id": "2.108.698907",
        "stop_name": "Pl Espanya - FGC"
      }
    },
    {
      "type": "Feature",
      "geometry": {
        "type": "Point",
        "coordinates": [
          2.137456,
          41.384607
        ]
      },
      "properties": {
        "routes": [
          {
            "color": "#DA291C",
            "long_name": "Poblenou / Pl. Reina Maria Cristina",
            "route_type": 3,
            "short_name": "59",
            "text_color": "#FFFFFF"
          },
          {
            "color": "#DA291C",
            "long_name": "Estació de Sants / Sant Joan Despí",
            "route_type": 3,
            "short_name": "78",
            "text_color": "#FFFFFF"
          },
          {
            "color": "#003888",
            "long_name": "Ernest Lluch / Bon Pastor",
            "route_type": 3,
            "short_name": "H8",
            "text_color": "#FFFFFF"
          }
        ],
        "stop_id": "2.109.674688",
        "stop_name": "Numància - Marquès de Sentmenat"
      }
    },
    {
      "type": "Feature",
      "geometry": {
        "type": "Point",
        "coordinates": [
          2.141836,
          41.382902
        ]
      },
      "properties": {
        "routes": [
          {
            "color": "#DA291C",
            "long_name": "Estació de Sants / Sant Joan Despí",
            "route_type": 3,
            "short_name": "78",
            "text_color": "#FFFFFF"
          },
          {
            "color": "#6AB023",
            "long_name": "Pl. Espanya / Sarrià",
            "route_type": 3,
            "short_name": "V7",
            "text_color": "#FFFFFF"
          }
        ],
        "stop_id": "2.110.688004",
        "stop_name": "Nicaragua - Josep Tarradellas"
      }
    },
    {
      "type": "Feature",
      "geometry": {
        "type": "Point",
        "coordinates": [
          2.178718,
          41.391274
        ]
      },
      "properties": {
        "routes": [
          {
            "color": "#DA291C",
            "long_name": "Pl. Catalunya / Sant Genís",
            "route_type": 3,
            "short_name": "19",
            "text_color": "#FFFFFF"
          },
          {
            "color": "#003888",
            "long_name": "Pg. Zona Franca / Fòrum Campus Besòs",
            "route_type": 3,
            "short_name": "H16",
            "text_color": "#FFFFFF"
          },
          {
            "color": "#6AB023",
            "long_name": "Port Vell / Vall d'Hebron",
            "route_type": 3,
            "short_name": "V17",
            "text_color": "#FFFFFF"
          }
        ],
        "stop_id": "2.123.677959",
        "stop_name": "Arc de Triomf"
      }
    },
    {
      "type": "Feature",
      "geometry": {
        "type": "Point",
        "coordinates": [
          2.158158,
          41.378171
        ]
      },
      "properties": {
        "routes": [
          {
            "color": "#DA291C",
            "long_name": "Ciutat Vella",
            "route_type": 3,
            "short_name": "120",
            "text_color": "#FFFFFF"
          },
          {
            "color": "#DA291C",
            "long_name": "Mercat Sant Antoni / Parc de Montjuïc",
            "route_type": 3,
            "short_name": "13",
            "text_color": "#FFFFFF"
          },
          {
            "color": "#DA291C",
            "long_name": "Pl. Urquinaona / Parc de Montjuïc",
            "route_type": 3,
            "short_name": "55",
            "text_color": "#FFFFFF"
          },
          {
            "color": "#DA291C",
            "long_name": "Manso / La Bordeta",
            "route_type": 3,
            "short_name": "91",
            "text_color": "#FFFFFF"
          },
          {
            "color": "#003888",
            "long_name": "Pg. Zona Franca / Fòrum Campus Besòs",
            "route_type": 3,
            "short_name": "H16",
            "text_color": "#FFFFFF"
          }
        ],
        "stop_id": "2.137.690549",
        "stop_name": "Floridablanca - Viladomat"
      }
    },
    {
      "type": "Feature",
      "geometry": {
        "type": "Point",
        "coordinates": [
          2.175962,
          41.390249
        ]
      },
      "properties": {
        "routes": [
          {
            "color": "#DA291C",
            "long_name": "Pl. Catalunya / Sant Genís",
            "route_type": 3,
            "short_name": "19",
            "text_color": "#FFFFFF"
          },
          {
            "color": "#93107E",
            "long_name": "Paral·lel / Ciutat Meridiana",
            "route_type": 3,
            "short_name": "D50",
            "text_color": "#FFFFFF"
          },
          {
            "color": "#003888",
            "long_name": "Pg. Zona Franca / Fòrum Campus Besòs",
            "route_type": 3,
            "short_name": "H16",
            "text_color": "#FFFFFF"
          },
          {
            "color": "#6AB023",
            "long_name": "Port Vell / Vall d'Hebron",
            "route_type": 3,
            "short_name": "V17",
            "text_color": "#FFFFFF"
          }
        ],
        "stop_id": "2.148.677961",
        "stop_name": "Ronda Sant Pere - Girona"
      }
    },
    {
      "type": "Feature",
      "geometry": {
        "type": "Point",
        "coordinates": [
          2.131036,
          41.373489
        ]
      },
      "properties": {
        "routes": [
          {
            "color": "#DA291C",
            "long_name": "Rambla de Badal / Bonanova",
            "route_type": 3,
            "short_name": "70",
            "text_color": "#FFFFFF"
          }
        ],
        "stop_id": "2.160.692083",
        "stop_name": "Badal - Canalejas - Final de trajecte"
      }
    },
    {
      "type": "Feature",
      "geometry": {
        "type": "Point",
        "coordinates": [
          2.130456,
          41.375049
        ]
      },
      "properties": {
        "routes": [
          {
            "color": "#DA291C",
            "long_name": "Rambla de Badal / Bonanova",
            "route_type": 3,
            "short_name": "70",
            "text_color": "#FFFFFF"
          }
        ],
        "stop_id": "2.161.675281",
        "stop_name": "Badal - Casteràs"
      }
    },
    {
      "type": "Feature",
      "geometry": {
        "type": "Point",
        "coordinates": [
          2.160999,
          41.38425
        ]
      },
      "properties": {
        "routes": [
          {
            "color": "#DA291C",
            "long_name": "Pl. Catalunya / Collblanc",
            "route_type": 3,
            "short_name": "52",
            "text_color": "#FFFFFF"
          },
          {
            "color": "#DA291C",
            "long_name": "Poblenou / Pl. Reina Maria Cristina",
            "route_type": 3,
            "short_name": "59",
            "text_color": "#FFFFFF"
          },
          {
            "color": "#003888",
            "long_name": "Gornal / Besòs Verneda",
            "route_type": 3,
            "short_name": "H12",
            "text_color": "#FFFFFF"
          }
        ],
        "stop_id": "2.167.688173",
        "stop_name": "Gran Via - Casanova"
      }
    },
    {
      "type": "Feature",
      "geometry": {
        "type": "Point",
        "coordinates": [
          2.156551,
          41.385291
        ]
      },
      "properties": {
        "routes": [
          {
            "color": "#DA291C",
            "long_name": "Esq. de l'Eixample",
            "route_type": 3,
            "short_name": "141",
            "text_color": "#FFFFFF"
          },
          {
            "color": "#DA291C",
            "long_name": "Poblenou / Pl. Reina Maria Cristina",
            "route_type": 3,
            "short_name": "59",
            "text_color": "#FFFFFF"
          },
          {
            "color": "#6AB023",
            "long_name": "Estació Marítima (WTC) / Bonanova",
            "route_type": 3,
            "short_name": "V11",
            "text_color": "#FFFFFF"
          }
        ],
        "stop_id": "2.173.674614",
        "stop_name": "Villarroel - Aragó"
      }
    },
    {
      "type": "Feature",
      "geometry": {
        "type": "Point",
        "coordinates": [
          2.139662,
          41.375257
        ]
      },
      "properties": {
        "routes": [
          {
            "color": "#DA291C",
            "long_name": "Pl. Catalunya / Collblanc",
            "route_type": 3,
            "short_name": "52",
            "text_color": "#FFFFFF"
          },
          {
            "color": "#93107E",
            "long_name": "Pg. Marítim / Ernest Lluch",
            "route_type": 3,
            "short_name": "D20",
            "text_color": "#FFFFFF"
          },
          {
            "color": "#6AB023",
            "long_name": "Mare de Déu de Port / Pedralbes",
            "route_type": 3,
            "short_name": "V5",
            "text_color": "#FFFFFF"
          }
        ],
        "stop_id": "2.179.675175",
        "stop_name": "Sants - Gayarre"
      }
    },
    {
      "type": "Feature",
      "geometry": {
        "type": "Point",
        "coordinates": [
          2.147537,
          41.375222
        ]
      },
      "properties": {
        "routes": [
          {
            "color": "#DA291C",
            "long_name": "Pl. Catalunya / Collblanc",
            "route_type": 3,
            "short_name": "52",
            "text_color": "#FFFFFF"
          },
          {
            "color": "#93107E",
            "long_name": "Pg. Marítim / Ernest Lluch",
            "route_type": 3,
            "short_name": "D20",
            "text_color": "#FFFFFF"
          }
        ],
        "stop_id": "2.180.674931",
        "stop_name": "Creu Coberta - Pl Espanya"
      }
    },
    {
      "type": "Feature",
      "geometry": {
        "type": "Point",
        "coordinates": [
          2.144563,
          41.375281
        ]
      },
      "properties": {
        "routes": [
          {
            "color": "#DA291C",
            "long_name": "Pl. Catalunya / Collblanc",
            "route_type": 3,
            "short_name": "52",
            "text_color": "#FFFFFF"
          },
          {
            "color": "#93107E",
            "long_name": "Pg. Marítim / Ernest Lluch",
            "route_type": 3,
            "short_name": "D20",
            "text_color": "#FFFFFF"
          }
        ],
        "stop_id": "2.181.678600",
        "stop_name": "Metro Hostafrancs"
      }
    },
    {
      "type": "Feature",
      "geometry": {
        "type": "Point",
        "coordinates": [
          2.13656,
          41.365826
        ]
      },
      "properties": {
        "routes": [
          {
            "color": "#DA291C",
            "long_name": "Hospital Clínic / Polígon Zona Franca",
            "route_type": 3,
            "short_name": "109",
            "text_color": "#FFFFFF"
          },
          {
            "color": "#DA291C",
            "long_name": "Pl. Espanya / Aeroport BCN",
            "route_type": 3,
            "short_name": "46",
            "text_color": "#FFFFFF"
          },
          {
            "color": "#DA291C",
            "long_name": "Pl. Espanya / El Prat",
            "route_type": 3,
            "short_name": "65",
            "text_color": "#FFFFFF"
          },
          {
            "color": "#003888",
            "long_name": "Gornal / Besòs Verneda",
            "route_type": 3,
            "short_name": "H12",
            "text_color": "#FFFFFF"
          },
          {
            "color": "#003888",
            "long_name": "Pg. Zona Franca / Fòrum Campus Besòs",
            "route_type": 3,
            "short_name": "H16",
            "text_color": "#FFFFFF"
          }
        ],
        "stop_id": "2.183.695524",
        "stop_name": "Gran Via - Ildefons Cerdà"
      }
    },
    {
      "type": "Feature",
      "geometry": {
        "type": "Point",
        "coordinates": [
          2.13196,
          41.361782
        ]
      },
      "properties": {
        "routes": [
          {
            "color": "#DA291C",
            "long_name": "Pl. Espanya / Aeroport BCN",
            "route_type": 3,
            "short_name": "46",
            "text_color": "#FFFFFF"
          },
          {
            "color": "#DA291C",
            "long_name": "Pl. Espanya / El Prat",
            "route_type": 3,
            "short_name": "65",
            "text_color": "#FFFFFF"
          },
          {
            "color": "#003888",
            "long_name": "Gornal / Besòs Verneda",
            "route_type": 3,
            "short_name": "H12",
            "text_color": "#FFFFFF"
          }
        ],
        "stop_id": "2.185.691628",
        "stop_name": "Av Granvia - Bloc I. Cerdà"
      }
    },
    {
      "type": "Feature",
      "geometry": {
        "type": "Point",
        "coordinates": [
          2.142976,
          41.354396
        ]
      },
      "properties": {
        "routes": [
          {
            "color": "#DA291C",
            "long_name": "Hospital Clínic / Polígon Zona Franca",
            "route_type": 3,
            "short_name": "109",
            "text_color": "#FFFFFF"
          },
          {
            "color": "#DA291C",
            "long_name": "Pl. Espanya / Parc Logístic",
            "route_type": 3,
            "short_name": "23",
            "text_color": "#FFFFFF"
          },
          {
            "color": "#003888",
            "long_name": "Pg. Zona Franca / Fòrum Campus Besòs",
            "route_type": 3,
            "short_name": "H16",
            "text_color": "#FFFFFF"
          },
          {
            "color": "#6AB023",
            "long_name": "Zona Franca / Can Caralleu",
            "route_type": 3,
            "short_name": "V3",
            "text_color": "#FFFFFF"
          }
        ],
        "stop_id": "2.199.675200",
        "stop_name": "Pg Zona Franca - Cisell"
      }
    },
    {
      "type": "Feature",
      "geometry": {
        "type": "Point",
        "coordinates": [
          2.145339,
          41.351695
        ]
      },
      "properties": {
        "routes": [
          {
            "color": "#DA291C",
            "long_name": "Hospital Clínic / Polígon Zona Franca",
            "route_type": 3,
            "short_name": "109",
            "text_color": "#FFFFFF"
          },
          {
            "color": "#DA291C",
            "long_name": "Pl. Espanya / Parc Logístic",
            "route_type": 3,
            "short_name": "23",
            "text_color": "#FFFFFF"
          },
          {
            "color": "#6AB023",
            "long_name": "Zona Franca / Can Caralleu",
            "route_type": 3,
            "short_name": "V3",
            "text_color": "#FFFFFF"
          }
        ],
        "stop_id": "2.200.687085",
        "stop_name": "Pg Zona Franca - Motors"
      }
    },
    {
      "type": "Feature",
      "geometry": {
        "type": "Point",
        "coordinates": [
          2.156056,
          41.376577
        ]
      },
      "properties": {
        "routes": [
          {
            "color": "#DA291C",
            "long_name": "Mercat Sant Antoni / Parc de Montjuïc",
            "route_type": 3,
            "short_name": "13",
            "text_color": "#FFFFFF"
          },
          {
            "color": "#DA291C",
            "long_name": "Pl. Urquinaona / Parc de Montjuïc",
            "route_type": 3,
            "short_name": "55",
            "text_color": "#FFFFFF"
          },
          {
            "color": "#DA291C",
            "long_name": "Manso / La Bordeta",
            "route_type": 3,
            "short_name": "91",
            "text_color": "#FFFFFF"
          },
          {
            "color": "#003888",
            "long_name": "Pg. Zona Franca / Fòrum Campus Besòs",
            "route_type": 3,
            "short_name": "H16",
            "text_color": "#FFFFFF"
          }
        ],
        "stop_id": "2.204.690547",
        "stop_name": "Floridablanca - Av Mistral"
      }
    },
    {
      "type": "Feature",
      "geometry": {
        "type": "Point",
        "coordinates": [
          2.157088,
          41.378211
        ]
      },
      "properties": {
        "routes": [
          {
            "color": "#DA291C",
            "long_name": "Esq. de l'Eixample",
            "route_type": 3,
            "short_name": "141",
            "text_color": "#FFFFFF"
          }
        ],
        "stop_id": "2.205.696826",
        "stop_name": "Calàbria - Floridablanca"
      }
    },
    {
      "type": "Feature",
      "geometry": {
        "type": "Point",
        "coordinates": [
          2.155512,
          41.38012
        ]
      },
      "properties": {
        "routes": [
          {
            "color": "#DA291C",
            "long_name": "Pl. Catalunya / Collblanc",
            "route_type": 3,
            "short_name": "52",
            "text_color": "#FFFFFF"
          },
          {
            "color": "#003888",
            "long_name": "Gornal / Besòs Verneda",
            "route_type": 3,
            "short_name": "H12",
            "text_color": "#FFFFFF"
          }
        ],
        "stop_id": "2.206.688225",
        "stop_name": "Gran Via - Calàbria"
      }
    },
    {
      "type": "Feature",
      "geometry": {
        "type": "Point",
        "coordinates": [
          2.16372,
          41.375096
        ]
      },
      "properties": {
        "routes": [
          {
            "color": "#93107E",
            "long_name": "Pg. Marítim / Ernest Lluch",
            "route_type": 3,
            "short_name": "D20",
            "text_color": "#FFFFFF"
          }
        ],
        "stop_id": "2.209.691013",
        "stop_name": "Paral·lel - Marquès de Campo Sagrado"
      }
    },
    {
      "type": "Feature",
      "geometry": {
        "type": "Point",
        "coordinates": [
          2.174463,
          41.387092
        ]
      },
      "properties": {
        "routes": [
          {
            "color": "#DA291C",
            "long_name": "Pg. Marítim / Canyelles",
            "route_type": 3,
            "short_name": "47",
            "text_color": "#FFFFFF"
          },
          {
            "color": "#DA291C",
            "long_name": "Poblenou / Pl. Reina Maria Cristina",
            "route_type": 3,
            "short_name": "59",
            "text_color": "#FFFFFF"
          },
          {
            "color": "#6AB023",
            "long_name": "Barceloneta / Av. Tibidabo",
            "route_type": 3,
            "short_name": "V15",
            "text_color": "#FFFFFF"
          },
          {
            "color": "#6AB023",
            "long_name": "Port Vell / Vall d'Hebron",
            "route_type": 3,
            "short_name": "V17",
            "text_color": "#FFFFFF"
          }
        ],
        "stop_id": "2.211.690030",
        "stop_name": "Via Laietana - Comtal"
      }
    },
    {
      "type": "Feature",
      "geometry": {
        "type": "Point",
        "coordinates": [
          2.142701,
          41.382888
        ]
      },
      "properties": {
        "routes": [
          {
            "color": "#DA291C",
            "long_name": "Estació de Sants / Roquetes",
            "route_type": 3,
            "short_name": "27",
            "text_color": "#FFFFFF"
          },
          {
            "color": "#93107E",
            "long_name": "Pl. Espanya / Canyelles",
            "route_type": 3,
            "short_name": "D40",
            "text_color": "#FFFFFF"
          }
        ],
        "stop_id": "2.217.674706",
        "stop_name": "Josep Tarradellas - Rosselló"
      }
    },
    {
      "type": "Feature",
      "geometry": {
        "type": "Point",
        "coordinates": [
          2.172837,
          41.390187
        ]
      },
      "properties": {
        "routes": [
          {
            "color": "#DA291C",
            "long_name": "Pl. Urquinaona / Pl. Catalana",
            "route_type": 3,
            "short_name": "39",
            "text_color": "#FFFFFF"
          },
          {
            "color": "#DA291C",
            "long_name": "Pg. Marítim / Canyelles",
            "route_type": 3,
            "short_name": "47",
            "text_color": "#FFFFFF"
          },
          {
            "color": "#6AB023",
            "long_name": "Port Vell / Vall d'Hebron",
            "route_type": 3,
            "short_name": "V17",
            "text_color": "#FFFFFF"
          }
        ],
        "stop_id": "2.230.675033",
        "stop_name": "Llúria - Urquinaona"
      }
    },
    {
      "type": "Feature",
      "geometry": {
        "type": "Point",
        "coordinates": [
          2.127386,
          41.388444
        ]
      },
      "properties": {
        "routes": [
          {
            "color": "#DA291C",
            "long_name": "Les Corts",
            "route_type": 3,
            "short_name": "175",
            "text_color": "#FFFFFF"
          },
          {
            "color": "#DA291C",
            "long_name": "Zona Universitària / Verneda",
            "route_type": 3,
            "short_name": "33",
            "text_color": "#FFFFFF"
          },
          {
            "color": "#DA291C",
            "long_name": "Pl.Catalunya / Sant Joan Despí",
            "route_type": 3,
            "short_name": "63",
            "text_color": "#FFFFFF"
          },
          {
            "color": "#DA291C",
            "long_name": "Pl. Catalunya / Cornellà",
            "route_type": 3,
            "short_name": "67",
            "text_color": "#FFFFFF"
          },
          {
            "color": "#DA291C",
            "long_name": "Fòrum / Zona Universitària",
            "route_type": 3,
            "short_name": "7",
            "text_color": "#FFFFFF"
          },
          {
            "color": "#DA291C",
            "long_name": "Estació de Sants / Sant Joan Despí",
            "route_type": 3,
            "short_name": "78",
            "text_color": "#FFFFFF"
          },
          {
            "color": "#6AB023",
            "long_name": "Mare de Déu de Port / Pedralbes",
            "route_type": 3,
            "short_name": "V5",
            "text_color": "#FFFFFF"
          }
        ],
        "stop_id": "2.237.679518",
        "stop_name": "Diagonal - Pl Reina Maria Cristina"
      }
    },
    {
      "type": "Feature",
      "geometry": {
        "type": "Point",
        "coordinates": [
          2.128123,
          41.392127
        ]
      },
      "properties": {
        "routes": [
          {
            "color": "#DA291C",
            "long_name": "Pg. Manuel Girona / Pl. Virrei Amat",
            "route_type": 3,
            "short_name": "34",
            "text_color": "#FFFFFF"
          },
          {
            "color": "#DA291C",
            "long_name": "Pg. Manuel Girona / Poblenou",
            "route_type": 3,
            "short_name": "6",
            "text_color": "#FFFFFF"
          },
          {
            "color": "#DA291C",
            "long_name": "Rambla de Badal / Bonanova",
            "route_type": 3,
            "short_name": "70",
            "text_color": "#FFFFFF"
          },
          {
            "color": "#003888",
            "long_name": "Zona Universitària / Onze de Setembre",
            "route_type": 3,
            "short_name": "H6",
            "text_color": "#FFFFFF"
          },
          {
            "color": "#6AB023",
            "long_name": "Zona Franca / Can Caralleu",
            "route_type": 3,
            "short_name": "V3",
            "text_color": "#FFFFFF"
          }
        ],
        "stop_id": "2.239.674465",
        "stop_name": "Manuel Girona - Carles III"
      }
    },
    {
      "type": "Feature",
      "geometry": {
        "type": "Point",
        "coordinates": [
          2.125151,
          41.377042
        ]
      },
      "properties": {
        "routes": [
          {
            "color": "#DA291C",
            "long_name": "Les Corts",
            "route_type": 3,
            "short_name": "175",
            "text_color": "#FFFFFF"
          },
          {
            "color": "#DA291C",
            "long_name": "Estació del Nord / Cardenal Reig",
            "route_type": 3,
            "short_name": "54",
            "text_color": "#FFFFFF"
          },
          {
            "color": "#93107E",
            "long_name": "Pg. Marítim / Ernest Lluch",
            "route_type": 3,
            "short_name": "D20",
            "text_color": "#FFFFFF"
          }
        ],
        "stop_id": "2.263.689819",
        "stop_name": "Av Madrid - Arizala"
      }
    },
    {
      "type": "Feature",
      "geometry": {
        "type": "Point",
        "coordinates": [
          2.149875,
          41.371168
        ]
      },
      "properties": {
        "routes": [
          {
            "color": "#DA291C",
            "long_name": "Mercat Sant Antoni / Parc de Montjuïc",
            "route_type": 3,
            "short_name": "13",
            "text_color": "#FFFFFF"
          },
          {
            "color": "#DA291C",
            "long_name": "Pl. Espanya / Castell de Montjuïc",
            "route_type": 3,
            "short_name": "150",
            "text_color": "#FFFFFF"
          },
          {
            "color": "#010101",
            "long_name": "Paral·lel - L'Hospitalet (Av. Carrilet)",
            "route_type": 3,
            "short_name": "X3",
            "text_color": "#FFFFFF"
          }
        ],
        "stop_id": "2.264.674565",
        "stop_name": "Av Ferrer i Guàrdia - Mèxic"
      }
    },
    {
      "type": "Feature",
      "geometry": {
        "type": "Point",
        "coordinates": [
          2.146283,
          41.369413
        ]
      },
      "properties": {
        "routes": [
          {
            "color": "#DA291C",
            "long_name": "Mercat Sant Antoni / Parc de Montjuïc",
            "route_type": 3,
            "short_name": "13",
            "text_color": "#FFFFFF"
          },
          {
            "color": "#DA291C",
            "long_name": "Pl. Espanya / Castell de Montjuïc",
            "route_type": 3,
            "short_name": "150",
            "text_color": "#FFFFFF"
          },
          {
            "color": "#DA291C",
            "long_name": "Pl. Espanya / Parc Logístic",
            "route_type": 3,
            "short_name": "23",
            "text_color": "#FFFFFF"
          }
        ],
        "stop_id": "2.265.679658",
        "stop_name": "Poble Espanyol"
      }
    },
    {
      "type": "Feature",
      "geometry": {
        "type": "Point",
        "coordinates": [
          2.156342,
          41.372081
        ]
      },
      "properties": {
        "routes": [
          {
            "color": "#DA291C",
            "long_name": "Poble Sec",
            "route_type": 3,
            "short_name": "121",
            "text_color": "#FFFFFF"
          },
          {
            "color": "#DA291C",
            "long_name": "Pl. Urquinaona / Parc de Montjuïc",
            "route_type": 3,
            "short_name": "55",
            "text_color": "#FFFFFF"
          }
        ],
        "stop_id": "2.280.675641",
        "stop_name": "França Xica - Grases"
      }
    },
    {
      "type": "Feature",
      "geometry": {
        "type": "Point",
        "coordinates": [
          2.127519,
          41.38524
        ]
      },
      "properties": {
        "routes": [
          {
            "color": "#DA291C",
            "long_name": "Les Corts",
            "route_type": 3,
            "short_name": "175",
            "text_color": "#FFFFFF"
          },
          {
            "color": "#DA291C",
            "long_name": "Poblenou / Pl. Reina Maria Cristina",
            "route_type": 3,
            "short_name": "59",
            "text_color": "#FFFFFF"
          },
          {
            "color": "#DA291C",
            "long_name": "Rambla de Badal / Bonanova",
            "route_type": 3,
            "short_name": "70",
            "text_color": "#FFFFFF"
          },
          {
            "color": "#6AB023",
            "long_name": "Zona Franca / Can Caralleu",
            "route_type": 3,
            "short_name": "V3",
            "text_color": "#FFFFFF"
          },
          {
            "color": "#6AB023",
            "long_name": "Mare de Déu de Port / Pedralbes",
            "route_type": 3,
            "short_name": "V5",
            "text_color": "#FFFFFF"
          }
        ],
        "stop_id": "2.291.689805",
        "stop_name": "Carles III - Mejía Lequerica"
      }
    },
    {
      "type": "Feature",
      "geometry": {
        "type": "Point",
        "coordinates": [
          2.122614,
          41.385641
        ]
      },
      "properties": {
        "routes": [
          {
            "color": "#DA291C",
            "long_name": "La Mercè",
            "route_type": 3,
            "short_name": "113",
            "text_color": "#FFFFFF"
          }
        ],
        "stop_id": "2.293.675301",
        "stop_name": "Av Joan XXIII - Pl Pius XII"
      }
    },
    {
      "type": "Feature",
      "geometry": {
        "type": "Point",
        "coordinates": [
          2.111612,
          41.384222
        ]
      },
      "properties": {
        "routes": [
          {
            "color": "#DA291C",
            "long_name": "Les Corts",
            "route_type": 3,
            "short_name": "175",
            "text_color": "#FFFFFF"
          },
          {
            "color": "#DA291C",
            "long_name": "Pl. Catalunya / Cornellà",
            "route_type": 3,
            "short_name": "67",
            "text_color": "#FFFFFF"
          },
          {
            "color": "#DA291C",
            "long_name": "Fòrum / Zona Universitària",
            "route_type": 3,
            "short_name": "7",
            "text_color": "#FFFFFF"
          }
        ],
        "stop_id": "2.310.690504",
        "stop_name": "Diagonal - Av Doctor Marañón"
      }
    },
    {
      "type": "Feature",
      "geometry": {
        "type": "Point",
        "coordinates": [
          2.157998,
          41.382668
        ]
      },
      "properties": {
        "routes": [
          {
            "color": "#6AB023",
            "long_name": "Estació Marítima (WTC) / Bonanova",
            "route_type": 3,
            "short_name": "V11",
            "text_color": "#FFFFFF"
          }
        ],
        "stop_id": "2.312.686778",
        "stop_name": "Comte d'Urgell - Gran Via"
      }
    },
    {
      "type": "Feature",
      "geometry": {
        "type": "Point",
        "coordinates": [
          2.16756,
          41.390138
        ]
      },
      "properties": {
        "routes": [
          {
            "color": "#DA291C",
            "long_name": "Pl. Catalunya / El Carmel",
            "route_type": 3,
            "short_name": "22",
            "text_color": "#FFFFFF"
          },
          {
            "color": "#DA291C",
            "long_name": "Pl. Catalunya / El Carmel",
            "route_type": 3,
            "short_name": "24",
            "text_color": "#FFFFFF"
          },
          {
            "color": "#DA291C",
            "long_name": "Fòrum / Zona Universitària",
            "route_type": 3,
            "short_name": "7",
            "text_color": "#FFFFFF"
          },
          {
            "color": "#6AB023",
            "long_name": "Barceloneta / Av. Tibidabo",
            "route_type": 3,
            "short_name": "V15",
            "text_color": "#FFFFFF"
          }
        ],
        "stop_id": "2.313.691074",
        "stop_name": "Pg de Gràcia - Gran Via"
      }
    },
    {
      "type": "Feature",
      "geometry": {
        "type": "Point",
        "coordinates": [
          2.154744,
          41.379979
        ]
      },
      "properties": {
        "routes": [
          {
            "color": "#DA291C",
            "long_name": "Esq. de l'Eixample",
            "route_type": 3,
            "short_name": "141",
            "text_color": "#FFFFFF"
          }
        ],
        "stop_id": "2.314.696828",
        "stop_name": "Calàbria - Gran Via"
      }
    },
    {
      "type": "Feature",
      "geometry": {
        "type": "Point",
        "coordinates": [
          2.162533,
          41.386042
        ]
      },
      "properties": {
        "routes": [
          {
            "color": "#DA291C",
            "long_name": "Estació del Nord / Cardenal Reig",
            "route_type": 3,
            "short_name": "54",
            "text_color": "#FFFFFF"
          },
          {
            "color": "#DA291C",
            "long_name": "Pl.Catalunya / Sant Joan Despí",
            "route_type": 3,
            "short_name": "63",
            "text_color": "#FFFFFF"
          },
          {
            "color": "#DA291C",
            "long_name": "Pl. Catalunya / Cornellà",
            "route_type": 3,
            "short_name": "67",
            "text_color": "#FFFFFF"
          },
          {
            "color": "#6AB023",
            "long_name": "Pl. Catalunya / Av. Tibidabo",
            "route_type": 3,
            "short_name": "V13",
            "text_color": "#FFFFFF"
          }
        ],
        "stop_id": "2.316.683100",
        "stop_name": "Aribau - Gran Via"
      }
    },
    {
      "type": "Feature",
      "geometry": {
        "type": "Point",
        "coordinates": [
          2.15235,
          41.378374
        ]
      },
      "properties": {
        "routes": [
          {
            "color": "#6AB023",
            "long_name": "Poble-sec / Sarrià",
            "route_type": 3,
            "short_name": "V9",
            "text_color": "#FFFFFF"
          }
        ],
        "stop_id": "2.319.674897",
        "stop_name": "Entença - Gran Via"
      }
    },
    {
      "type": "Feature",
      "geometry": {
        "type": "Point",
        "coordinates": [
          2.147419,
          41.376704
        ]
      },
      "properties": {
        "routes": [
          {
            "color": "#DA291C",
            "long_name": "Hospital Clínic / Polígon Zona Franca",
            "route_type": 3,
            "short_name": "109",
            "text_color": "#FFFFFF"
          },
          {
            "color": "#93107E",
            "long_name": "Pg. Marítim / Ernest Lluch",
            "route_type": 3,
            "short_name": "D20",
            "text_color": "#FFFFFF"
          }
        ],
        "stop_id": "2.320.674925",
        "stop_name": "Tarragona - Parc de Joan Miró"
      }
    },
    {
      "type": "Feature",
      "geometry": {
        "type": "Point",
        "coordinates": [
          2.11336,
          41.347448
        ]
      },
      "properties": {
        "routes": [
          {
            "color": "#DA291C",
            "long_name": "Pl. Espanya / Aeroport BCN",
            "route_type": 3,
            "short_name": "46",
            "text_color": "#FFFFFF"
          },
          {
            "color": "#DA291C",
            "long_name": "Pl. Espanya / El Prat",
            "route_type": 3,
            "short_name": "65",
            "text_color": "#FFFFFF"
          },
          {
            "color": "#010101",
            "long_name": "Paral·lel - L'Hospitalet (Av. Carrilet)",
            "route_type": 3,
            "short_name": "X3",
            "text_color": "#FFFFFF"
          }
        ],
        "stop_id": "2.334.675736",
        "stop_name": "Av Granvia - Ctra Antiga del Prat"
      }
    },
    {
      "type": "Feature",
      "geometry": {
        "type": "Point",
        "coordinates": [
          2.144752,
          41.366328
        ]
      },
      "properties": {
        "routes": [
          {
            "color": "#DA291C",
            "long_name": "Pl. Espanya / Castell de Montjuïc",
            "route_type": 3,
            "short_name": "150",
            "text_color": "#FFFFFF"
          },
          {
            "color": "#DA291C",
            "long_name": "Pl. Espanya / Parc Logístic",
            "route_type": 3,
            "short_name": "23",
            "text_color": "#FFFFFF"
          },
          {
            "color": "#010101",
            "long_name": "Paral·lel - L'Hospitalet (Av. Carrilet)",
            "route_type": 3,
            "short_name": "X3",
            "text_color": "#FFFFFF"
          }
        ],
        "stop_id": "2.343.675198",
        "stop_name": "Pl de Sant Jordi"
      }
    },
    {
      "type": "Feature",
      "geometry": {
        "type": "Point",
        "coordinates": [
          2.1594,
          41.375108
        ]
      },
      "properties": {
        "routes": [
          {
            "color": "#93107E",
            "long_name": "Pg. Marítim / Ernest Lluch",
            "route_type": 3,
            "short_name": "D20",
            "text_color": "#FFFFFF"
          },
          {
            "color": "#6AB023",
            "long_name": "Poble-sec / Sarrià",
            "route_type": 3,
            "short_name": "V9",
            "text_color": "#FFFFFF"
          },
          {
            "color": "#010101",
            "long_name": "Paral·lel - L'Hospitalet (Av. Carrilet)",
            "route_type": 3,
            "short_name": "X3",
            "text_color": "#FFFFFF"
          }
        ],
        "stop_id": "2.377.691503",
        "stop_name": "Paral·lel - Rocafort"
      }
    },
    {
      "type": "Feature",
      "geometry": {
        "type": "Point",
        "coordinates": [
          2.146274,
          41.382013
        ]
      },
      "properties": {
        "routes": [
          {
            "color": "#DA291C",
            "long_name": "Hospital Clínic / Polígon Zona Franca",
            "route_type": 3,
            "short_name": "109",
            "text_color": "#FFFFFF"
          },
          {
            "color": "#003888",
            "long_name": "Pl. Sants / Olímpic de Badalona",
            "route_type": 3,
            "short_name": "H10",
            "text_color": "#FFFFFF"
          }
        ],
        "stop_id": "2.378.689780",
        "stop_name": "Av de Roma - Entença"
      }
    },
    {
      "type": "Feature",
      "geometry": {
        "type": "Point",
        "coordinates": [
          2.147948,
          41.381048
        ]
      },
      "properties": {
        "routes": [
          {
            "color": "#DA291C",
            "long_name": "Hospital Clínic / Polígon Zona Franca",
            "route_type": 3,
            "short_name": "109",
            "text_color": "#FFFFFF"
          },
          {
            "color": "#003888",
            "long_name": "Pl. Sants / Olímpic de Badalona",
            "route_type": 3,
            "short_name": "H10",
            "text_color": "#FFFFFF"
          }
        ],
        "stop_id": "2.380.675091",
        "stop_name": "València - Entença"
      }
    },
    {
      "type": "Feature",
      "geometry": {
        "type": "Point",
        "coordinates": [
          2.148575,
          41.374291
        ]
      },
      "properties": {
        "routes": [
          {
            "color": "#003888",
            "long_name": "Gornal / Besòs Verneda",
            "route_type": 3,
            "short_name": "H12",
            "text_color": "#FFFFFF"
          }
        ],
        "stop_id": "2.389.675716",
        "stop_name": "Pl Espanya - FGC"
      }
    },
    {
      "type": "Feature",
      "geometry": {
        "type": "Point",
        "coordinates": [
          2.144895,
          41.375153
        ]
      },
      "properties": {
        "routes": [
          {
            "color": "#DA291C",
            "long_name": "Pl. Catalunya / Collblanc",
            "route_type": 3,
            "short_name": "52",
            "text_color": "#FFFFFF"
          },
          {
            "color": "#93107E",
            "long_name": "Pg. Marítim / Ernest Lluch",
            "route_type": 3,
            "short_name": "D20",
            "text_color": "#FFFFFF"
          }
        ],
        "stop_id": "2.391.675181",
        "stop_name": "Metro Hostafrancs"
      }
    },
    {
      "type": "Feature",
      "geometry": {
        "type": "Point",
        "coordinates": [
          2.146854,
          41.37512
        ]
      },
      "properties": {
        "routes": [
          {
            "color": "#DA291C",
            "long_name": "Pl. Catalunya / Collblanc",
            "route_type": 3,
            "short_name": "52",
            "text_color": "#FFFFFF"
          },
          {
            "color": "#93107E",
            "long_name": "Pg. Marítim / Ernest Lluch",
            "route_type": 3,
            "short_name": "D20",
            "text_color": "#FFFFFF"
          }
        ],
        "stop_id": "2.392.697238",
        "stop_name": "Creu Coberta - Pl Espanya"
      }
    },
    {
      "type": "Feature",
      "geometry": {
        "type": "Point",
        "coordinates": [
          2.150107,
          41.373821
        ]
      },
      "properties": {
        "routes": [
          {
            "color": "#DA291C",
            "long_name": "Mercat Sant Antoni / Parc de Montjuïc",
            "route_type": 3,
            "short_name": "13",
            "text_color": "#FFFFFF"
          },
          {
            "color": "#010101",
            "long_name": "Paral·lel - L'Hospitalet (Av. Carrilet)",
            "route_type": 3,
            "short_name": "X3",
            "text_color": "#FFFFFF"
          }
        ],
        "stop_id": "2.393.697164",
        "stop_name": "Av Reina Maria Cristina - Pl Espanya"
      }
    },
    {
      "type": "Feature",
      "geometry": {
        "type": "Point",
        "coordinates": [
          2.128008,
          41.381833
        ]
      },
      "properties": {
        "routes": [
          {
            "color": "#DA291C",
            "long_name": "Rambla de Badal / Bonanova",
            "route_type": 3,
            "short_name": "70",
            "text_color": "#FFFFFF"
          },
          {
            "color": "#6AB023",
            "long_name": "Zona Franca / Can Caralleu",
            "route_type": 3,
            "short_name": "V3",
            "text_color": "#FFFFFF"
          }
        ],
        "stop_id": "2.412.675137",
        "stop_name": "Carles III - Les Corts"
      }
    },
    {
      "type": "Feature",
      "geometry": {
        "type": "Point",
        "coordinates": [
          2.147294,
          41.360712
        ]
      },
      "properties": {
        "routes": [
          {
            "color": "#DA291C",
            "long_name": "La Marina",
            "route_type": 3,
            "short_name": "125",
            "text_color": "#FFFFFF"
          },
          {
            "color": "#DA291C",
            "long_name": "Mercat Sant Antoni / Parc de Montjuïc",
            "route_type": 3,
            "short_name": "13",
            "text_color": "#FFFFFF"
          }
        ],
        "stop_id": "2.420.674570",
        "stop_name": "Can Clos"
      }
    },
    {
      "type": "Feature",
      "geometry": {
        "type": "Point",
        "coordinates": [
          2.14495,
          41.371993
        ]
      },
      "properties": {
        "routes": [
          {
            "color": "#DA291C",
            "long_name": "Hospital Clínic / Polígon Zona Franca",
            "route_type": 3,
            "short_name": "109",
            "text_color": "#FFFFFF"
          },
          {
            "color": "#DA291C",
            "long_name": "Pl. Espanya / Aeroport BCN",
            "route_type": 3,
            "short_name": "46",
            "text_color": "#FFFFFF"
          },
          {
            "color": "#DA291C",
            "long_name": "Pl. Espanya / El Prat",
            "route_type": 3,
            "short_name": "65",
            "text_color": "#FFFFFF"
          },
          {
            "color": "#003888",
            "long_name": "Gornal / Besòs Verneda",
            "route_type": 3,
            "short_name": "H12",
            "text_color": "#FFFFFF"
          },
          {
            "color": "#003888",
            "long_name": "Pg. Zona Franca / Fòrum Campus Besòs",
            "route_type": 3,
            "short_name": "H16",
            "text_color": "#FFFFFF"
          }
        ],
        "stop_id": "2.421.690922",
        "stop_name": "Gran Via - Farell"
      }
    },
    {
      "type": "Feature",
      "geometry": {
        "type": "Point",
        "coordinates": [
          2.160363,
          41.380886
        ]
      },
      "properties": {
        "routes": [
          {
            "color": "#6AB023",
            "long_name": "Estació Marítima (WTC) / Bonanova",
            "route_type": 3,
            "short_name": "V11",
            "text_color": "#FFFFFF"
          }
        ],
        "stop_id": "2.442.692577",
        "stop_name": "Comte d'Urgell - Floridablanca"
      }
    },
    {
      "type": "Feature",
      "geometry": {
        "type": "Point",
        "coordinates": [
          2.155956,
          41.37565
        ]
      },
      "properties": {
        "routes": [
          {
            "color": "#DA291C",
            "long_name": "Pl. Urquinaona / Parc de Montjuïc",
            "route_type": 3,
            "short_name": "55",
            "text_color": "#FFFFFF"
          }
        ],
        "stop_id": "2.444.675202",
        "stop_name": "Entença - Floridablanca"
      }
    },
    {
      "type": "Feature",
      "geometry": {
        "type": "Point",
        "coordinates": [
          2.13745,
          41.36207
        ]
      },
      "properties": {
        "routes": [
          {
            "color": "#DA291C",
            "long_name": "Hospital Clínic / Polígon Zona Franca",
            "route_type": 3,
            "short_name": "109",
            "text_color": "#FFFFFF"
          },
          {
            "color": "#003888",
            "long_name": "Pg. Zona Franca / Fòrum Campus Besòs",
            "route_type": 3,
            "short_name": "H16",
            "text_color": "#FFFFFF"
          },
          {
            "color": "#6AB023",
            "long_name": "Zona Franca / Can Caralleu",
            "route_type": 3,
            "short_name": "V3",
            "text_color": "#FFFFFF"
          }
        ],
        "stop_id": "2.449.684593",
        "stop_name": "Pg Zona Franca - Ctra del Prat"
      }
    },
    {
      "type": "Feature",
      "geometry": {
        "type": "Point",
        "coordinates": [
          2.139622,
          41.359573
        ]
      },
      "properties": {
        "routes": [
          {
            "color": "#DA291C",
            "long_name": "Hospital Clínic / Polígon Zona Franca",
            "route_type": 3,
            "short_name": "109",
            "text_color": "#FFFFFF"
          },
          {
            "color": "#003888",
            "long_name": "Pg. Zona Franca / Fòrum Campus Besòs",
            "route_type": 3,
            "short_name": "H16",
            "text_color": "#FFFFFF"
          },
          {
            "color": "#6AB023",
            "long_name": "Zona Franca / Can Caralleu",
            "route_type": 3,
            "short_name": "V3",
            "text_color": "#FFFFFF"
          }
        ],
        "stop_id": "2.450.678031",
        "stop_name": "Pg Zona Franca - Foneria"
      }
    },
    {
      "type": "Feature",
      "geometry": {
        "type": "Point",
        "coordinates": [
          2.121553,
          41.386964
        ]
      },
      "properties": {
        "routes": [
          {
            "color": "#DA291C",
            "long_name": "Zona Universitària / Verneda",
            "route_type": 3,
            "short_name": "33",
            "text_color": "#FFFFFF"
          },
          {
            "color": "#DA291C",
            "long_name": "Fòrum / Zona Universitària",
            "route_type": 3,
            "short_name": "7",
            "text_color": "#FFFFFF"
          },
          {
            "color": "#003888",
            "long_name": "Zona Universitària / Onze de Setembre",
            "route_type": 3,
            "short_name": "H6",
            "text_color": "#FFFFFF"
          }
        ],
        "stop_id": "2.458.674474",
        "stop_name": "Pl Pius XII"
      }
    },
    {
      "type": "Feature",
      "geometry": {
        "type": "Point",
        "coordinates": [
          2.126404,
          41.357419
        ]
      },
      "properties": {
        "routes": [
          {
            "color": "#DA291C",
            "long_name": "Pl. Espanya / Aeroport BCN",
            "route_type": 3,
            "short_name": "46",
            "text_color": "#FFFFFF"
          },
          {
            "color": "#DA291C",
            "long_name": "Pl. Espanya / El Prat",
            "route_type": 3,
            "short_name": "65",
            "text_color": "#FFFFFF"
          },
          {
            "color": "#003888",
            "long_name": "Gornal / Besòs Verneda",
            "route_type": 3,
            "short_name": "H12",
            "text_color": "#FFFFFF"
          }
        ],
        "stop_id": "2.472.682017",
        "stop_name": "Pl Europa - Fira"
      }
    },
    {
      "type": "Feature",
      "geometry": {
        "type": "Point",
        "coordinates": [
          2.128468,
          41.378931
        ]
      },
      "properties": {
        "routes": [
          {
            "color": "#DA291C",
            "long_name": "Estació del Nord / Cardenal Reig",
            "route_type": 3,
            "short_name": "54",
            "text_color": "#FFFFFF"
          },
          {
            "color": "#93107E",
            "long_name": "Pg. Marítim / Ernest Lluch",
            "route_type": 3,
            "short_name": "D20",
            "text_color": "#FFFFFF"
          }
        ],
        "stop_id": "2.479.679806",
        "stop_name": "Av Madrid - Carles III"
      }
    },
    {
      "type": "Feature",
      "geometry": {
        "type": "Point",
        "coordinates": [
          2.128028,
          41.389326
        ]
      },
      "properties": {
        "routes": [
          {
            "color": "#DA291C",
            "long_name": "Rambla de Badal / Bonanova",
            "route_type": 3,
            "short_name": "70",
            "text_color": "#FFFFFF"
          },
          {
            "color": "#003888",
            "long_name": "Zona Universitària / Onze de Setembre",
            "route_type": 3,
            "short_name": "H6",
            "text_color": "#FFFFFF"
          },
          {
            "color": "#6AB023",
            "long_name": "Zona Franca / Can Caralleu",
            "route_type": 3,
            "short_name": "V3",
            "text_color": "#FFFFFF"
          }
        ],
        "stop_id": "2.481.679483",
        "stop_name": "Maria Cristina - Carles III"
      }
    },
    {
      "type": "Feature",
      "geometry": {
        "type": "Point",
        "coordinates": [
          2.126648,
          41.381215
        ]
      },
      "properties": {
        "routes": [
          {
            "color": "#003888",
            "long_name": "Ernest Lluch / Bon Pastor",
            "route_type": 3,
            "short_name": "H8",
            "text_color": "#FFFFFF"
          }
        ],
        "stop_id": "2.482.678032",
        "stop_name": "Les Corts - Maternitat"
      }
    },
    {
      "type": "Feature",
      "geometry": {
        "type": "Point",
        "coordinates": [
          2.131617,
          41.389513
        ]
      },
      "properties": {
        "routes": [
          {
            "color": "#DA291C",
            "long_name": "Zona Universitària / Verneda",
            "route_type": 3,
            "short_name": "33",
            "text_color": "#FFFFFF"
          },
          {
            "color": "#DA291C",
            "long_name": "Pl.Catalunya / Sant Joan Despí",
            "route_type": 3,
            "short_name": "63",
            "text_color": "#FFFFFF"
          },
          {
            "color": "#DA291C",
            "long_name": "Pl. Catalunya / Cornellà",
            "route_type": 3,
            "short_name": "67",
            "text_color": "#FFFFFF"
          },
          {
            "color": "#DA291C",
            "long_name": "Fòrum / Zona Universitària",
            "route_type": 3,
            "short_name": "7",
            "text_color": "#FFFFFF"
          },
          {
            "color": "#DA291C",
            "long_name": "Estació de Sants / Sant Joan Despí",
            "route_type": 3,
            "short_name": "78",
            "text_color": "#FFFFFF"
          }
        ],
        "stop_id": "2.483.674472",
        "stop_name": "Diagonal - Numància"
      }
    },
    {
      "type": "Feature",
      "geometry": {
        "type": "Point",
        "coordinates": [
          2.132725,
          41.385515
        ]
      },
      "properties": {
        "routes": [
          {
            "color": "#DA291C",
            "long_name": "Poblenou / Pl. Reina Maria Cristina",
            "route_type": 3,
            "short_name": "59",
            "text_color": "#FFFFFF"
          },
          {
            "color": "#003888",
            "long_name": "Ernest Lluch / Bon Pastor",
            "route_type": 3,
            "short_name": "H8",
            "text_color": "#FFFFFF"
          }
        ],
        "stop_id": "2.484.674676",
        "stop_name": "Les Corts - Vallespir"
      }
    },
    {
      "type": "Feature",
      "geometry": {
        "type": "Point",
        "coordinates": [
          2.129908,
          41.383691
        ]
      },
      "properties": {
        "routes": [
          {
            "color": "#DA291C",
            "long_name": "Poblenou / Pl. Reina Maria Cristina",
            "route_type": 3,
            "short_name": "59",
            "text_color": "#FFFFFF"
          },
          {
            "color": "#003888",
            "long_name": "Ernest Lluch / Bon Pastor",
            "route_type": 3,
            "short_name": "H8",
            "text_color": "#FFFFFF"
          },
          {
            "color": "#6AB023",
            "long_name": "Mare de Déu de Port / Pedralbes",
            "route_type": 3,
            "short_name": "V5",
            "text_color": "#FFFFFF"
          }
        ],
        "stop_id": "2.485.674677",
        "stop_name": "Mercat de Les Corts"
      }
    },
    {
      "type": "Feature",
      "geometry": {
        "type": "Point",
        "coordinates": [
          2.131301,
          41.393274
        ]
      },
      "properties": {
        "routes": [
          {
            "color": "#DA291C",
            "long_name": "Rambla de Badal / Bonanova",
            "route_type": 3,
            "short_name": "70",
            "text_color": "#FFFFFF"
          },
          {
            "color": "#003888",
            "long_name": "Zona Universitària / Onze de Setembre",
            "route_type": 3,
            "short_name": "H6",
            "text_color": "#FFFFFF"
          }
        ],
        "stop_id": "2.487.674730",
        "stop_name": "Mitre - Prat de la Riba"
      }
    },
    {
      "type": "Feature",
      "geometry": {
        "type": "Point",
        "coordinates": [
          2.128122,
          41.388026
        ]
      },
      "properties": {
        "routes": [
          {
            "color": "#DA291C",
            "long_name": "Rambla de Badal / Bonanova",
            "route_type": 3,
            "short_name": "70",
            "text_color": "#FFFFFF"
          },
          {
            "color": "#6AB023",
            "long_name": "Zona Franca / Can Caralleu",
            "route_type": 3,
            "short_name": "V3",
            "text_color": "#FFFFFF"
          }
        ],
        "stop_id": "2.491.675295",
        "stop_name": "Diagonal - Joan Güell"
      }
    },
    {
      "type": "Feature",
      "geometry": {
        "type": "Point",
        "coordinates": [
          2.122985,
          41.386932
        ]
      },
      "properties": {
        "routes": [
          {
            "color": "#DA291C",
            "long_name": "Les Corts",
            "route_type": 3,
            "short_name": "175",
            "text_color": "#FFFFFF"
          },
          {
            "color": "#DA291C",
            "long_name": "Zona Universitària / Verneda",
            "route_type": 3,
            "short_name": "33",
            "text_color": "#FFFFFF"
          },
          {
            "color": "#DA291C",
            "long_name": "Pl.Catalunya / Sant Joan Despí",
            "route_type": 3,
            "short_name": "63",
            "text_color": "#FFFFFF"
          },
          {
            "color": "#DA291C",
            "long_name": "Pl. Catalunya / Cornellà",
            "route_type": 3,
            "short_name": "67",
            "text_color": "#FFFFFF"
          },
          {
            "color": "#DA291C",
            "long_name": "Fòrum / Zona Universitària",
            "route_type": 3,
            "short_name": "7",
            "text_color": "#FFFFFF"
          },
          {
            "color": "#DA291C",
            "long_name": "Estació de Sants / Sant Joan Despí",
            "route_type": 3,
            "short_name": "78",
            "text_color": "#FFFFFF"
          },
          {
            "color": "#6AB023",
            "long_name": "Mare de Déu de Port / Pedralbes",
            "route_type": 3,
            "short_name": "V5",
            "text_color": "#FFFFFF"
          }
        ],
        "stop_id": "2.492.679465",
        "stop_name": "Diagonal - Av Joan XXIII"
      }
    },
    {
      "type": "Feature",
      "geometry": {
        "type": "Point",
        "coordinates": [
          2.125577,
          41.387589
        ]
      },
      "properties": {
        "routes": [
          {
            "color": "#DA291C",
            "long_name": "Zona Universitària / Verneda",
            "route_type": 3,
            "short_name": "33",
            "text_color": "#FFFFFF"
          },
          {
            "color": "#DA291C",
            "long_name": "Pl.Catalunya / Sant Joan Despí",
            "route_type": 3,
            "short_name": "63",
            "text_color": "#FFFFFF"
          },
          {
            "color": "#DA291C",
            "long_name": "Pl. Catalunya / Cornellà",
            "route_type": 3,
            "short_name": "67",
            "text_color": "#FFFFFF"
          },
          {
            "color": "#DA291C",
            "long_name": "Fòrum / Zona Universitària",
            "route_type": 3,
            "short_name": "7",
            "text_color": "#FFFFFF"
          },
          {
            "color": "#DA291C",
            "long_name": "Estació de Sants / Sant Joan Despí",
            "route_type": 3,
            "short_name": "78",
            "text_color": "#FFFFFF"
          }
        ],
        "stop_id": "2.493.683438",
        "stop_name": "Diagonal - Gran Via Carles III"
      }
    },
    {
      "type": "Feature",
      "geometry": {
        "type": "Point",
        "coordinates": [
          2.128934,
          41.388443
        ]
      },
      "properties": {
        "routes": [
          {
            "color": "#DA291C",
            "long_name": "Zona Universitària / Verneda",
            "route_type": 3,
            "short_name": "33",
            "text_color": "#FFFFFF"
          },
          {
            "color": "#DA291C",
            "long_name": "Pg. Manuel Girona / Pl. Virrei Amat",
            "route_type": 3,
            "short_name": "34",
            "text_color": "#FFFFFF"
          },
          {
            "color": "#DA291C",
            "long_name": "Pg. Manuel Girona / Poblenou",
            "route_type": 3,
            "short_name": "6",
            "text_color": "#FFFFFF"
          },
          {
            "color": "#DA291C",
            "long_name": "Pl.Catalunya / Sant Joan Despí",
            "route_type": 3,
            "short_name": "63",
            "text_color": "#FFFFFF"
          },
          {
            "color": "#DA291C",
            "long_name": "Pl. Catalunya / Cornellà",
            "route_type": 3,
            "short_name": "67",
            "text_color": "#FFFFFF"
          },
          {
            "color": "#DA291C",
            "long_name": "Fòrum / Zona Universitària",
            "route_type": 3,
            "short_name": "7",
            "text_color": "#FFFFFF"
          },
          {
            "color": "#DA291C",
            "long_name": "Estació de Sants / Sant Joan Despí",
            "route_type": 3,
            "short_name": "78",
            "text_color": "#FFFFFF"
          }
        ],
        "stop_id": "2.494.674437",
        "stop_name": "Diagonal - Gandesa"
      }
    },
    {
      "type": "Feature",
      "geometry": {
        "type": "Point",
        "coordinates": [
          2.129244,
          41.391686
        ]
      },
      "properties": {
        "routes": [
          {
            "color": "#DA291C",
            "long_name": "Rambla de Badal / Bonanova",
            "route_type": 3,
            "short_name": "70",
            "text_color": "#FFFFFF"
          },
          {
            "color": "#003888",
            "long_name": "Zona Universitària / Onze de Setembre",
            "route_type": 3,
            "short_name": "H6",
            "text_color": "#FFFFFF"
          },
          {
            "color": "#6AB023",
            "long_name": "Zona Franca / Can Caralleu",
            "route_type": 3,
            "short_name": "V3",
            "text_color": "#FFFFFF"
          }
        ],
        "stop_id": "2.516.674734",
        "stop_name": "Carles III - Numància"
      }
    },
    {
      "type": "Feature",
      "geometry": {
        "type": "Point",
        "coordinates": [
          2.159201,
          41.38329
        ]
      },
      "properties": {
        "routes": [
          {
            "color": "#DA291C",
            "long_name": "Esq. de l'Eixample",
            "route_type": 3,
            "short_name": "141",
            "text_color": "#FFFFFF"
          },
          {
            "color": "#DA291C",
            "long_name": "Poblenou / Pl. Reina Maria Cristina",
            "route_type": 3,
            "short_name": "59",
            "text_color": "#FFFFFF"
          },
          {
            "color": "#6AB023",
            "long_name": "Estació Marítima (WTC) / Bonanova",
            "route_type": 3,
            "short_name": "V11",
            "text_color": "#FFFFFF"
          }
        ],
        "stop_id": "2.560.674615",
        "stop_name": "Villarroel - Gran Via"
      }
    },
    {
      "type": "Feature",
      "geometry": {
        "type": "Point",
        "coordinates": [
          2.169251,
          41.388912
        ]
      },
      "properties": {
        "routes": [
          {
            "color": "#DA291C",
            "long_name": "Pl. Catalunya / El Carmel",
            "route_type": 3,
            "short_name": "22",
            "text_color": "#FFFFFF"
          },
          {
            "color": "#6AB023",
            "long_name": "Barceloneta / Av. Tibidabo",
            "route_type": 3,
            "short_name": "V15",
            "text_color": "#FFFFFF"
          }
        ],
        "stop_id": "2.561.676020",
        "stop_name": "Pg de Gràcia - Casp"
      }
    },
    {
      "type": "Feature",
      "geometry": {
        "type": "Point",
        "coordinates": [
          2.164736,
          41.387613
        ]
      },
      "properties": {
        "routes": [
          {
            "color": "#DA291C",
            "long_name": "Pl.Catalunya / Sant Joan Despí",
            "route_type": 3,
            "short_name": "63",
            "text_color": "#FFFFFF"
          },
          {
            "color": "#6AB023",
            "long_name": "Barceloneta / Av. Tibidabo",
            "route_type": 3,
            "short_name": "V15",
            "text_color": "#FFFFFF"
          }
        ],
        "stop_id": "2.562.690784",
        "stop_name": "Balmes - Gran Via"
      }
    },
    {
      "type": "Feature",
      "geometry": {
        "type": "Point",
        "coordinates": [
          2.159951,
          41.38614
        ]
      },
      "properties": {
        "routes": [
          {
            "color": "#DA291C",
            "long_name": "Estació del Nord / Cardenal Reig",
            "route_type": 3,
            "short_name": "54",
            "text_color": "#FFFFFF"
          },
          {
            "color": "#6AB023",
            "long_name": "Pl. Catalunya / Av. Tibidabo",
            "route_type": 3,
            "short_name": "V13",
            "text_color": "#FFFFFF"
          }
        ],
        "stop_id": "2.564.692568",
        "stop_name": "Muntaner - Diputació"
      }
    },
    {
      "type": "Feature",
      "geometry": {
        "type": "Point",
        "coordinates": [
          2.142975,
          41.371723
        ]
      },
      "properties": {
        "routes": [
          {
            "color": "#DA291C",
            "long_name": "Manso / La Bordeta",
            "route_type": 3,
            "short_name": "91",
            "text_color": "#FFFFFF"
          }
        ],
        "stop_id": "2.571.681291",
        "stop_name": "Sant Pere d'Abanto - Moianès"
      }
    },
    {
      "type": "Feature",
      "geometry": {
        "type": "Point",
        "coordinates": [
          2.16752,
          41.389919
        ]
      },
      "properties": {
        "routes": [
          {
            "color": "#DA291C",
            "long_name": "Pl. Catalunya / El Carmel",
            "route_type": 3,
            "short_name": "22",
            "text_color": "#FFFFFF"
          },
          {
            "color": "#DA291C",
            "long_name": "Pl. Catalunya / El Carmel",
            "route_type": 3,
            "short_name": "24",
            "text_color": "#FFFFFF"
          }
        ],
        "stop_id": "2.577.690788",
        "stop_name": "Metro Pg de Gràcia"
      }
    },
    {
      "type": "Feature",
      "geometry": {
        "type": "Point",
        "coordinates": [
          2.11121,
          41.349912
        ]
      },
      "properties": {
        "routes": [
          {
            "color": "#010101",
            "long_name": "Paral·lel - L'Hospitalet (Av. Carrilet)",
            "route_type": 3,
            "short_name": "X3",
            "text_color": "#FFFFFF"
          }
        ],
        "stop_id": "2.581.690941",
        "stop_name": "Parc de Bellvitge"
      }
    },
    {
      "type": "Feature",
      "geometry": {
        "type": "Point",
        "coordinates": [
          2.13681,
          41.375312
        ]
      },
      "properties": {
        "routes": [
          {
            "color": "#DA291C",
            "long_name": "Pl. Catalunya / Collblanc",
            "route_type": 3,
            "short_name": "52",
            "text_color": "#FFFFFF"
          },
          {
            "color": "#93107E",
            "long_name": "Pg. Marítim / Ernest Lluch",
            "route_type": 3,
            "short_name": "D20",
            "text_color": "#FFFFFF"
          },
          {
            "color": "#6AB023",
            "long_name": "Mare de Déu de Port / Pedralbes",
            "route_type": 3,
            "short_name": "V5",
            "text_color": "#FFFFFF"
          }
        ],
        "stop_id": "2.584.675844",
        "stop_name": "Metro Pl de Sants"
      }
    },
    {
      "type": "Feature",
      "geometry": {
        "type": "Point",
        "coordinates": [
          2.139451,
          41.382759
        ]
      },
      "properties": {
        "routes": [
          {
            "color": "#DA291C",
            "long_name": "Estació de Sants / Sant Joan Despí",
            "route_type": 3,
            "short_name": "78",
            "text_color": "#FFFFFF"
          },
          {
            "color": "#93107E",
            "long_name": "Pg. Marítim / Ernest Lluch",
            "route_type": 3,
            "short_name": "D20",
            "text_color": "#FFFFFF"
          },
          {
            "color": "#6AB023",
            "long_name": "Pl. Espanya / Sarrià",
            "route_type": 3,
            "short_name": "V7",
            "text_color": "#FFFFFF"
          }
        ],
        "stop_id": "2.629.675090",
        "stop_name": "Numància - Berlín"
      }
    },
    {
      "type": "Feature",
      "geometry": {
        "type": "Point",
        "coordinates": [
          2.111914,
          41.349755
        ]
      },
      "properties": {
        "routes": [
          {
            "color": "#010101",
            "long_name": "Paral·lel - L'Hospitalet (Av. Carrilet)",
            "route_type": 3,
            "short_name": "X3",
            "text_color": "#FFFFFF"
          }
        ],
        "stop_id": "2.647.675738",
        "stop_name": "Rambla Marina - Av Granvia"
      }
    },
    {
      "type": "Feature",
      "geometry": {
        "type": "Point",
        "coordinates": [
          2.163775,
          41.383044
        ]
      },
      "properties": {
        "routes": [
          {
            "color": "#DA291C",
            "long_name": "Pl. Urquinaona / Parc de Montjuïc",
            "route_type": 3,
            "short_name": "55",
            "text_color": "#FFFFFF"
          },
          {
            "color": "#93107E",
            "long_name": "Paral·lel / Ciutat Meridiana",
            "route_type": 3,
            "short_name": "D50",
            "text_color": "#FFFFFF"
          },
          {
            "color": "#003888",
            "long_name": "Pg. Zona Franca / Fòrum Campus Besòs",
            "route_type": 3,
            "short_name": "H16",
            "text_color": "#FFFFFF"
          }
        ],
        "stop_id": "2.703.674839",
        "stop_name": "Ronda Sant Antoni - Pl Goya"
      }
    },
    {
      "type": "Feature",
      "geometry": {
        "type": "Point",
        "coordinates": [
          2.13188,
          41.375418
        ]
      },
      "properties": {
        "routes": [
          {
            "color": "#DA291C",
            "long_name": "Pl. Catalunya / Collblanc",
            "route_type": 3,
            "short_name": "52",
            "text_color": "#FFFFFF"
          },
          {
            "color": "#93107E",
            "long_name": "Pg. Marítim / Ernest Lluch",
            "route_type": 3,
            "short_name": "D20",
            "text_color": "#FFFFFF"
          }
        ],
        "stop_id": "2.707.675283",
        "stop_name": "Sants - Badal"
      }
    },
    {
      "type": "Feature",
      "geometry": {
        "type": "Point",
        "coordinates": [
          2.134317,
          41.375368
        ]
      },
      "properties": {
        "routes": [
          {
            "color": "#DA291C",
            "long_name": "Pl. Catalunya / Collblanc",
            "route_type": 3,
            "short_name": "52",
            "text_color": "#FFFFFF"
          },
          {
            "color": "#93107E",
            "long_name": "Pg. Marítim / Ernest Lluch",
            "route_type": 3,
            "short_name": "D20",
            "text_color": "#FFFFFF"
          }
        ],
        "stop_id": "2.708.675172",
        "stop_name": "Pl de Sants"
      }
    },
    {
      "type": "Feature",
      "geometry": {
        "type": "Point",
        "coordinates": [
          2.128836,
          41.382732
        ]
      },
      "properties": {
        "routes": [
          {
            "color": "#DA291C",
            "long_name": "Poblenou / Pl. Reina Maria Cristina",
            "route_type": 3,
            "short_name": "59",
            "text_color": "#FFFFFF"
          },
          {
            "color": "#003888",
            "long_name": "Ernest Lluch / Bon Pastor",
            "route_type": 3,
            "short_name": "H8",
            "text_color": "#FFFFFF"
          },
          {
            "color": "#6AB023",
            "long_name": "Mare de Déu de Port / Pedralbes",
            "route_type": 3,
            "short_name": "V5",
            "text_color": "#FFFFFF"
          }
        ],
        "stop_id": "2.709.689839",
        "stop_name": "Les Corts - Carles III"
      }
    },
    {
      "type": "Feature",
      "geometry": {
        "type": "Point",
        "coordinates": [
          2.134608,
          41.366617
        ]
      },
      "properties": {
        "routes": [
          {
            "color": "#DA291C",
            "long_name": "Manso / La Bordeta",
            "route_type": 3,
            "short_name": "91",
            "text_color": "#FFFFFF"
          },
          {
            "color": "#6AB023",
            "long_name": "Zona Franca / Can Caralleu",
            "route_type": 3,
            "short_name": "V3",
            "text_color": "#FFFFFF"
          }
        ],
        "stop_id": "2.760.675170",
        "stop_name": "Badal - Av Carrilet"
      }
    },
    {
      "type": "Feature",
      "geometry": {
        "type": "Point",
        "coordinates": [
          2.121618,
          41.388116
        ]
      },
      "properties": {
        "routes": [
          {
            "color": "#DA291C",
            "long_name": "Pl.Catalunya / Sant Joan Despí",
            "route_type": 3,
            "short_name": "63",
            "text_color": "#FFFFFF"
          },
          {
            "color": "#DA291C",
            "long_name": "Estació de Sants / Sant Joan Despí",
            "route_type": 3,
            "short_name": "78",
            "text_color": "#FFFFFF"
          },
          {
            "color": "#6AB023",
            "long_name": "Mare de Déu de Port / Pedralbes",
            "route_type": 3,
            "short_name": "V5",
            "text_color": "#FFFFFF"
          }
        ],
        "stop_id": "2.765.676590",
        "stop_name": "Pl Pius XII"
      }
    },
    {
      "type": "Feature",
      "geometry": {
        "type": "Point",
        "coordinates": [
          2.122615,
          41.387238
        ]
      },
      "properties": {
        "routes": [
          {
            "color": "#DA291C",
            "long_name": "Les Corts",
            "route_type": 3,
            "short_name": "175",
            "text_color": "#FFFFFF"
          },
          {
            "color": "#DA291C",
            "long_name": "Pl. Catalunya / Cornellà",
            "route_type": 3,
            "short_name": "67",
            "text_color": "#FFFFFF"
          }
        ],
        "stop_id": "2.766.674720",
        "stop_name": "Diagonal - Pl Pius XII"
      }
    },
    {
      "type": "Feature",
      "geometry": {
        "type": "Point",
        "coordinates": [
          2.151919,
          41.377417
        ]
      },
      "properties": {
        "routes": [
          {
            "color": "#DA291C",
            "long_name": "Pl. Catalunya / Collblanc",
            "route_type": 3,
            "short_name": "52",
            "text_color": "#FFFFFF"
          },
          {
            "color": "#003888",
            "long_name": "Gornal / Besòs Verneda",
            "route_type": 3,
            "short_name": "H12",
            "text_color": "#FFFFFF"
          }
        ],
        "stop_id": "2.774.686789",
        "stop_name": "Gran Via - Vilamarí"
      }
    },
    {
      "type": "Feature",
      "geometry": {
        "type": "Point",
        "coordinates": [
          2.152409,
          41.375683
        ]
      },
      "properties": {
        "routes": [
          {
            "color": "#DA291C",
            "long_name": "Mercat Sant Antoni / Parc de Montjuïc",
            "route_type": 3,
            "short_name": "13",
            "text_color": "#FFFFFF"
          },
          {
            "color": "#DA291C",
            "long_name": "Manso / La Bordeta",
            "route_type": 3,
            "short_name": "91",
            "text_color": "#FFFFFF"
          }
        ],
        "stop_id": "2.776.685684",
        "stop_name": "Sepúlveda - Av Mistral"
      }
    },
    {
      "type": "Feature",
      "geometry": {
        "type": "Point",
        "coordinates": [
          2.143614,
          41.380472
        ]
      },
      "properties": {
        "routes": [
          {
            "color": "#DA291C",
            "long_name": "Hospital Clínic / Polígon Zona Franca",
            "route_type": 3,
            "short_name": "109",
            "text_color": "#FFFFFF"
          },
          {
            "color": "#DA291C",
            "long_name": "La Bordeta",
            "route_type": 3,
            "short_name": "115",
            "text_color": "#FFFFFF"
          },
          {
            "color": "#DA291C",
            "long_name": "Estació de Sants / Roquetes",
            "route_type": 3,
            "short_name": "27",
            "text_color": "#FFFFFF"
          },
          {
            "color": "#DA291C",
            "long_name": "Estació de Sants / Sant Joan Despí",
            "route_type": 3,
            "short_name": "78",
            "text_color": "#FFFFFF"
          },
          {
            "color": "#93107E",
            "long_name": "Pl. Espanya / Canyelles",
            "route_type": 3,
            "short_name": "D40",
            "text_color": "#FFFFFF"
          },
          {
            "color": "#003888",
            "long_name": "Pl. Sants / Olímpic de Badalona",
            "route_type": 3,
            "short_name": "H10",
            "text_color": "#FFFFFF"
          },
          {
            "color": "#6AB023",
            "long_name": "Pl. Espanya / Sarrià",
            "route_type": 3,
            "short_name": "V7",
            "text_color": "#FFFFFF"
          }
        ],
        "stop_id": "2.777.674705",
        "stop_name": "Av Roma - Tarragona"
      }
    },
    {
      "type": "Feature",
      "geometry": {
        "type": "Point",
        "coordinates": [
          2.116446,
          41.377434
        ]
      },
      "properties": {
        "routes": [
          {
            "color": "#93107E",
            "long_name": "Pg. Marítim / Ernest Lluch",
            "route_type": 3,
            "short_name": "D20",
            "text_color": "#FFFFFF"
          }
        ],
        "stop_id": "2.778.693751",
        "stop_name": "Av Sant Ramon Nonat - Cardenal Reig"
      }
    },
    {
      "type": "Feature",
      "geometry": {
        "type": "Point",
        "coordinates": [
          2.177001,
          41.389715
        ]
      },
      "properties": {
        "routes": [
          {
            "color": "#DA291C",
            "long_name": "Pl. Catalunya / Sant Genís",
            "route_type": 3,
            "short_name": "19",
            "text_color": "#FFFFFF"
          },
          {
            "color": "#003888",
            "long_name": "Pg. Zona Franca / Fòrum Campus Besòs",
            "route_type": 3,
            "short_name": "H16",
            "text_color": "#FFFFFF"
          }
        ],
        "stop_id": "2.780.690730",
        "stop_name": "Trafalgar - Bruc"
      }
    },
    {
      "type": "Feature",
      "geometry": {
        "type": "Point",
        "coordinates": [
          2.114648,
          41.37576
        ]
      },
      "properties": {
        "routes": [
          {
            "color": "#DA291C",
            "long_name": "Collblanc / Sant Joan Despí",
            "route_type": 3,
            "short_name": "157",
            "text_color": "#FFFFFF"
          }
        ],
        "stop_id": "2.831.692431",
        "stop_name": "Collblanc - Rosich"
      }
    },
    {
      "type": "Feature",
      "geometry": {
        "type": "Point",
        "coordinates": [
          2.121455,
          41.377321
        ]
      },
      "properties": {
        "routes": [
          {
            "color": "#DA291C",
            "long_name": "Les Corts",
            "route_type": 3,
            "short_name": "175",
            "text_color": "#FFFFFF"
          }
        ],
        "stop_id": "2.854.674680",
        "stop_name": "Riera Blanca - Onze de Setembre"
      }
    },
    {
      "type": "Feature",
      "geometry": {
        "type": "Point",
        "coordinates": [
          2.13399,
          41.383907
        ]
      },
      "properties": {
        "routes": [
          {
            "color": "#DA291C",
            "long_name": "Estació del Nord / Cardenal Reig",
            "route_type": 3,
            "short_name": "54",
            "text_color": "#FFFFFF"
          }
        ],
        "stop_id": "2.855.683346",
        "stop_name": "Vallespir - Jardí de Magalí"
      }
    },
    {
      "type": "Feature",
      "geometry": {
        "type": "Point",
        "coordinates": [
          2.125104,
          41.376424
        ]
      },
      "properties": {
        "routes": [
          {
            "color": "#DA291C",
            "long_name": "Pl. Catalunya / Collblanc",
            "route_type": 3,
            "short_name": "52",
            "text_color": "#FFFFFF"
          },
          {
            "color": "#93107E",
            "long_name": "Pg. Marítim / Ernest Lluch",
            "route_type": 3,
            "short_name": "D20",
            "text_color": "#FFFFFF"
          }
        ],
        "stop_id": "2.856.675278",
        "stop_name": "Arizala - Av Madrid"
      }
    },
    {
      "type": "Feature",
      "geometry": {
        "type": "Point",
        "coordinates": [
          2.130095,
          41.377325
        ]
      },
      "properties": {
        "routes": [
          {
            "color": "#DA291C",
            "long_name": "Rambla de Badal / Bonanova",
            "route_type": 3,
            "short_name": "70",
            "text_color": "#FFFFFF"
          }
        ],
        "stop_id": "2.857.682843",
        "stop_name": "Rambla del Brasil - Miquel Àngel"
      }
    },
    {
      "type": "Feature",
      "geometry": {
        "type": "Point",
        "coordinates": [
          2.128729,
          41.379788
        ]
      },
      "properties": {
        "routes": [
          {
            "color": "#6AB023",
            "long_name": "Zona Franca / Can Caralleu",
            "route_type": 3,
            "short_name": "V3",
            "text_color": "#FFFFFF"
          }
        ],
        "stop_id": "2.858.689056",
        "stop_name": "Carles III - Av Madrid"
      }
    },
    {
      "type": "Feature",
      "geometry": {
        "type": "Point",
        "coordinates": [
          2.125777,
          41.390835
        ]
      },
      "properties": {
        "routes": [
          {
            "color": "#DA291C",
            "long_name": "Rambla de Badal / Bonanova",
            "route_type": 3,
            "short_name": "70",
            "text_color": "#FFFFFF"
          }
        ],
        "stop_id": "2.866.674949",
        "stop_name": "Capità Arenas - Pg Manuel Girona"
      }
    },
    {
      "type": "Feature",
      "geometry": {
        "type": "Point",
        "coordinates": [
          2.13764,
          41.362303
        ]
      },
      "properties": {
        "routes": [
          {
            "color": "#DA291C",
            "long_name": "Hospital Clínic / Polígon Zona Franca",
            "route_type": 3,
            "short_name": "109",
            "text_color": "#FFFFFF"
          },
          {
            "color": "#DA291C",
            "long_name": "La Marina",
            "route_type": 3,
            "short_name": "125",
            "text_color": "#FFFFFF"
          },
          {
            "color": "#003888",
            "long_name": "Pg. Zona Franca / Fòrum Campus Besòs",
            "route_type": 3,
            "short_name": "H16",
            "text_color": "#FFFFFF"
          },
          {
            "color": "#6AB023",
            "long_name": "Zona Franca / Can Caralleu",
            "route_type": 3,
            "short_name": "V3",
            "text_color": "#FFFFFF"
          }
        ],
        "stop_id": "2.867.675016",
        "stop_name": "Pg Zona Franca - Mineria"
      }
    },
    {
      "type": "Feature",
      "geometry": {
        "type": "Point",
        "coordinates": [
          2.139984,
          41.368025
        ]
      },
      "properties": {
        "routes": [
          {
            "color": "#DA291C",
            "long_name": "Hospital Clínic / Polígon Zona Franca",
            "route_type": 3,
            "short_name": "109",
            "text_color": "#FFFFFF"
          },
          {
            "color": "#DA291C",
            "long_name": "Pl. Espanya / Aeroport BCN",
            "route_type": 3,
            "short_name": "46",
            "text_color": "#FFFFFF"
          },
          {
            "color": "#DA291C",
            "long_name": "Pl. Espanya / El Prat",
            "route_type": 3,
            "short_name": "65",
            "text_color": "#FFFFFF"
          },
          {
            "color": "#003888",
            "long_name": "Gornal / Besòs Verneda",
            "route_type": 3,
            "short_name": "H12",
            "text_color": "#FFFFFF"
          },
          {
            "color": "#003888",
            "long_name": "Pg. Zona Franca / Fòrum Campus Besòs",
            "route_type": 3,
            "short_name": "H16",
            "text_color": "#FFFFFF"
          },
          {
            "color": "#010101",
            "long_name": "Prat XPRES (Pl. Espanya - Av. Remolar)",
            "route_type": 3,
            "short_name": "X2",
            "text_color": "#FFFFFF"
          }
        ],
        "stop_id": "2.868.698696",
        "stop_name": "La Campana"
      }
    },
    {
      "type": "Feature",
      "geometry": {
        "type": "Point",
        "coordinates": [
          2.140017,
          41.368296
        ]
      },
      "properties": {
        "routes": [
          {
            "color": "#DA291C",
            "long_name": "Hospital Clínic / Polígon Zona Franca",
            "route_type": 3,
            "short_name": "109",
            "text_color": "#FFFFFF"
          },
          {
            "color": "#DA291C",
            "long_name": "Pl. Espanya / Aeroport BCN",
            "route_type": 3,
            "short_name": "46",
            "text_color": "#FFFFFF"
          },
          {
            "color": "#DA291C",
            "long_name": "Pl. Espanya / El Prat",
            "route_type": 3,
            "short_name": "65",
            "text_color": "#FFFFFF"
          },
          {
            "color": "#003888",
            "long_name": "Gornal / Besòs Verneda",
            "route_type": 3,
            "short_name": "H12",
            "text_color": "#FFFFFF"
          },
          {
            "color": "#003888",
            "long_name": "Pg. Zona Franca / Fòrum Campus Besòs",
            "route_type": 3,
            "short_name": "H16",
            "text_color": "#FFFFFF"
          },
          {
            "color": "#6AB023",
            "long_name": "Mare de Déu de Port / Pedralbes",
            "route_type": 3,
            "short_name": "V5",
            "text_color": "#FFFFFF"
          },
          {
            "color": "#010101",
            "long_name": "Prat XPRES (Pl. Espanya - Av. Remolar)",
            "route_type": 3,
            "short_name": "X2",
            "text_color": "#FFFFFF"
          }
        ],
        "stop_id": "2.895.690945",
        "stop_name": "La Campana"
      }
    },
    {
      "type": "Feature",
      "geometry": {
        "type": "Point",
        "coordinates": [
          2.142617,
          41.370232
        ]
      },
      "properties": {
        "routes": [
          {
            "color": "#DA291C",
            "long_name": "Hospital Clínic / Polígon Zona Franca",
            "route_type": 3,
            "short_name": "109",
            "text_color": "#FFFFFF"
          },
          {
            "color": "#DA291C",
            "long_name": "Pl. Espanya / Aeroport BCN",
            "route_type": 3,
            "short_name": "46",
            "text_color": "#FFFFFF"
          },
          {
            "color": "#DA291C",
            "long_name": "Pl. Espanya / El Prat",
            "route_type": 3,
            "short_name": "65",
            "text_color": "#FFFFFF"
          },
          {
            "color": "#003888",
            "long_name": "Gornal / Besòs Verneda",
            "route_type": 3,
            "short_name": "H12",
            "text_color": "#FFFFFF"
          },
          {
            "color": "#003888",
            "long_name": "Pg. Zona Franca / Fòrum Campus Besòs",
            "route_type": 3,
            "short_name": "H16",
            "text_color": "#FFFFFF"
          }
        ],
        "stop_id": "2.907.675713",
        "stop_name": "Gran Via - Moianès"
      }
    },
    {
      "type": "Feature",
      "geometry": {
        "type": "Point",
        "coordinates": [
          2.143916,
          41.373185
        ]
      },
      "properties": {
        "routes": [
          {
            "color": "#DA291C",
            "long_name": "Manso / La Bordeta",
            "route_type": 3,
            "short_name": "91",
            "text_color": "#FFFFFF"
          }
        ],
        "stop_id": "2.908.675180",
        "stop_name": "Ctra de la Bordeta - Àliga"
      }
    },
    {
      "type": "Feature",
      "geometry": {
        "type": "Point",
        "coordinates": [
          2.139994,
          41.371129
        ]
      },
      "properties": {
        "routes": [
          {
            "color": "#DA291C",
            "long_name": "Manso / La Bordeta",
            "route_type": 3,
            "short_name": "91",
            "text_color": "#FFFFFF"
          }
        ],
        "stop_id": "2.909.681678",
        "stop_name": "Gavà - Ptge Solsona"
      }
    },
    {
      "type": "Feature",
      "geometry": {
        "type": "Point",
        "coordinates": [
          2.110728,
          41.345826
        ]
      },
      "properties": {
        "routes": [
          {
            "color": "#DA291C",
            "long_name": "Pl. Espanya / Aeroport BCN",
            "route_type": 3,
            "short_name": "46",
            "text_color": "#FFFFFF"
          },
          {
            "color": "#DA291C",
            "long_name": "Pl. Espanya / El Prat",
            "route_type": 3,
            "short_name": "65",
            "text_color": "#FFFFFF"
          }
        ],
        "stop_id": "2.916.675735",
        "stop_name": "Hospital Oncològic"
      }
    },
    {
      "type": "Feature",
      "geometry": {
        "type": "Point",
        "coordinates": [
          2.106545,
          41.342627
        ]
      },
      "properties": {
        "routes": [
          {
            "color": "#DA291C",
            "long_name": "Pl. Espanya / Aeroport BCN",
            "route_type": 3,
            "short_name": "46",
            "text_color": "#FFFFFF"
          },
          {
            "color": "#DA291C",
            "long_name": "Pl. Espanya / El Prat",
            "route_type": 3,
            "short_name": "65",
            "text_color": "#FFFFFF"
          }
        ],
        "stop_id": "2.917.675732",
        "stop_name": "Av Granvia - Hospital de Bellvitge"
      }
    },
    {
      "type": "Feature",
      "geometry": {
        "type": "Point",
        "coordinates": [
          2.127255,
          41.381911
        ]
      },
      "properties": {
        "routes": [
          {
            "color": "#DA291C",
            "long_name": "Les Corts",
            "route_type": 3,
            "short_name": "175",
            "text_color": "#FFFFFF"
          },
          {
            "color": "#003888",
            "long_name": "Ernest Lluch / Bon Pastor",
            "route_type": 3,
            "short_name": "H8",
            "text_color": "#FFFFFF"
          }
        ],
        "stop_id": "2.923.674678",
        "stop_name": "Les Corts - Mejía Lequerica"
      }
    },
    {
      "type": "Feature",
      "geometry": {
        "type": "Point",
        "coordinates": [
          2.161685,
          41.384377
        ]
      },
      "properties": {
        "routes": [
          {
            "color": "#DA291C",
            "long_name": "Pl. Catalunya / Collblanc",
            "route_type": 3,
            "short_name": "52",
            "text_color": "#FFFFFF"
          },
          {
            "color": "#DA291C",
            "long_name": "Poblenou / Pl. Reina Maria Cristina",
            "route_type": 3,
            "short_name": "59",
            "text_color": "#FFFFFF"
          },
          {
            "color": "#003888",
            "long_name": "Gornal / Besòs Verneda",
            "route_type": 3,
            "short_name": "H12",
            "text_color": "#FFFFFF"
          }
        ],
        "stop_id": "2.927.684222",
        "stop_name": "Gran Via - Muntaner"
      }
    },
    {
      "type": "Feature",
      "geometry": {
        "type": "Point",
        "coordinates": [
          2.131147,
          41.393021
        ]
      },
      "properties": {
        "routes": [
          {
            "color": "#DA291C",
            "long_name": "Rambla de Badal / Bonanova",
            "route_type": 3,
            "short_name": "70",
            "text_color": "#FFFFFF"
          },
          {
            "color": "#003888",
            "long_name": "Zona Universitària / Onze de Setembre",
            "route_type": 3,
            "short_name": "H6",
            "text_color": "#FFFFFF"
          }
        ],
        "stop_id": "2.940.688223",
        "stop_name": "Mitre - Av Sarrià"
      }
    },
    {
      "type": "Feature",
      "geometry": {
        "type": "Point",
        "coordinates": [
          2.141953,
          41.369504
        ]
      },
      "properties": {
        "routes": [
          {
            "color": "#DA291C",
            "long_name": "Hospital Clínic / Polígon Zona Franca",
            "route_type": 3,
            "short_name": "109",
            "text_color": "#FFFFFF"
          },
          {
            "color": "#DA291C",
            "long_name": "Pl. Espanya / Aeroport BCN",
            "route_type": 3,
            "short_name": "46",
            "text_color": "#FFFFFF"
          },
          {
            "color": "#DA291C",
            "long_name": "Pl. Espanya / El Prat",
            "route_type": 3,
            "short_name": "65",
            "text_color": "#FFFFFF"
          },
          {
            "color": "#003888",
            "long_name": "Gornal / Besòs Verneda",
            "route_type": 3,
            "short_name": "H12",
            "text_color": "#FFFFFF"
          },
          {
            "color": "#003888",
            "long_name": "Pg. Zona Franca / Fòrum Campus Besòs",
            "route_type": 3,
            "short_name": "H16",
            "text_color": "#FFFFFF"
          }
        ],
        "stop_id": "2.941.690924",
        "stop_name": "Gran Via - Mandoni"
      }
    },
    {
      "type": "Feature",
      "geometry": {
        "type": "Point",
        "coordinates": [
          2.14957,
          41.374124
        ]
      },
      "properties": {
        "routes": [
          {
            "color": "#DA291C",
            "long_name": "Mercat Sant Antoni / Parc de Montjuïc",
            "route_type": 3,
            "short_name": "13",
            "text_color": "#FFFFFF"
          }
        ],
        "stop_id": "2.943.674564",
        "stop_name": "Pl Espanya - Av Reina Maria Cristina"
      }
    },
    {
      "type": "Feature",
      "geometry": {
        "type": "Point",
        "coordinates": [
          2.147,
          41.369421
        ]
      },
      "properties": {
        "routes": [
          {
            "color": "#DA291C",
            "long_name": "Mercat Sant Antoni / Parc de Montjuïc",
            "route_type": 3,
            "short_name": "13",
            "text_color": "#FFFFFF"
          },
          {
            "color": "#DA291C",
            "long_name": "Pl. Espanya / Castell de Montjuïc",
            "route_type": 3,
            "short_name": "150",
            "text_color": "#FFFFFF"
          },
          {
            "color": "#DA291C",
            "long_name": "Pl. Espanya / Parc Logístic",
            "route_type": 3,
            "short_name": "23",
            "text_color": "#FFFFFF"
          }
        ],
        "stop_id": "2.945.674591",
        "stop_name": "Poble Espanyol"
      }
    },
    {
      "type": "Feature",
      "geometry": {
        "type": "Point",
        "coordinates": [
          2.135869,
          41.386138
        ]
      },
      "properties": {
        "routes": [
          {
            "color": "#DA291C",
            "long_name": "Poblenou / Pl. Reina Maria Cristina",
            "route_type": 3,
            "short_name": "59",
            "text_color": "#FFFFFF"
          },
          {
            "color": "#DA291C",
            "long_name": "Estació de Sants / Sant Joan Despí",
            "route_type": 3,
            "short_name": "78",
            "text_color": "#FFFFFF"
          },
          {
            "color": "#003888",
            "long_name": "Ernest Lluch / Bon Pastor",
            "route_type": 3,
            "short_name": "H8",
            "text_color": "#FFFFFF"
          },
          {
            "color": "#6AB023",
            "long_name": "Pl. Espanya / Sarrià",
            "route_type": 3,
            "short_name": "V7",
            "text_color": "#FFFFFF"
          }
        ],
        "stop_id": "2.990.689527",
        "stop_name": "Numància - Parc Les Corts"
      }
    },
    {
      "type": "Feature",
      "geometry": {
        "type": "Point",
        "coordinates": [
          2.163581,
          41.378447
        ]
      },
      "properties": {
        "routes": [
          {
            "color": "#93107E",
            "long_name": "Paral·lel / Ciutat Meridiana",
            "route_type": 3,
            "short_name": "D50",
            "text_color": "#FFFFFF"
          },
          {
            "color": "#6AB023",
            "long_name": "Estació Marítima (WTC) / Bonanova",
            "route_type": 3,
            "short_name": "V11",
            "text_color": "#FFFFFF"
          }
        ],
        "stop_id": "2.1006.696986",
        "stop_name": "Ronda Sant Pau - Parlament"
      }
    },
    {
      "type": "Feature",
      "geometry": {
        "type": "Point",
        "coordinates": [
          2.141139,
          41.35325
        ]
      },
      "properties": {
        "routes": [
          {
            "color": "#003888",
            "long_name": "Pg. Zona Franca / Fòrum Campus Besòs",
            "route_type": 3,
            "short_name": "H16",
            "text_color": "#FFFFFF"
          }
        ],
        "stop_id": "2.1011.675199",
        "stop_name": "Pl del Nou - Final de trajecte"
      }
    },
    {
      "type": "Feature",
      "geometry": {
        "type": "Point",
        "coordinates": [
          2.145138,
          41.367804
        ]
      },
      "properties": {
        "routes": [
          {
            "color": "#DA291C",
            "long_name": "Pl. Espanya / Castell de Montjuïc",
            "route_type": 3,
            "short_name": "150",
            "text_color": "#FFFFFF"
          },
          {
            "color": "#DA291C",
            "long_name": "Pl. Espanya / Parc Logístic",
            "route_type": 3,
            "short_name": "23",
            "text_color": "#FFFFFF"
          }
        ],
        "stop_id": "2.1030.676543",
        "stop_name": "Av Ferrer i Guàrdia - Av Montanyans"
      }
    },
    {
      "type": "Feature",
      "geometry": {
        "type": "Point",
        "coordinates": [
          2.174754,
          41.387041
        ]
      },
      "properties": {
        "routes": [
          {
            "color": "#DA291C",
            "long_name": "Pg. Marítim / Canyelles",
            "route_type": 3,
            "short_name": "47",
            "text_color": "#FFFFFF"
          },
          {
            "color": "#6AB023",
            "long_name": "Barceloneta / Av. Tibidabo",
            "route_type": 3,
            "short_name": "V15",
            "text_color": "#FFFFFF"
          }
        ],
        "stop_id": "2.1039.700046",
        "stop_name": "Via Laietana - Comtal"
      }
    },
    {
      "type": "Feature",
      "geometry": {
        "type": "Point",
        "coordinates": [
          2.173322,
          41.388783
        ]
      },
      "properties": {
        "routes": [
          {
            "color": "#DA291C",
            "long_name": "Pl. Catalunya / Sant Genís",
            "route_type": 3,
            "short_name": "19",
            "text_color": "#FFFFFF"
          },
          {
            "color": "#003888",
            "long_name": "Pg. Zona Franca / Fòrum Campus Besòs",
            "route_type": 3,
            "short_name": "H16",
            "text_color": "#FFFFFF"
          }
        ],
        "stop_id": "2.1040.690732",
        "stop_name": "Pl Urquinaona"
      }
    },
    {
      "type": "Feature",
      "geometry": {
        "type": "Point",
        "coordinates": [
          2.145139,
          41.351476
        ]
      },
      "properties": {
        "routes": [
          {
            "color": "#DA291C",
            "long_name": "Hospital Clínic / Polígon Zona Franca",
            "route_type": 3,
            "short_name": "109",
            "text_color": "#FFFFFF"
          },
          {
            "color": "#DA291C",
            "long_name": "Pl. Espanya / Parc Logístic",
            "route_type": 3,
            "short_name": "23",
            "text_color": "#FFFFFF"
          },
          {
            "color": "#6AB023",
            "long_name": "Zona Franca / Can Caralleu",
            "route_type": 3,
            "short_name": "V3",
            "text_color": "#FFFFFF"
          }
        ],
        "stop_id": "2.1045.697152",
        "stop_name": "Pg Zona Franca - Motors"
      }
    },
    {
      "type": "Feature",
      "geometry": {
        "type": "Point",
        "coordinates": [
          2.13775,
          41.369928
        ]
      },
      "properties": {
        "routes": [
          {
            "color": "#DA291C",
            "long_name": "Manso / La Bordeta",
            "route_type": 3,
            "short_name": "91",
            "text_color": "#FFFFFF"
          }
        ],
        "stop_id": "2.1057.682738",
        "stop_name": "Constitució - Mossèn Amadeu Oller"
      }
    },
    {
      "type": "Feature",
      "geometry": {
        "type": "Point",
        "coordinates": [
          2.153416,
          41.375731
        ]
      },
      "properties": {
        "routes": [
          {
            "color": "#DA291C",
            "long_name": "Pl. Urquinaona / Parc de Montjuïc",
            "route_type": 3,
            "short_name": "55",
            "text_color": "#FFFFFF"
          }
        ],
        "stop_id": "2.1059.683095",
        "stop_name": "Vilamarí - Av Mistral"
      }
    },
    {
      "type": "Feature",
      "geometry": {
        "type": "Point",
        "coordinates": [
          2.153057,
          41.374825
        ]
      },
      "properties": {
        "routes": [
          {
            "color": "#DA291C",
            "long_name": "Pl. Espanya / El Prat",
            "route_type": 3,
            "short_name": "65",
            "text_color": "#FFFFFF"
          }
        ],
        "stop_id": "2.1062.675188",
        "stop_name": "Av Paral·lel - Lleida - Final de trajecte"
      }
    },
    {
      "type": "Feature",
      "geometry": {
        "type": "Point",
        "coordinates": [
          2.152562,
          41.374833
        ]
      },
      "properties": {
        "routes": [
          {
            "color": "#DA291C",
            "long_name": "Pl. Espanya / Aeroport BCN",
            "route_type": 3,
            "short_name": "46",
            "text_color": "#FFFFFF"
          }
        ],
        "stop_id": "2.1064.675189",
        "stop_name": "Av Paral·lel - Llançà - Final de trajecte"
      }
    },
    {
      "type": "Feature",
      "geometry": {
        "type": "Point",
        "coordinates": [
          2.172543,
          41.389101
        ]
      },
      "properties": {
        "routes": [
          {
            "color": "#DA291C",
            "long_name": "Pl. Urquinaona / Parc de Montjuïc",
            "route_type": 3,
            "short_name": "55",
            "text_color": "#FFFFFF"
          }
        ],
        "stop_id": "2.1067.698578",
        "stop_name": "Pl Urquinaona - Pau Claris - Final de trajecte"
      }
    },
    {
      "type": "Feature",
      "geometry": {
        "type": "Point",
        "coordinates": [
          2.172786,
          41.38902
        ]
      },
      "properties": {
        "routes": [
          {
            "color": "#DA291C",
            "long_name": "Pl. Catalunya / Sant Genís",
            "route_type": 3,
            "short_name": "19",
            "text_color": "#FFFFFF"
          },
          {
            "color": "#93107E",
            "long_name": "Paral·lel / Ciutat Meridiana",
            "route_type": 3,
            "short_name": "D50",
            "text_color": "#FFFFFF"
          },
          {
            "color": "#003888",
            "long_name": "Pg. Zona Franca / Fòrum Campus Besòs",
            "route_type": 3,
            "short_name": "H16",
            "text_color": "#FFFFFF"
          }
        ],
        "stop_id": "2.1069.692556",
        "stop_name": "Metro Urquinaona"
      }
    },
    {
      "type": "Feature",
      "geometry": {
        "type": "Point",
        "coordinates": [
          2.169377,
          41.390143
        ]
      },
      "properties": {
        "routes": [
          {
            "color": "#DA291C",
            "long_name": "Fòrum / Zona Universitària",
            "route_type": 3,
            "short_name": "7",
            "text_color": "#FFFFFF"
          },
          {
            "color": "#93107E",
            "long_name": "Paral·lel / Ciutat Meridiana",
            "route_type": 3,
            "short_name": "D50",
            "text_color": "#FFFFFF"
          },
          {
            "color": "#003888",
            "long_name": "Gornal / Besòs Verneda",
            "route_type": 3,
            "short_name": "H12",
            "text_color": "#FFFFFF"
          },
          {
            "color": "#010101",
            "long_name": "BCN Centre-F.Macià / BCN Centre-Glòries",
            "route_type": 3,
            "short_name": "X1",
            "text_color": "#FFFFFF"
          }
        ],
        "stop_id": "2.1070.674374",
        "stop_name": "Gran Via - Pau Claris"
      }
    },
    {
      "type": "Feature",
      "geometry": {
        "type": "Point",
        "coordinates": [
          2.172852,
          41.389337
        ]
      },
      "properties": {
        "routes": [
          {
            "color": "#DA291C",
            "long_name": "Pl. Urquinaona / Pl. Catalana",
            "route_type": 3,
            "short_name": "39",
            "text_color": "#FFFFFF"
          }
        ],
        "stop_id": "2.1071.698576",
        "stop_name": "Pl Urquinaona - Final de trajecte"
      }
    },
    {
      "type": "Feature",
      "geometry": {
        "type": "Point",
        "coordinates": [
          2.16397,
          41.38607
        ]
      },
      "properties": {
        "routes": [
          {
            "color": "#DA291C",
            "long_name": "Pl. Catalunya / Collblanc",
            "route_type": 3,
            "short_name": "52",
            "text_color": "#FFFFFF"
          },
          {
            "color": "#DA291C",
            "long_name": "Estació del Nord / Cardenal Reig",
            "route_type": 3,
            "short_name": "54",
            "text_color": "#FFFFFF"
          },
          {
            "color": "#DA291C",
            "long_name": "Poblenou / Pl. Reina Maria Cristina",
            "route_type": 3,
            "short_name": "59",
            "text_color": "#FFFFFF"
          },
          {
            "color": "#003888",
            "long_name": "Gornal / Besòs Verneda",
            "route_type": 3,
            "short_name": "H12",
            "text_color": "#FFFFFF"
          },
          {
            "color": "#6AB023",
            "long_name": "Pl. Catalunya / Av. Tibidabo",
            "route_type": 3,
            "short_name": "V13",
            "text_color": "#FFFFFF"
          },
          {
            "color": "#010101",
            "long_name": "BCN Centre-F.Macià / BCN Centre-Glòries",
            "route_type": 3,
            "short_name": "X1",
            "text_color": "#FFFFFF"
          }
        ],
        "stop_id": "2.1075.688054",
        "stop_name": "Pl Universitat"
      }
    },
    {
      "type": "Feature",
      "geometry": {
        "type": "Point",
        "coordinates": [
          2.164493,
          41.385629
        ]
      },
      "properties": {
        "routes": [
          {
            "color": "#DA291C",
            "long_name": "Pl. Urquinaona / Parc de Montjuïc",
            "route_type": 3,
            "short_name": "55",
            "text_color": "#FFFFFF"
          },
          {
            "color": "#93107E",
            "long_name": "Paral·lel / Ciutat Meridiana",
            "route_type": 3,
            "short_name": "D50",
            "text_color": "#FFFFFF"
          },
          {
            "color": "#003888",
            "long_name": "Pg. Zona Franca / Fòrum Campus Besòs",
            "route_type": 3,
            "short_name": "H16",
            "text_color": "#FFFFFF"
          }
        ],
        "stop_id": "2.1076.674840",
        "stop_name": "Pl Universitat - Pelai"
      }
    },
    {
      "type": "Feature",
      "geometry": {
        "type": "Point",
        "coordinates": [
          2.171448,
          41.388581
        ]
      },
      "properties": {
        "routes": [
          {
            "color": "#DA291C",
            "long_name": "Pl. Catalunya / Collblanc",
            "route_type": 3,
            "short_name": "52",
            "text_color": "#FFFFFF"
          }
        ],
        "stop_id": "2.1079.675215",
        "stop_name": "Ronda Sant Pere - Pl Urquinaona - Final trajecte"
      }
    },
    {
      "type": "Feature",
      "geometry": {
        "type": "Point",
        "coordinates": [
          2.169055,
          41.390295
        ]
      },
      "properties": {
        "routes": [
          {
            "color": "#DA291C",
            "long_name": "Estació del Nord / Cardenal Reig",
            "route_type": 3,
            "short_name": "54",
            "text_color": "#FFFFFF"
          },
          {
            "color": "#DA291C",
            "long_name": "Fòrum / Zona Universitària",
            "route_type": 3,
            "short_name": "7",
            "text_color": "#FFFFFF"
          },
          {
            "color": "#003888",
            "long_name": "Gornal / Besòs Verneda",
            "route_type": 3,
            "short_name": "H12",
            "text_color": "#FFFFFF"
          }
        ],
        "stop_id": "2.1081.688046",
        "stop_name": "Gran Via - Pau Claris"
      }
    },
    {
      "type": "Feature",
      "geometry": {
        "type": "Point",
        "coordinates": [
          2.170633,
          41.388275
        ]
      },
      "properties": {
        "routes": [
          {
            "color": "#DA291C",
            "long_name": "Pl. Catalunya / Cornellà",
            "route_type": 3,
            "short_name": "67",
            "text_color": "#FFFFFF"
          }
        ],
        "stop_id": "2.1082.681373",
        "stop_name": "Ronda Sant Pere - Pl Catalunya - Final de trajecte"
      }
    },
    {
      "type": "Feature",
      "geometry": {
        "type": "Point",
        "coordinates": [
          2.170845,
          41.386435
        ]
      },
      "properties": {
        "routes": [
          {
            "color": "#DA291C",
            "long_name": "Pl. Urquinaona / Parc de Montjuïc",
            "route_type": 3,
            "short_name": "55",
            "text_color": "#FFFFFF"
          },
          {
            "color": "#DA291C",
            "long_name": "Poblenou / Pl. Reina Maria Cristina",
            "route_type": 3,
            "short_name": "59",
            "text_color": "#FFFFFF"
          },
          {
            "color": "#003888",
            "long_name": "Pg. Zona Franca / Fòrum Campus Besòs",
            "route_type": 3,
            "short_name": "H16",
            "text_color": "#FFFFFF"
          },
          {
            "color": "#6AB023",
            "long_name": "Barceloneta / Av. Tibidabo",
            "route_type": 3,
            "short_name": "V15",
            "text_color": "#FFFFFF"
          }
        ],
        "stop_id": "2.1103.696950",
        "stop_name": "Pl Catalunya - Portal de l'Àngel"
      }
    },
    {
      "type": "Feature",
      "geometry": {
        "type": "Point",
        "coordinates": [
          2.165264,
          41.386262
        ]
      },
      "properties": {
        "routes": [
          {
            "color": "#DA291C",
            "long_name": "Pl. Urquinaona / Parc de Montjuïc",
            "route_type": 3,
            "short_name": "55",
            "text_color": "#FFFFFF"
          },
          {
            "color": "#DA291C",
            "long_name": "Poblenou / Pl. Reina Maria Cristina",
            "route_type": 3,
            "short_name": "59",
            "text_color": "#FFFFFF"
          },
          {
            "color": "#DA291C",
            "long_name": "Pl. Catalunya / Cornellà",
            "route_type": 3,
            "short_name": "67",
            "text_color": "#FFFFFF"
          },
          {
            "color": "#93107E",
            "long_name": "Paral·lel / Ciutat Meridiana",
            "route_type": 3,
            "short_name": "D50",
            "text_color": "#FFFFFF"
          },
          {
            "color": "#003888",
            "long_name": "Pg. Zona Franca / Fòrum Campus Besòs",
            "route_type": 3,
            "short_name": "H16",
            "text_color": "#FFFFFF"
          },
          {
            "color": "#6AB023",
            "long_name": "Pl. Catalunya / Av. Tibidabo",
            "route_type": 3,
            "short_name": "V13",
            "text_color": "#FFFFFF"
          }
        ],
        "stop_id": "2.1124.697162",
        "stop_name": "Ronda Universitat - Pl Universitat"
      }
    },
    {
      "type": "Feature",
      "geometry": {
        "type": "Point",
        "coordinates": [
          2.180252,
          41.39069
        ]
      },
      "properties": {
        "routes": [
          {
            "color": "#003888",
            "long_name": "Pg. Zona Franca / Fòrum Campus Besòs",
            "route_type": 3,
            "short_name": "H16",
            "text_color": "#FFFFFF"
          },
          {
            "color": "#6AB023",
            "long_name": "Barceloneta / Pl. Alfonso Comín",
            "route_type": 3,
            "short_name": "V19",
            "text_color": "#FFFFFF"
          }
        ],
        "stop_id": "2.1127.675035",
        "stop_name": "Pg Lluís Companys - Arc de Triomf"
      }
    },
    {
      "type": "Feature",
      "geometry": {
        "type": "Point",
        "coordinates": [
          2.136399,
          41.365223
        ]
      },
      "properties": {
        "routes": [
          {
            "color": "#DA291C",
            "long_name": "Hospital Clínic / Polígon Zona Franca",
            "route_type": 3,
            "short_name": "109",
            "text_color": "#FFFFFF"
          },
          {
            "color": "#DA291C",
            "long_name": "Pl. Espanya / Aeroport BCN",
            "route_type": 3,
            "short_name": "46",
            "text_color": "#FFFFFF"
          },
          {
            "color": "#DA291C",
            "long_name": "Pl. Espanya / El Prat",
            "route_type": 3,
            "short_name": "65",
            "text_color": "#FFFFFF"
          },
          {
            "color": "#003888",
            "long_name": "Gornal / Besòs Verneda",
            "route_type": 3,
            "short_name": "H12",
            "text_color": "#FFFFFF"
          },
          {
            "color": "#003888",
            "long_name": "Pg. Zona Franca / Fòrum Campus Besòs",
            "route_type": 3,
            "short_name": "H16",
            "text_color": "#FFFFFF"
          }
        ],
        "stop_id": "2.1173.698925",
        "stop_name": "Gran Via - Física"
      }
    },
    {
      "type": "Feature",
      "geometry": {
        "type": "Point",
        "coordinates": [
          2.152629,
          41.375128
        ]
      },
      "properties": {
        "routes": [
          {
            "color": "#93107E",
            "long_name": "Pg. Marítim / Ernest Lluch",
            "route_type": 3,
            "short_name": "D20",
            "text_color": "#FFFFFF"
          },
          {
            "color": "#003888",
            "long_name": "Pg. Zona Franca / Fòrum Campus Besòs",
            "route_type": 3,
            "short_name": "H16",
            "text_color": "#FFFFFF"
          }
        ],
        "stop_id": "2.1185.695868",
        "stop_name": "Paral·lel - Av Mistral"
      }
    },
    {
      "type": "Feature",
      "geometry": {
        "type": "Point",
        "coordinates": [
          2.168831,
          41.387575
        ]
      },
      "properties": {
        "routes": [
          {
            "color": "#DA291C",
            "long_name": "Pl. Catalunya / El Carmel",
            "route_type": 3,
            "short_name": "24",
            "text_color": "#FFFFFF"
          }
        ],
        "stop_id": "2.1208.687703",
        "stop_name": "Pl Catalunya - Rambla Catalunya - Final de traject"
      }
    },
    {
      "type": "Feature",
      "geometry": {
        "type": "Point",
        "coordinates": [
          2.166431,
          41.387931
        ]
      },
      "properties": {
        "routes": [
          {
            "color": "#DA291C",
            "long_name": "Pl. Catalunya / Collblanc",
            "route_type": 3,
            "short_name": "52",
            "text_color": "#FFFFFF"
          },
          {
            "color": "#DA291C",
            "long_name": "Estació del Nord / Cardenal Reig",
            "route_type": 3,
            "short_name": "54",
            "text_color": "#FFFFFF"
          },
          {
            "color": "#DA291C",
            "long_name": "Pl. Catalunya / Cornellà",
            "route_type": 3,
            "short_name": "67",
            "text_color": "#FFFFFF"
          },
          {
            "color": "#DA291C",
            "long_name": "Fòrum / Zona Universitària",
            "route_type": 3,
            "short_name": "7",
            "text_color": "#FFFFFF"
          },
          {
            "color": "#003888",
            "long_name": "Gornal / Besòs Verneda",
            "route_type": 3,
            "short_name": "H12",
            "text_color": "#FFFFFF"
          }
        ],
        "stop_id": "2.1209.679467",
        "stop_name": "Gran Via - Balmes"
      }
    },
    {
      "type": "Feature",
      "geometry": {
        "type": "Point",
        "coordinates": [
          2.169316,
          41.387757
        ]
      },
      "properties": {
        "routes": [
          {
            "color": "#DA291C",
            "long_name": "Pl. Urquinaona / Parc de Montjuïc",
            "route_type": 3,
            "short_name": "55",
            "text_color": "#FFFFFF"
          },
          {
            "color": "#93107E",
            "long_name": "Paral·lel / Ciutat Meridiana",
            "route_type": 3,
            "short_name": "D50",
            "text_color": "#FFFFFF"
          },
          {
            "color": "#003888",
            "long_name": "Pg. Zona Franca / Fòrum Campus Besòs",
            "route_type": 3,
            "short_name": "H16",
            "text_color": "#FFFFFF"
          }
        ],
        "stop_id": "2.1210.687701",
        "stop_name": "Pl Catalunya - Pg de Gràcia"
      }
    },
    {
      "type": "Feature",
      "geometry": {
        "type": "Point",
        "coordinates": [
          2.153719,
          41.378385
        ]
      },
      "properties": {
        "routes": [
          {
            "color": "#DA291C",
            "long_name": "Pl. Catalunya / Collblanc",
            "route_type": 3,
            "short_name": "52",
            "text_color": "#FFFFFF"
          },
          {
            "color": "#003888",
            "long_name": "Gornal / Besòs Verneda",
            "route_type": 3,
            "short_name": "H12",
            "text_color": "#FFFFFF"
          }
        ],
        "stop_id": "2.1254.674368",
        "stop_name": "Gran Via - Entença"
      }
    },
    {
      "type": "Feature",
      "geometry": {
        "type": "Point",
        "coordinates": [
          2.15467,
          41.377377
        ]
      },
      "properties": {
        "routes": [
          {
            "color": "#DA291C",
            "long_name": "Mercat Sant Antoni / Parc de Montjuïc",
            "route_type": 3,
            "short_name": "13",
            "text_color": "#FFFFFF"
          },
          {
            "color": "#DA291C",
            "long_name": "Pl. Urquinaona / Parc de Montjuïc",
            "route_type": 3,
            "short_name": "55",
            "text_color": "#FFFFFF"
          },
          {
            "color": "#DA291C",
            "long_name": "Manso / La Bordeta",
            "route_type": 3,
            "short_name": "91",
            "text_color": "#FFFFFF"
          }
        ],
        "stop_id": "2.1255.690665",
        "stop_name": "Sepúlveda - Rocafort"
      }
    },
    {
      "type": "Feature",
      "geometry": {
        "type": "Point",
        "coordinates": [
          2.170547,
          41.387727
        ]
      },
      "properties": {
        "routes": [
          {
            "color": "#93107E",
            "long_name": "Paral·lel / Ciutat Meridiana",
            "route_type": 3,
            "short_name": "D50",
            "text_color": "#FFFFFF"
          }
        ],
        "stop_id": "2.1257.692595",
        "stop_name": "Pl Catalunya - Ronda Sant Pere"
      }
    },
    {
      "type": "Feature",
      "geometry": {
        "type": "Point",
        "coordinates": [
          2.170423,
          41.38536
        ]
      },
      "properties": {
        "routes": [
          {
            "color": "#DA291C",
            "long_name": "Poblenou / Pl. Reina Maria Cristina",
            "route_type": 3,
            "short_name": "59",
            "text_color": "#FFFFFF"
          }
        ],
        "stop_id": "2.1258.700017",
        "stop_name": "La Rambla - Pl Catalunya"
      }
    },
    {
      "type": "Feature",
      "geometry": {
        "type": "Point",
        "coordinates": [
          2.114639,
          41.375919
        ]
      },
      "properties": {
        "routes": [
          {
            "color": "#DA291C",
            "long_name": "Collblanc / Sant Joan Despí",
            "route_type": 3,
            "short_name": "157",
            "text_color": "#FFFFFF"
          },
          {
            "color": "#DA291C",
            "long_name": "Estació del Nord / Cardenal Reig",
            "route_type": 3,
            "short_name": "54",
            "text_color": "#FFFFFF"
          },
          {
            "color": "#93107E",
            "long_name": "Pg. Marítim / Ernest Lluch",
            "route_type": 3,
            "short_name": "D20",
            "text_color": "#FFFFFF"
          },
          {
            "color": "#003888",
            "long_name": "Ernest Lluch / Bon Pastor",
            "route_type": 3,
            "short_name": "H8",
            "text_color": "#FFFFFF"
          }
        ],
        "stop_id": "2.1259.681594",
        "stop_name": "Collblanc - Cardenal Reig"
      }
    },
    {
      "type": "Feature",
      "geometry": {
        "type": "Point",
        "coordinates": [
          2.147954,
          41.385099
        ]
      },
      "properties": {
        "routes": [
          {
            "color": "#DA291C",
            "long_name": "Esq. de l'Eixample",
            "route_type": 3,
            "short_name": "141",
            "text_color": "#FFFFFF"
          }
        ],
        "stop_id": "2.1267.696832",
        "stop_name": "Calàbria - Provença"
      }
    },
    {
      "type": "Feature",
      "geometry": {
        "type": "Point",
        "coordinates": [
          2.169525,
          41.386552
        ]
      },
      "properties": {
        "routes": [
          {
            "color": "#6AB023",
            "long_name": "Pl. Catalunya / Av. Tibidabo",
            "route_type": 3,
            "short_name": "V13",
            "text_color": "#FFFFFF"
          }
        ],
        "stop_id": "2.1271.675212",
        "stop_name": "Pl Catalunya - Bergara - Final de trajecte"
      }
    },
    {
      "type": "Feature",
      "geometry": {
        "type": "Point",
        "coordinates": [
          2.14488,
          41.371705
        ]
      },
      "properties": {
        "routes": [
          {
            "color": "#DA291C",
            "long_name": "Hospital Clínic / Polígon Zona Franca",
            "route_type": 3,
            "short_name": "109",
            "text_color": "#FFFFFF"
          },
          {
            "color": "#DA291C",
            "long_name": "Pl. Espanya / Aeroport BCN",
            "route_type": 3,
            "short_name": "46",
            "text_color": "#FFFFFF"
          },
          {
            "color": "#DA291C",
            "long_name": "Pl. Espanya / El Prat",
            "route_type": 3,
            "short_name": "65",
            "text_color": "#FFFFFF"
          },
          {
            "color": "#DA291C",
            "long_name": "Manso / La Bordeta",
            "route_type": 3,
            "short_name": "91",
            "text_color": "#FFFFFF"
          },
          {
            "color": "#003888",
            "long_name": "Gornal / Besòs Verneda",
            "route_type": 3,
            "short_name": "H12",
            "text_color": "#FFFFFF"
          },
          {
            "color": "#003888",
            "long_name": "Pg. Zona Franca / Fòrum Campus Besòs",
            "route_type": 3,
            "short_name": "H16",
            "text_color": "#FFFFFF"
          }
        ],
        "stop_id": "2.1310.689969",
        "stop_name": "Gran Via - Santa Dorotea"
      }
    },
    {
      "type": "Feature",
      "geometry": {
        "type": "Point",
        "coordinates": [
          2.143169,
          41.354767
        ]
      },
      "properties": {
        "routes": [
          {
            "color": "#DA291C",
            "long_name": "Hospital Clínic / Polígon Zona Franca",
            "route_type": 3,
            "short_name": "109",
            "text_color": "#FFFFFF"
          },
          {
            "color": "#DA291C",
            "long_name": "Pl. Espanya / Parc Logístic",
            "route_type": 3,
            "short_name": "23",
            "text_color": "#FFFFFF"
          },
          {
            "color": "#003888",
            "long_name": "Pg. Zona Franca / Fòrum Campus Besòs",
            "route_type": 3,
            "short_name": "H16",
            "text_color": "#FFFFFF"
          },
          {
            "color": "#6AB023",
            "long_name": "Zona Franca / Can Caralleu",
            "route_type": 3,
            "short_name": "V3",
            "text_color": "#FFFFFF"
          }
        ],
        "stop_id": "2.1323.675012",
        "stop_name": "Pg Zona Franca - Cisell"
      }
    },
    {
      "type": "Feature",
      "geometry": {
        "type": "Point",
        "coordinates": [
          2.121489,
          41.37605
        ]
      },
      "properties": {
        "routes": [
          {
            "color": "#DA291C",
            "long_name": "Pl. Catalunya / Collblanc",
            "route_type": 3,
            "short_name": "52",
            "text_color": "#FFFFFF"
          }
        ],
        "stop_id": "2.1361.690118",
        "stop_name": "Riera Blanca - Trav de les Corts - Final trajecte"
      }
    },
    {
      "type": "Feature",
      "geometry": {
        "type": "Point",
        "coordinates": [
          2.130779,
          41.375223
        ]
      },
      "properties": {
        "routes": [
          {
            "color": "#DA291C",
            "long_name": "Rambla de Badal / Bonanova",
            "route_type": 3,
            "short_name": "70",
            "text_color": "#FFFFFF"
          }
        ],
        "stop_id": "2.1362.688312",
        "stop_name": "Badal - Sants"
      }
    },
    {
      "type": "Feature",
      "geometry": {
        "type": "Point",
        "coordinates": [
          2.128986,
          41.378894
        ]
      },
      "properties": {
        "routes": [
          {
            "color": "#DA291C",
            "long_name": "Rambla de Badal / Bonanova",
            "route_type": 3,
            "short_name": "70",
            "text_color": "#FFFFFF"
          }
        ],
        "stop_id": "2.1363.675277",
        "stop_name": "Rambla del Brasil - Violant d'Hongria"
      }
    },
    {
      "type": "Feature",
      "geometry": {
        "type": "Point",
        "coordinates": [
          2.136604,
          41.375438
        ]
      },
      "properties": {
        "routes": [
          {
            "color": "#DA291C",
            "long_name": "Pl. Catalunya / Collblanc",
            "route_type": 3,
            "short_name": "52",
            "text_color": "#FFFFFF"
          },
          {
            "color": "#93107E",
            "long_name": "Pg. Marítim / Ernest Lluch",
            "route_type": 3,
            "short_name": "D20",
            "text_color": "#FFFFFF"
          }
        ],
        "stop_id": "2.1364.676375",
        "stop_name": "Metro Pl de Sants"
      }
    },
    {
      "type": "Feature",
      "geometry": {
        "type": "Point",
        "coordinates": [
          2.139312,
          41.375385
        ]
      },
      "properties": {
        "routes": [
          {
            "color": "#DA291C",
            "long_name": "Pl. Catalunya / Collblanc",
            "route_type": 3,
            "short_name": "52",
            "text_color": "#FFFFFF"
          },
          {
            "color": "#93107E",
            "long_name": "Pg. Marítim / Ernest Lluch",
            "route_type": 3,
            "short_name": "D20",
            "text_color": "#FFFFFF"
          }
        ],
        "stop_id": "2.1365.674933",
        "stop_name": "Sants - Premià"
      }
    },
    {
      "type": "Feature",
      "geometry": {
        "type": "Point",
        "coordinates": [
          2.161561,
          41.381507
        ]
      },
      "properties": {
        "routes": [
          {
            "color": "#DA291C",
            "long_name": "Ciutat Vella",
            "route_type": 3,
            "short_name": "120",
            "text_color": "#FFFFFF"
          },
          {
            "color": "#DA291C",
            "long_name": "Esq. de l'Eixample",
            "route_type": 3,
            "short_name": "141",
            "text_color": "#FFFFFF"
          },
          {
            "color": "#DA291C",
            "long_name": "Pl. Urquinaona / Parc de Montjuïc",
            "route_type": 3,
            "short_name": "55",
            "text_color": "#FFFFFF"
          },
          {
            "color": "#93107E",
            "long_name": "Paral·lel / Ciutat Meridiana",
            "route_type": 3,
            "short_name": "D50",
            "text_color": "#FFFFFF"
          },
          {
            "color": "#003888",
            "long_name": "Pg. Zona Franca / Fòrum Campus Besòs",
            "route_type": 3,
            "short_name": "H16",
            "text_color": "#FFFFFF"
          },
          {
            "color": "#6AB023",
            "long_name": "Estació Marítima (WTC) / Bonanova",
            "route_type": 3,
            "short_name": "V11",
            "text_color": "#FFFFFF"
          }
        ],
        "stop_id": "2.1366.692575",
        "stop_name": "Villarroel - Sepúlveda"
      }
    },
    {
      "type": "Feature",
      "geometry": {
        "type": "Point",
        "coordinates": [
          2.155468,
          41.374889
        ]
      },
      "properties": {
        "routes": [
          {
            "color": "#93107E",
            "long_name": "Pg. Marítim / Ernest Lluch",
            "route_type": 3,
            "short_name": "D20",
            "text_color": "#FFFFFF"
          }
        ],
        "stop_id": "2.1367.690900",
        "stop_name": "Paral·lel - Tamarit"
      }
    },
    {
      "type": "Feature",
      "geometry": {
        "type": "Point",
        "coordinates": [
          2.155173,
          41.374199
        ]
      },
      "properties": {
        "routes": [
          {
            "color": "#DA291C",
            "long_name": "Pl. Urquinaona / Parc de Montjuïc",
            "route_type": 3,
            "short_name": "55",
            "text_color": "#FFFFFF"
          }
        ],
        "stop_id": "2.1368.697331",
        "stop_name": "Tamarit - Lleida"
      }
    },
    {
      "type": "Feature",
      "geometry": {
        "type": "Point",
        "coordinates": [
          2.154201,
          41.374508
        ]
      },
      "properties": {
        "routes": [
          {
            "color": "#DA291C",
            "long_name": "Pl. Espanya / Castell de Montjuïc",
            "route_type": 3,
            "short_name": "150",
            "text_color": "#FFFFFF"
          },
          {
            "color": "#DA291C",
            "long_name": "Pl. Urquinaona / Parc de Montjuïc",
            "route_type": 3,
            "short_name": "55",
            "text_color": "#FFFFFF"
          },
          {
            "color": "#010101",
            "long_name": "Paral·lel - L'Hospitalet (Av. Carrilet)",
            "route_type": 3,
            "short_name": "X3",
            "text_color": "#FFFFFF"
          }
        ],
        "stop_id": "2.1369.692808",
        "stop_name": "Lleida - Av Paral·lel"
      }
    },
    {
      "type": "Feature",
      "geometry": {
        "type": "Point",
        "coordinates": [
          2.158372,
          41.377237
        ]
      },
      "properties": {
        "routes": [
          {
            "color": "#DA291C",
            "long_name": "Ciutat Vella",
            "route_type": 3,
            "short_name": "120",
            "text_color": "#FFFFFF"
          },
          {
            "color": "#DA291C",
            "long_name": "Mercat Sant Antoni / Parc de Montjuïc",
            "route_type": 3,
            "short_name": "13",
            "text_color": "#FFFFFF"
          },
          {
            "color": "#DA291C",
            "long_name": "Manso / La Bordeta",
            "route_type": 3,
            "short_name": "91",
            "text_color": "#FFFFFF"
          }
        ],
        "stop_id": "2.1370.683093",
        "stop_name": "Calàbria - Av Mistral"
      }
    },
    {
      "type": "Feature",
      "geometry": {
        "type": "Point",
        "coordinates": [
          2.123687,
          41.378573
        ]
      },
      "properties": {
        "routes": [
          {
            "color": "#DA291C",
            "long_name": "Pl. Catalunya / Collblanc",
            "route_type": 3,
            "short_name": "52",
            "text_color": "#FFFFFF"
          },
          {
            "color": "#DA291C",
            "long_name": "Estació del Nord / Cardenal Reig",
            "route_type": 3,
            "short_name": "54",
            "text_color": "#FFFFFF"
          },
          {
            "color": "#93107E",
            "long_name": "Pg. Marítim / Ernest Lluch",
            "route_type": 3,
            "short_name": "D20",
            "text_color": "#FFFFFF"
          }
        ],
        "stop_id": "2.1373.675271",
        "stop_name": "Arizala - Les Corts"
      }
    },
    {
      "type": "Feature",
      "geometry": {
        "type": "Point",
        "coordinates": [
          2.126945,
          41.387436
        ]
      },
      "properties": {
        "routes": [
          {
            "color": "#DA291C",
            "long_name": "Les Corts",
            "route_type": 3,
            "short_name": "175",
            "text_color": "#FFFFFF"
          },
          {
            "color": "#DA291C",
            "long_name": "Rambla de Badal / Bonanova",
            "route_type": 3,
            "short_name": "70",
            "text_color": "#FFFFFF"
          },
          {
            "color": "#6AB023",
            "long_name": "Zona Franca / Can Caralleu",
            "route_type": 3,
            "short_name": "V3",
            "text_color": "#FFFFFF"
          },
          {
            "color": "#6AB023",
            "long_name": "Mare de Déu de Port / Pedralbes",
            "route_type": 3,
            "short_name": "V5",
            "text_color": "#FFFFFF"
          }
        ],
        "stop_id": "2.1376.695931",
        "stop_name": "Carles III - Maria Cristina"
      }
    },
    {
      "type": "Feature",
      "geometry": {
        "type": "Point",
        "coordinates": [
          2.127233,
          41.384214
        ]
      },
      "properties": {
        "routes": [
          {
            "color": "#DA291C",
            "long_name": "Les Corts",
            "route_type": 3,
            "short_name": "175",
            "text_color": "#FFFFFF"
          },
          {
            "color": "#DA291C",
            "long_name": "Poblenou / Pl. Reina Maria Cristina",
            "route_type": 3,
            "short_name": "59",
            "text_color": "#FFFFFF"
          },
          {
            "color": "#DA291C",
            "long_name": "Rambla de Badal / Bonanova",
            "route_type": 3,
            "short_name": "70",
            "text_color": "#FFFFFF"
          },
          {
            "color": "#6AB023",
            "long_name": "Zona Franca / Can Caralleu",
            "route_type": 3,
            "short_name": "V3",
            "text_color": "#FFFFFF"
          },
          {
            "color": "#6AB023",
            "long_name": "Mare de Déu de Port / Pedralbes",
            "route_type": 3,
            "short_name": "V5",
            "text_color": "#FFFFFF"
          }
        ],
        "stop_id": "2.1378.675293",
        "stop_name": "Carles III - Mejía Lequerica"
      }
    },
    {
      "type": "Feature",
      "geometry": {
        "type": "Point",
        "coordinates": [
          2.129228,
          41.37998
        ]
      },
      "properties": {
        "routes": [
          {
            "color": "#DA291C",
            "long_name": "Les Corts",
            "route_type": 3,
            "short_name": "175",
            "text_color": "#FFFFFF"
          },
          {
            "color": "#DA291C",
            "long_name": "Rambla de Badal / Bonanova",
            "route_type": 3,
            "short_name": "70",
            "text_color": "#FFFFFF"
          }
        ],
        "stop_id": "2.1379.675276",
        "stop_name": "Gran Via Carles III - Av Madrid"
      }
    },
    {
      "type": "Feature",
      "geometry": {
        "type": "Point",
        "coordinates": [
          2.132859,
          41.389153
        ]
      },
      "properties": {
        "routes": [
          {
            "color": "#DA291C",
            "long_name": "Estació de Sants / Sant Joan Despí",
            "route_type": 3,
            "short_name": "78",
            "text_color": "#FFFFFF"
          },
          {
            "color": "#6AB023",
            "long_name": "Pl. Espanya / Sarrià",
            "route_type": 3,
            "short_name": "V7",
            "text_color": "#FFFFFF"
          }
        ],
        "stop_id": "2.1380.681532",
        "stop_name": "Numància - Diagonal"
      }
    },
    {
      "type": "Feature",
      "geometry": {
        "type": "Point",
        "coordinates": [
          2.142089,
          41.381164
        ]
      },
      "properties": {
        "routes": [
          {
            "color": "#DA291C",
            "long_name": "Estació de Sants / Roquetes",
            "route_type": 3,
            "short_name": "27",
            "text_color": "#FFFFFF"
          },
          {
            "color": "#93107E",
            "long_name": "Pl. Espanya / Canyelles",
            "route_type": 3,
            "short_name": "D40",
            "text_color": "#FFFFFF"
          }
        ],
        "stop_id": "2.1414.674711",
        "stop_name": "Josep Tarradellas - Numància"
      }
    },
    {
      "type": "Feature",
      "geometry": {
        "type": "Point",
        "coordinates": [
          2.122077,
          41.354971
        ]
      },
      "properties": {
        "routes": [
          {
            "color": "#DA291C",
            "long_name": "Pl. Espanya / Aeroport BCN",
            "route_type": 3,
            "short_name": "46",
            "text_color": "#FFFFFF"
          },
          {
            "color": "#DA291C",
            "long_name": "Pl. Espanya / El Prat",
            "route_type": 3,
            "short_name": "65",
            "text_color": "#FFFFFF"
          },
          {
            "color": "#003888",
            "long_name": "Gornal / Besòs Verneda",
            "route_type": 3,
            "short_name": "H12",
            "text_color": "#FFFFFF"
          }
        ],
        "stop_id": "2.1434.681618",
        "stop_name": "Av Granvia - Can Tries"
      }
    },
    {
      "type": "Feature",
      "geometry": {
        "type": "Point",
        "coordinates": [
          2.11081,
          41.375973
        ]
      },
      "properties": {
        "routes": [
          {
            "color": "#DA291C",
            "long_name": "Collblanc / Sant Joan Despí",
            "route_type": 3,
            "short_name": "157",
            "text_color": "#FFFFFF"
          }
        ],
        "stop_id": "2.1438.697845",
        "stop_name": "Ctra de Collblanc - Metro Ernest Lluch"
      }
    },
    {
      "type": "Feature",
      "geometry": {
        "type": "Point",
        "coordinates": [
          2.110329,
          41.375837
        ]
      },
      "properties": {
        "routes": [
          {
            "color": "#DA291C",
            "long_name": "Collblanc / Sant Joan Despí",
            "route_type": 3,
            "short_name": "157",
            "text_color": "#FFFFFF"
          }
        ],
        "stop_id": "2.1439.697847",
        "stop_name": "Metro Ernest Lluch"
      }
    },
    {
      "type": "Feature",
      "geometry": {
        "type": "Point",
        "coordinates": [
          2.163068,
          41.37925
        ]
      },
      "properties": {
        "routes": [
          {
            "color": "#DA291C",
            "long_name": "Ciutat Vella",
            "route_type": 3,
            "short_name": "120",
            "text_color": "#FFFFFF"
          },
          {
            "color": "#DA291C",
            "long_name": "Esq. de l'Eixample",
            "route_type": 3,
            "short_name": "141",
            "text_color": "#FFFFFF"
          },
          {
            "color": "#DA291C",
            "long_name": "Pl. Urquinaona / Parc de Montjuïc",
            "route_type": 3,
            "short_name": "55",
            "text_color": "#FFFFFF"
          },
          {
            "color": "#93107E",
            "long_name": "Paral·lel / Ciutat Meridiana",
            "route_type": 3,
            "short_name": "D50",
            "text_color": "#FFFFFF"
          },
          {
            "color": "#003888",
            "long_name": "Pg. Zona Franca / Fòrum Campus Besòs",
            "route_type": 3,
            "short_name": "H16",
            "text_color": "#FFFFFF"
          },
          {
            "color": "#6AB023",
            "long_name": "Estació Marítima (WTC) / Bonanova",
            "route_type": 3,
            "short_name": "V11",
            "text_color": "#FFFFFF"
          }
        ],
        "stop_id": "2.1464.699548",
        "stop_name": "Ronda Sant Antoni - Comte d'Urgell"
      }
    },
    {
      "type": "Feature",
      "geometry": {
        "type": "Point",
        "coordinates": [
          2.158922,
          41.382694
        ]
      },
      "properties": {
        "routes": [
          {
            "color": "#DA291C",
            "long_name": "Pl. Catalunya / Collblanc",
            "route_type": 3,
            "short_name": "52",
            "text_color": "#FFFFFF"
          },
          {
            "color": "#003888",
            "long_name": "Gornal / Besòs Verneda",
            "route_type": 3,
            "short_name": "H12",
            "text_color": "#FFFFFF"
          }
        ],
        "stop_id": "2.1468.688727",
        "stop_name": "Gran Via - Villarroel"
      }
    },
    {
      "type": "Feature",
      "geometry": {
        "type": "Point",
        "coordinates": [
          2.159086,
          41.382423
        ]
      },
      "properties": {
        "routes": [
          {
            "color": "#DA291C",
            "long_name": "Pl. Catalunya / Collblanc",
            "route_type": 3,
            "short_name": "52",
            "text_color": "#FFFFFF"
          },
          {
            "color": "#003888",
            "long_name": "Gornal / Besòs Verneda",
            "route_type": 3,
            "short_name": "H12",
            "text_color": "#FFFFFF"
          }
        ],
        "stop_id": "2.1469.688221",
        "stop_name": "Gran Via - Urgell"
      }
    },
    {
      "type": "Feature",
      "geometry": {
        "type": "Point",
        "coordinates": [
          2.151352,
          41.382545
        ]
      },
      "properties": {
        "routes": [
          {
            "color": "#DA291C",
            "long_name": "Esq. de l'Eixample",
            "route_type": 3,
            "short_name": "141",
            "text_color": "#FFFFFF"
          }
        ],
        "stop_id": "2.1491.696830",
        "stop_name": "Calàbria - Aragó"
      }
    },
    {
      "type": "Feature",
      "geometry": {
        "type": "Point",
        "coordinates": [
          2.145213,
          41.378369
        ]
      },
      "properties": {
        "routes": [
          {
            "color": "#DA291C",
            "long_name": "Hospital Clínic / Polígon Zona Franca",
            "route_type": 3,
            "short_name": "109",
            "text_color": "#FFFFFF"
          },
          {
            "color": "#DA291C",
            "long_name": "La Bordeta",
            "route_type": 3,
            "short_name": "115",
            "text_color": "#FFFFFF"
          },
          {
            "color": "#93107E",
            "long_name": "Pg. Marítim / Ernest Lluch",
            "route_type": 3,
            "short_name": "D20",
            "text_color": "#FFFFFF"
          },
          {
            "color": "#6AB023",
            "long_name": "Mare de Déu de Port / Pedralbes",
            "route_type": 3,
            "short_name": "V5",
            "text_color": "#FFFFFF"
          }
        ],
        "stop_id": "2.1499.688168",
        "stop_name": "Metro Tarragona"
      }
    },
    {
      "type": "Feature",
      "geometry": {
        "type": "Point",
        "coordinates": [
          2.161455,
          41.380647
        ]
      },
      "properties": {
        "routes": [
          {
            "color": "#DA291C",
            "long_name": "Ciutat Vella",
            "route_type": 3,
            "short_name": "120",
            "text_color": "#FFFFFF"
          },
          {
            "color": "#DA291C",
            "long_name": "Pl. Urquinaona / Parc de Montjuïc",
            "route_type": 3,
            "short_name": "55",
            "text_color": "#FFFFFF"
          },
          {
            "color": "#93107E",
            "long_name": "Paral·lel / Ciutat Meridiana",
            "route_type": 3,
            "short_name": "D50",
            "text_color": "#FFFFFF"
          },
          {
            "color": "#003888",
            "long_name": "Pg. Zona Franca / Fòrum Campus Besòs",
            "route_type": 3,
            "short_name": "H16",
            "text_color": "#FFFFFF"
          }
        ],
        "stop_id": "2.1545.675073",
        "stop_name": "Floridablanca - Comte d'Urgell"
      }
    },
    {
      "type": "Feature",
      "geometry": {
        "type": "Point",
        "coordinates": [
          2.155913,
          41.380036
        ]
      },
      "properties": {
        "routes": [
          {
            "color": "#DA291C",
            "long_name": "Pl. Catalunya / Collblanc",
            "route_type": 3,
            "short_name": "52",
            "text_color": "#FFFFFF"
          },
          {
            "color": "#003888",
            "long_name": "Gornal / Besòs Verneda",
            "route_type": 3,
            "short_name": "H12",
            "text_color": "#FFFFFF"
          }
        ],
        "stop_id": "2.1556.674369",
        "stop_name": "Gran Via - Viladomat"
      }
    },
    {
      "type": "Feature",
      "geometry": {
        "type": "Point",
        "coordinates": [
          2.144103,
          41.366194
        ]
      },
      "properties": {
        "routes": [
          {
            "color": "#DA291C",
            "long_name": "Mercat Sant Antoni / Parc de Montjuïc",
            "route_type": 3,
            "short_name": "13",
            "text_color": "#FFFFFF"
          }
        ],
        "stop_id": "2.1563.685493",
        "stop_name": "Camí del Polvorí - Estadi Serrahima"
      }
    },
    {
      "type": "Feature",
      "geometry": {
        "type": "Point",
        "coordinates": [
          2.14351,
          41.36434
        ]
      },
      "properties": {
        "routes": [
          {
            "color": "#DA291C",
            "long_name": "Mercat Sant Antoni / Parc de Montjuïc",
            "route_type": 3,
            "short_name": "13",
            "text_color": "#FFFFFF"
          }
        ],
        "stop_id": "2.1564.674569",
        "stop_name": "Segura - Estadi Serrahima"
      }
    },
    {
      "type": "Feature",
      "geometry": {
        "type": "Point",
        "coordinates": [
          2.141489,
          41.365457
        ]
      },
      "properties": {
        "routes": [
          {
            "color": "#DA291C",
            "long_name": "Mercat Sant Antoni / Parc de Montjuïc",
            "route_type": 3,
            "short_name": "13",
            "text_color": "#FFFFFF"
          }
        ],
        "stop_id": "2.1565.676748",
        "stop_name": "Segura - Barri del Polvorí"
      }
    },
    {
      "type": "Feature",
      "geometry": {
        "type": "Point",
        "coordinates": [
          2.141662,
          41.365312
        ]
      },
      "properties": {
        "routes": [
          {
            "color": "#DA291C",
            "long_name": "La Marina",
            "route_type": 3,
            "short_name": "125",
            "text_color": "#FFFFFF"
          },
          {
            "color": "#DA291C",
            "long_name": "Mercat Sant Antoni / Parc de Montjuïc",
            "route_type": 3,
            "short_name": "13",
            "text_color": "#FFFFFF"
          }
        ],
        "stop_id": "2.1566.674578",
        "stop_name": "Segura - Fortuna"
      }
    },
    {
      "type": "Feature",
      "geometry": {
        "type": "Point",
        "coordinates": [
          2.143334,
          41.364375
        ]
      },
      "properties": {
        "routes": [
          {
            "color": "#DA291C",
            "long_name": "La Marina",
            "route_type": 3,
            "short_name": "125",
            "text_color": "#FFFFFF"
          },
          {
            "color": "#DA291C",
            "long_name": "Mercat Sant Antoni / Parc de Montjuïc",
            "route_type": 3,
            "short_name": "13",
            "text_color": "#FFFFFF"
          }
        ],
        "stop_id": "2.1567.674581",
        "stop_name": "Segura - Polvorí"
      }
    },
    {
      "type": "Feature",
      "geometry": {
        "type": "Point",
        "coordinates": [
          2.144961,
          41.365382
        ]
      },
      "properties": {
        "routes": [
          {
            "color": "#DA291C",
            "long_name": "Mercat Sant Antoni / Parc de Montjuïc",
            "route_type": 3,
            "short_name": "13",
            "text_color": "#FFFFFF"
          }
        ],
        "stop_id": "2.1568.694105",
        "stop_name": "Polvorí - Camí de la Foixarda"
      }
    },
    {
      "type": "Feature",
      "geometry": {
        "type": "Point",
        "coordinates": [
          2.144628,
          41.368073
        ]
      },
      "properties": {
        "routes": [
          {
            "color": "#DA291C",
            "long_name": "Mercat Sant Antoni / Parc de Montjuïc",
            "route_type": 3,
            "short_name": "13",
            "text_color": "#FFFFFF"
          }
        ],
        "stop_id": "2.1569.674587",
        "stop_name": "Polvorí - Av Ferrer i Guàrdia"
      }
    },
    {
      "type": "Feature",
      "geometry": {
        "type": "Point",
        "coordinates": [
          2.136713,
          41.384969
        ]
      },
      "properties": {
        "routes": [
          {
            "color": "#DA291C",
            "long_name": "Estació del Nord / Cardenal Reig",
            "route_type": 3,
            "short_name": "54",
            "text_color": "#FFFFFF"
          }
        ],
        "stop_id": "2.1575.675291",
        "stop_name": "Marquès de Sentmenat - Numància"
      }
    },
    {
      "type": "Feature",
      "geometry": {
        "type": "Point",
        "coordinates": [
          2.132811,
          41.380815
        ]
      },
      "properties": {
        "routes": [
          {
            "color": "#DA291C",
            "long_name": "Estació del Nord / Cardenal Reig",
            "route_type": 3,
            "short_name": "54",
            "text_color": "#FFFFFF"
          },
          {
            "color": "#93107E",
            "long_name": "Pg. Marítim / Ernest Lluch",
            "route_type": 3,
            "short_name": "D20",
            "text_color": "#FFFFFF"
          }
        ],
        "stop_id": "2.1576.683582",
        "stop_name": "Av Madrid - Joan Güell"
      }
    },
    {
      "type": "Feature",
      "geometry": {
        "type": "Point",
        "coordinates": [
          2.132669,
          41.385284
        ]
      },
      "properties": {
        "routes": [
          {
            "color": "#DA291C",
            "long_name": "Poblenou / Pl. Reina Maria Cristina",
            "route_type": 3,
            "short_name": "59",
            "text_color": "#FFFFFF"
          },
          {
            "color": "#003888",
            "long_name": "Ernest Lluch / Bon Pastor",
            "route_type": 3,
            "short_name": "H8",
            "text_color": "#FFFFFF"
          }
        ],
        "stop_id": "2.1577.674686",
        "stop_name": "Les Corts - Vallespir"
      }
    },
    {
      "type": "Feature",
      "geometry": {
        "type": "Point",
        "coordinates": [
          2.136063,
          41.381885
        ]
      },
      "properties": {
        "routes": [
          {
            "color": "#DA291C",
            "long_name": "Estació del Nord / Cardenal Reig",
            "route_type": 3,
            "short_name": "54",
            "text_color": "#FFFFFF"
          },
          {
            "color": "#93107E",
            "long_name": "Pg. Marítim / Ernest Lluch",
            "route_type": 3,
            "short_name": "D20",
            "text_color": "#FFFFFF"
          }
        ],
        "stop_id": "2.1578.691990",
        "stop_name": "Pl del Centre"
      }
    },
    {
      "type": "Feature",
      "geometry": {
        "type": "Point",
        "coordinates": [
          2.112261,
          41.348273
        ]
      },
      "properties": {
        "routes": [
          {
            "color": "#DA291C",
            "long_name": "Pl. Espanya / Aeroport BCN",
            "route_type": 3,
            "short_name": "46",
            "text_color": "#FFFFFF"
          },
          {
            "color": "#DA291C",
            "long_name": "Pl. Espanya / El Prat",
            "route_type": 3,
            "short_name": "65",
            "text_color": "#FFFFFF"
          }
        ],
        "stop_id": "2.1611.675903",
        "stop_name": "Parc de Bellvitge"
      }
    },
    {
      "type": "Feature",
      "geometry": {
        "type": "Point",
        "coordinates": [
          2.11024,
          41.346167
        ]
      },
      "properties": {
        "routes": [
          {
            "color": "#DA291C",
            "long_name": "Pl. Espanya / Aeroport BCN",
            "route_type": 3,
            "short_name": "46",
            "text_color": "#FFFFFF"
          },
          {
            "color": "#DA291C",
            "long_name": "Pl. Espanya / El Prat",
            "route_type": 3,
            "short_name": "65",
            "text_color": "#FFFFFF"
          }
        ],
        "stop_id": "2.1612.691674",
        "stop_name": "Hospital Oncològic"
      }
    },
    {
      "type": "Feature",
      "geometry": {
        "type": "Point",
        "coordinates": [
          2.110198,
          41.35162
        ]
      },
      "properties": {
        "routes": [
          {
            "color": "#010101",
            "long_name": "Paral·lel - L'Hospitalet (Av. Carrilet)",
            "route_type": 3,
            "short_name": "X3",
            "text_color": "#FFFFFF"
          }
        ],
        "stop_id": "2.1613.690930",
        "stop_name": "Metro Bellvitge Rambla Marina"
      }
    },
    {
      "type": "Feature",
      "geometry": {
        "type": "Point",
        "coordinates": [
          2.159895,
          41.37488
        ]
      },
      "properties": {
        "routes": [
          {
            "color": "#93107E",
            "long_name": "Pg. Marítim / Ernest Lluch",
            "route_type": 3,
            "short_name": "D20",
            "text_color": "#FFFFFF"
          },
          {
            "color": "#010101",
            "long_name": "Paral·lel - L'Hospitalet (Av. Carrilet)",
            "route_type": 3,
            "short_name": "X3",
            "text_color": "#FFFFFF"
          }
        ],
        "stop_id": "2.1620.691595",
        "stop_name": "Metro Poble Sec"
      }
    },
    {
      "type": "Feature",
      "geometry": {
        "type": "Point",
        "coordinates": [
          2.142583,
          41.339524
        ]
      },
      "properties": {
        "routes": [
          {
            "color": "#DA291C",
            "long_name": "Hospital Clínic / Polígon Zona Franca",
            "route_type": 3,
            "short_name": "109",
            "text_color": "#FFFFFF"
          },
          {
            "color": "#DA291C",
            "long_name": "Paral·lel / El Prat",
            "route_type": 3,
            "short_name": "21",
            "text_color": "#FFFFFF"
          }
        ],
        "stop_id": "2.1640.698013",
        "stop_name": "Carrer A - Comissaria Portuària"
      }
    },
    {
      "type": "Feature",
      "geometry": {
        "type": "Point",
        "coordinates": [
          2.112228,
          41.376343
        ]
      },
      "properties": {
        "routes": [
          {
            "color": "#93107E",
            "long_name": "Pg. Marítim / Ernest Lluch",
            "route_type": 3,
            "short_name": "D20",
            "text_color": "#FFFFFF"
          },
          {
            "color": "#003888",
            "long_name": "Ernest Lluch / Bon Pastor",
            "route_type": 3,
            "short_name": "H8",
            "text_color": "#FFFFFF"
          }
        ],
        "stop_id": "2.1649.698914",
        "stop_name": "Camí de la Torre Melina - Av de Xile"
      }
    },
    {
      "type": "Feature",
      "geometry": {
        "type": "Point",
        "coordinates": [
          2.145284,
          41.343925
        ]
      },
      "properties": {
        "routes": [
          {
            "color": "#DA291C",
            "long_name": "Hospital Clínic / Polígon Zona Franca",
            "route_type": 3,
            "short_name": "109",
            "text_color": "#FFFFFF"
          },
          {
            "color": "#DA291C",
            "long_name": "Paral·lel / El Prat",
            "route_type": 3,
            "short_name": "21",
            "text_color": "#FFFFFF"
          },
          {
            "color": "#DA291C",
            "long_name": "Pl. Espanya / Parc Logístic",
            "route_type": 3,
            "short_name": "23",
            "text_color": "#FFFFFF"
          }
        ],
        "stop_id": "2.1669.698023",
        "stop_name": "Carrer A - Carrer número 1"
      }
    },
    {
      "type": "Feature",
      "geometry": {
        "type": "Point",
        "coordinates": [
          2.14228,
          41.346736
        ]
      },
      "properties": {
        "routes": [
          {
            "color": "#DA291C",
            "long_name": "Hospital Clínic / Polígon Zona Franca",
            "route_type": 3,
            "short_name": "109",
            "text_color": "#FFFFFF"
          },
          {
            "color": "#DA291C",
            "long_name": "Paral·lel / El Prat",
            "route_type": 3,
            "short_name": "21",
            "text_color": "#FFFFFF"
          },
          {
            "color": "#DA291C",
            "long_name": "Pl. Espanya / Parc Logístic",
            "route_type": 3,
            "short_name": "23",
            "text_color": "#FFFFFF"
          },
          {
            "color": "#6AB023",
            "long_name": "Zona Franca / Can Caralleu",
            "route_type": 3,
            "short_name": "V3",
            "text_color": "#FFFFFF"
          }
        ],
        "stop_id": "2.1670.688269",
        "stop_name": "Transports Metropolitans de Barcelona"
      }
    },
    {
      "type": "Feature",
      "geometry": {
        "type": "Point",
        "coordinates": [
          2.142219,
          41.346705
        ]
      },
      "properties": {
        "routes": [
          {
            "color": "#DA291C",
            "long_name": "Paral·lel / El Prat",
            "route_type": 3,
            "short_name": "21",
            "text_color": "#FFFFFF"
          }
        ],
        "stop_id": "2.1671.675007",
        "stop_name": "Area Metropolitana de Barcelona"
      }
    },
    {
      "type": "Feature",
      "geometry": {
        "type": "Point",
        "coordinates": [
          2.119821,
          41.377057
        ]
      },
      "properties": {
        "routes": [
          {
            "color": "#DA291C",
            "long_name": "Collblanc / Sant Joan Despí",
            "route_type": 3,
            "short_name": "157",
            "text_color": "#FFFFFF"
          },
          {
            "color": "#DA291C",
            "long_name": "Estació del Nord / Cardenal Reig",
            "route_type": 3,
            "short_name": "54",
            "text_color": "#FFFFFF"
          },
          {
            "color": "#93107E",
            "long_name": "Pg. Marítim / Ernest Lluch",
            "route_type": 3,
            "short_name": "D20",
            "text_color": "#FFFFFF"
          },
          {
            "color": "#003888",
            "long_name": "Ernest Lluch / Bon Pastor",
            "route_type": 3,
            "short_name": "H8",
            "text_color": "#FFFFFF"
          }
        ],
        "stop_id": "2.1713.691613",
        "stop_name": "Les Corts - Aurora Bertrana"
      }
    },
    {
      "type": "Feature",
      "geometry": {
        "type": "Point",
        "coordinates": [
          2.127706,
          41.378713
        ]
      },
      "properties": {
        "routes": [
          {
            "color": "#DA291C",
            "long_name": "Estació del Nord / Cardenal Reig",
            "route_type": 3,
            "short_name": "54",
            "text_color": "#FFFFFF"
          },
          {
            "color": "#93107E",
            "long_name": "Pg. Marítim / Ernest Lluch",
            "route_type": 3,
            "short_name": "D20",
            "text_color": "#FFFFFF"
          }
        ],
        "stop_id": "2.1752.688987",
        "stop_name": "Av Madrid - Carles III"
      }
    },
    {
      "type": "Feature",
      "geometry": {
        "type": "Point",
        "coordinates": [
          2.125406,
          41.377393
        ]
      },
      "properties": {
        "routes": [
          {
            "color": "#DA291C",
            "long_name": "Estació del Nord / Cardenal Reig",
            "route_type": 3,
            "short_name": "54",
            "text_color": "#FFFFFF"
          },
          {
            "color": "#93107E",
            "long_name": "Pg. Marítim / Ernest Lluch",
            "route_type": 3,
            "short_name": "D20",
            "text_color": "#FFFFFF"
          }
        ],
        "stop_id": "2.1753.688989",
        "stop_name": "Av Madrid - Benavent"
      }
    },
    {
      "type": "Feature",
      "geometry": {
        "type": "Point",
        "coordinates": [
          2.123659,
          41.376134
        ]
      },
      "properties": {
        "routes": [
          {
            "color": "#DA291C",
            "long_name": "Estació del Nord / Cardenal Reig",
            "route_type": 3,
            "short_name": "54",
            "text_color": "#FFFFFF"
          },
          {
            "color": "#93107E",
            "long_name": "Pg. Marítim / Ernest Lluch",
            "route_type": 3,
            "short_name": "D20",
            "text_color": "#FFFFFF"
          }
        ],
        "stop_id": "2.1754.679805",
        "stop_name": "Av Madrid - Comte de Güell"
      }
    },
    {
      "type": "Feature",
      "geometry": {
        "type": "Point",
        "coordinates": [
          2.122873,
          41.375605
        ]
      },
      "properties": {
        "routes": [
          {
            "color": "#DA291C",
            "long_name": "Pl. Catalunya / Collblanc",
            "route_type": 3,
            "short_name": "52",
            "text_color": "#FFFFFF"
          },
          {
            "color": "#93107E",
            "long_name": "Pg. Marítim / Ernest Lluch",
            "route_type": 3,
            "short_name": "D20",
            "text_color": "#FFFFFF"
          }
        ],
        "stop_id": "2.1755.686166",
        "stop_name": "Sants - Munné"
      }
    },
    {
      "type": "Feature",
      "geometry": {
        "type": "Point",
        "coordinates": [
          2.128797,
          41.375601
        ]
      },
      "properties": {
        "routes": [
          {
            "color": "#DA291C",
            "long_name": "Pl. Catalunya / Collblanc",
            "route_type": 3,
            "short_name": "52",
            "text_color": "#FFFFFF"
          },
          {
            "color": "#93107E",
            "long_name": "Pg. Marítim / Ernest Lluch",
            "route_type": 3,
            "short_name": "D20",
            "text_color": "#FFFFFF"
          }
        ],
        "stop_id": "2.1756.675280",
        "stop_name": "Metro Badal"
      }
    },
    {
      "type": "Feature",
      "geometry": {
        "type": "Point",
        "coordinates": [
          2.127962,
          41.375499
        ]
      },
      "properties": {
        "routes": [
          {
            "color": "#DA291C",
            "long_name": "Pl. Catalunya / Collblanc",
            "route_type": 3,
            "short_name": "52",
            "text_color": "#FFFFFF"
          },
          {
            "color": "#93107E",
            "long_name": "Pg. Marítim / Ernest Lluch",
            "route_type": 3,
            "short_name": "D20",
            "text_color": "#FFFFFF"
          }
        ],
        "stop_id": "2.1766.686067",
        "stop_name": "Metro Badal"
      }
    },
    {
      "type": "Feature",
      "geometry": {
        "type": "Point",
        "coordinates": [
          2.13427,
          41.375489
        ]
      },
      "properties": {
        "routes": [
          {
            "color": "#DA291C",
            "long_name": "Pl. Catalunya / Collblanc",
            "route_type": 3,
            "short_name": "52",
            "text_color": "#FFFFFF"
          },
          {
            "color": "#93107E",
            "long_name": "Pg. Marítim / Ernest Lluch",
            "route_type": 3,
            "short_name": "D20",
            "text_color": "#FFFFFF"
          }
        ],
        "stop_id": "2.1767.675173",
        "stop_name": "Pl de Sants"
      }
    },
    {
      "type": "Feature",
      "geometry": {
        "type": "Point",
        "coordinates": [
          2.131029,
          41.375555
        ]
      },
      "properties": {
        "routes": [
          {
            "color": "#DA291C",
            "long_name": "Pl. Catalunya / Collblanc",
            "route_type": 3,
            "short_name": "52",
            "text_color": "#FFFFFF"
          },
          {
            "color": "#93107E",
            "long_name": "Pg. Marítim / Ernest Lluch",
            "route_type": 3,
            "short_name": "D20",
            "text_color": "#FFFFFF"
          }
        ],
        "stop_id": "2.1768.675282",
        "stop_name": "Sants - Rambla del Brasil"
      }
    },
    {
      "type": "Feature",
      "geometry": {
        "type": "Point",
        "coordinates": [
          2.133047,
          41.369376
        ]
      },
      "properties": {
        "routes": [
          {
            "color": "#6AB023",
            "long_name": "Zona Franca / Can Caralleu",
            "route_type": 3,
            "short_name": "V3",
            "text_color": "#FFFFFF"
          }
        ],
        "stop_id": "2.1769.675169",
        "stop_name": "Badal - Constitució"
      }
    },
    {
      "type": "Feature",
      "geometry": {
        "type": "Point",
        "coordinates": [
          2.105187,
          41.343168
        ]
      },
      "properties": {
        "routes": [
          {
            "color": "#DA291C",
            "long_name": "Pl. Espanya / Aeroport BCN",
            "route_type": 3,
            "short_name": "46",
            "text_color": "#FFFFFF"
          },
          {
            "color": "#DA291C",
            "long_name": "Pl. Espanya / El Prat",
            "route_type": 3,
            "short_name": "65",
            "text_color": "#FFFFFF"
          }
        ],
        "stop_id": "2.1789.692052",
        "stop_name": "Hospital de Bellvitge"
      }
    },
    {
      "type": "Feature",
      "geometry": {
        "type": "Point",
        "coordinates": [
          2.169782,
          41.386255
        ]
      },
      "properties": {
        "routes": [
          {
            "color": "#DA291C",
            "long_name": "Pl.Catalunya / Sant Joan Despí",
            "route_type": 3,
            "short_name": "63",
            "text_color": "#FFFFFF"
          }
        ],
        "stop_id": "2.1797.675863",
        "stop_name": "Plaça Catalunya - Final de trajecte"
      }
    },
    {
      "type": "Feature",
      "geometry": {
        "type": "Point",
        "coordinates": [
          2.145704,
          41.376557
        ]
      },
      "properties": {
        "routes": [
          {
            "color": "#DA291C",
            "long_name": "La Bordeta",
            "route_type": 3,
            "short_name": "115",
            "text_color": "#FFFFFF"
          },
          {
            "color": "#6AB023",
            "long_name": "Mare de Déu de Port / Pedralbes",
            "route_type": 3,
            "short_name": "V5",
            "text_color": "#FFFFFF"
          }
        ],
        "stop_id": "2.1841.686030",
        "stop_name": "Consell de Cent - Rector Triadó"
      }
    },
    {
      "type": "Feature",
      "geometry": {
        "type": "Point",
        "coordinates": [
          2.142472,
          41.374266
        ]
      },
      "properties": {
        "routes": [
          {
            "color": "#DA291C",
            "long_name": "La Bordeta",
            "route_type": 3,
            "short_name": "115",
            "text_color": "#FFFFFF"
          },
          {
            "color": "#6AB023",
            "long_name": "Mare de Déu de Port / Pedralbes",
            "route_type": 3,
            "short_name": "V5",
            "text_color": "#FFFFFF"
          }
        ],
        "stop_id": "2.1842.694031",
        "stop_name": "Moianès - Vilardell"
      }
    },
    {
      "type": "Feature",
      "geometry": {
        "type": "Point",
        "coordinates": [
          2.134587,
          41.369524
        ]
      },
      "properties": {
        "routes": [
          {
            "color": "#DA291C",
            "long_name": "La Bordeta",
            "route_type": 3,
            "short_name": "115",
            "text_color": "#FFFFFF"
          },
          {
            "color": "#DA291C",
            "long_name": "Manso / La Bordeta",
            "route_type": 3,
            "short_name": "91",
            "text_color": "#FFFFFF"
          }
        ],
        "stop_id": "2.1848.692258",
        "stop_name": "Constitució - Riera de Tena"
      }
    },
    {
      "type": "Feature",
      "geometry": {
        "type": "Point",
        "coordinates": [
          2.13771,
          41.370357
        ]
      },
      "properties": {
        "routes": [
          {
            "color": "#DA291C",
            "long_name": "La Bordeta",
            "route_type": 3,
            "short_name": "115",
            "text_color": "#FFFFFF"
          },
          {
            "color": "#6AB023",
            "long_name": "Mare de Déu de Port / Pedralbes",
            "route_type": 3,
            "short_name": "V5",
            "text_color": "#FFFFFF"
          }
        ],
        "stop_id": "2.1849.685785",
        "stop_name": "Olzinelles - Constitució"
      }
    },
    {
      "type": "Feature",
      "geometry": {
        "type": "Point",
        "coordinates": [
          2.137049,
          41.371937
        ]
      },
      "properties": {
        "routes": [
          {
            "color": "#DA291C",
            "long_name": "La Bordeta",
            "route_type": 3,
            "short_name": "115",
            "text_color": "#FFFFFF"
          },
          {
            "color": "#6AB023",
            "long_name": "Mare de Déu de Port / Pedralbes",
            "route_type": 3,
            "short_name": "V5",
            "text_color": "#FFFFFF"
          }
        ],
        "stop_id": "2.1850.675890",
        "stop_name": "Olzinelles - Noguera Pallaresa"
      }
    },
    {
      "type": "Feature",
      "geometry": {
        "type": "Point",
        "coordinates": [
          2.136371,
          41.374228
        ]
      },
      "properties": {
        "routes": [
          {
            "color": "#DA291C",
            "long_name": "La Bordeta",
            "route_type": 3,
            "short_name": "115",
            "text_color": "#FFFFFF"
          },
          {
            "color": "#6AB023",
            "long_name": "Mare de Déu de Port / Pedralbes",
            "route_type": 3,
            "short_name": "V5",
            "text_color": "#FFFFFF"
          }
        ],
        "stop_id": "2.1851.686140",
        "stop_name": "Pl Bonet i Muixí"
      }
    },
    {
      "type": "Feature",
      "geometry": {
        "type": "Point",
        "coordinates": [
          2.122464,
          41.383518
        ]
      },
      "properties": {
        "routes": [
          {
            "color": "#DA291C",
            "long_name": "La Mercè",
            "route_type": 3,
            "short_name": "113",
            "text_color": "#FFFFFF"
          }
        ],
        "stop_id": "2.1862.699380",
        "stop_name": "Av Joan XXIII - Maternitat"
      }
    },
    {
      "type": "Feature",
      "geometry": {
        "type": "Point",
        "coordinates": [
          2.166933,
          41.385956
        ]
      },
      "properties": {
        "routes": [
          {
            "color": "#DA291C",
            "long_name": "Poblenou / Pl. Reina Maria Cristina",
            "route_type": 3,
            "short_name": "59",
            "text_color": "#FFFFFF"
          },
          {
            "color": "#DA291C",
            "long_name": "Pl.Catalunya / Sant Joan Despí",
            "route_type": 3,
            "short_name": "63",
            "text_color": "#FFFFFF"
          }
        ],
        "stop_id": "2.1905.696934",
        "stop_name": "Balmes - Pelai"
      }
    },
    {
      "type": "Feature",
      "geometry": {
        "type": "Point",
        "coordinates": [
          2.14033,
          41.360594
        ]
      },
      "properties": {
        "routes": [
          {
            "color": "#DA291C",
            "long_name": "La Marina",
            "route_type": 3,
            "short_name": "125",
            "text_color": "#FFFFFF"
          },
          {
            "color": "#DA291C",
            "long_name": "Mercat Sant Antoni / Parc de Montjuïc",
            "route_type": 3,
            "short_name": "13",
            "text_color": "#FFFFFF"
          },
          {
            "color": "#6AB023",
            "long_name": "Mare de Déu de Port / Pedralbes",
            "route_type": 3,
            "short_name": "V5",
            "text_color": "#FFFFFF"
          }
        ],
        "stop_id": "2.1912.684268",
        "stop_name": "Mare de Déu de Port - Foneria"
      }
    },
    {
      "type": "Feature",
      "geometry": {
        "type": "Point",
        "coordinates": [
          2.142398,
          41.359782
        ]
      },
      "properties": {
        "routes": [
          {
            "color": "#DA291C",
            "long_name": "La Marina",
            "route_type": 3,
            "short_name": "125",
            "text_color": "#FFFFFF"
          }
        ],
        "stop_id": "2.1913.694033",
        "stop_name": "Alts Forns - Mare de Déu de Port"
      }
    },
    {
      "type": "Feature",
      "geometry": {
        "type": "Point",
        "coordinates": [
          2.144037,
          41.358417
        ]
      },
      "properties": {
        "routes": [
          {
            "color": "#DA291C",
            "long_name": "Mercat Sant Antoni / Parc de Montjuïc",
            "route_type": 3,
            "short_name": "13",
            "text_color": "#FFFFFF"
          },
          {
            "color": "#DA291C",
            "long_name": "Pl. Espanya / Parc Logístic",
            "route_type": 3,
            "short_name": "23",
            "text_color": "#FFFFFF"
          },
          {
            "color": "#6AB023",
            "long_name": "Mare de Déu de Port / Pedralbes",
            "route_type": 3,
            "short_name": "V5",
            "text_color": "#FFFFFF"
          },
          {
            "color": "#010101",
            "long_name": "Paral·lel - L'Hospitalet (Av. Carrilet)",
            "route_type": 3,
            "short_name": "X3",
            "text_color": "#FFFFFF"
          }
        ],
        "stop_id": "2.1914.675960",
        "stop_name": "Foc - Mare de Déu de Port"
      }
    },
    {
      "type": "Feature",
      "geometry": {
        "type": "Point",
        "coordinates": [
          2.14448,
          41.359464
        ]
      },
      "properties": {
        "routes": [
          {
            "color": "#DA291C",
            "long_name": "Mercat Sant Antoni / Parc de Montjuïc",
            "route_type": 3,
            "short_name": "13",
            "text_color": "#FFFFFF"
          }
        ],
        "stop_id": "2.1915.688250",
        "stop_name": "Ferrocarrils Catalans - Foc"
      }
    },
    {
      "type": "Feature",
      "geometry": {
        "type": "Point",
        "coordinates": [
          2.143043,
          41.360311
        ]
      },
      "properties": {
        "routes": [
          {
            "color": "#DA291C",
            "long_name": "Mercat Sant Antoni / Parc de Montjuïc",
            "route_type": 3,
            "short_name": "13",
            "text_color": "#FFFFFF"
          }
        ],
        "stop_id": "2.1916.691554",
        "stop_name": "Ferrocarrils Catalans - Alts Forns"
      }
    },
    {
      "type": "Feature",
      "geometry": {
        "type": "Point",
        "coordinates": [
          2.141343,
          41.361311
        ]
      },
      "properties": {
        "routes": [
          {
            "color": "#DA291C",
            "long_name": "La Marina",
            "route_type": 3,
            "short_name": "125",
            "text_color": "#FFFFFF"
          },
          {
            "color": "#DA291C",
            "long_name": "Mercat Sant Antoni / Parc de Montjuïc",
            "route_type": 3,
            "short_name": "13",
            "text_color": "#FFFFFF"
          },
          {
            "color": "#6AB023",
            "long_name": "Mare de Déu de Port / Pedralbes",
            "route_type": 3,
            "short_name": "V5",
            "text_color": "#FFFFFF"
          }
        ],
        "stop_id": "2.1917.697017",
        "stop_name": "Ferrocarrils Catalans - Aviador Duran"
      }
    },
    {
      "type": "Feature",
      "geometry": {
        "type": "Point",
        "coordinates": [
          2.130816,
          41.391369
        ]
      },
      "properties": {
        "routes": [
          {
            "color": "#6AB023",
            "long_name": "Pl. Espanya / Sarrià",
            "route_type": 3,
            "short_name": "V7",
            "text_color": "#FFFFFF"
          }
        ],
        "stop_id": "2.1953.675999",
        "stop_name": "Numància - Ronda General Mitre"
      }
    },
    {
      "type": "Feature",
      "geometry": {
        "type": "Point",
        "coordinates": [
          2.140537,
          41.362561
        ]
      },
      "properties": {
        "routes": [
          {
            "color": "#DA291C",
            "long_name": "Mercat Sant Antoni / Parc de Montjuïc",
            "route_type": 3,
            "short_name": "13",
            "text_color": "#FFFFFF"
          }
        ],
        "stop_id": "2.1954.676002",
        "stop_name": "Segura - Anoia"
      }
    },
    {
      "type": "Feature",
      "geometry": {
        "type": "Point",
        "coordinates": [
          2.141768,
          41.362895
        ]
      },
      "properties": {
        "routes": [
          {
            "color": "#DA291C",
            "long_name": "La Marina",
            "route_type": 3,
            "short_name": "125",
            "text_color": "#FFFFFF"
          },
          {
            "color": "#DA291C",
            "long_name": "Mercat Sant Antoni / Parc de Montjuïc",
            "route_type": 3,
            "short_name": "13",
            "text_color": "#FFFFFF"
          }
        ],
        "stop_id": "2.1955.677995",
        "stop_name": "Segura - Foneria"
      }
    },
    {
      "type": "Feature",
      "geometry": {
        "type": "Point",
        "coordinates": [
          2.129587,
          41.377266
        ]
      },
      "properties": {
        "routes": [
          {
            "color": "#DA291C",
            "long_name": "Rambla de Badal / Bonanova",
            "route_type": 3,
            "short_name": "70",
            "text_color": "#FFFFFF"
          }
        ],
        "stop_id": "2.1970.683285",
        "stop_name": "Rambla del Brasil - Roger"
      }
    },
    {
      "type": "Feature",
      "geometry": {
        "type": "Point",
        "coordinates": [
          2.134108,
          41.366544
        ]
      },
      "properties": {
        "routes": [
          {
            "color": "#6AB023",
            "long_name": "Zona Franca / Can Caralleu",
            "route_type": 3,
            "short_name": "V3",
            "text_color": "#FFFFFF"
          }
        ],
        "stop_id": "2.1976.676520",
        "stop_name": "Badal - Av Carrilet"
      }
    },
    {
      "type": "Feature",
      "geometry": {
        "type": "Point",
        "coordinates": [
          2.152836,
          41.374825
        ]
      },
      "properties": {
        "routes": [
          {
            "color": "#010101",
            "long_name": "Prat XPRES (Pl. Espanya - Av. Remolar)",
            "route_type": 3,
            "short_name": "X2",
            "text_color": "#FFFFFF"
          }
        ],
        "stop_id": "2.1982.676178",
        "stop_name": "Av Paral·lel - Final de trajecte"
      }
    },
    {
      "type": "Feature",
      "geometry": {
        "type": "Point",
        "coordinates": [
          2.160487,
          41.376671
        ]
      },
      "properties": {
        "routes": [
          {
            "color": "#DA291C",
            "long_name": "Ciutat Vella",
            "route_type": 3,
            "short_name": "120",
            "text_color": "#FFFFFF"
          }
        ],
        "stop_id": "2.2043.697951",
        "stop_name": "Manso - Calàbria"
      }
    },
    {
      "type": "Feature",
      "geometry": {
        "type": "Point",
        "coordinates": [
          2.163744,
          41.38034
        ]
      },
      "properties": {
        "routes": [
          {
            "color": "#DA291C",
            "long_name": "Ciutat Vella",
            "route_type": 3,
            "short_name": "120",
            "text_color": "#FFFFFF"
          }
        ],
        "stop_id": "2.2044.692189",
        "stop_name": "Riera Alta - Nou de Dulce"
      }
    },
    {
      "type": "Feature",
      "geometry": {
        "type": "Point",
        "coordinates": [
          2.16789,
          41.382657
        ]
      },
      "properties": {
        "routes": [
          {
            "color": "#DA291C",
            "long_name": "Ciutat Vella",
            "route_type": 3,
            "short_name": "120",
            "text_color": "#FFFFFF"
          }
        ],
        "stop_id": "2.2056.676131",
        "stop_name": "Pl dels Àngels"
      }
    },
    {
      "type": "Feature",
      "geometry": {
        "type": "Point",
        "coordinates": [
          2.166783,
          41.384002
        ]
      },
      "properties": {
        "routes": [
          {
            "color": "#DA291C",
            "long_name": "Ciutat Vella",
            "route_type": 3,
            "short_name": "120",
            "text_color": "#FFFFFF"
          }
        ],
        "stop_id": "2.2057.681002",
        "stop_name": "Montalegre - Valldonzella"
      }
    },
    {
      "type": "Feature",
      "geometry": {
        "type": "Point",
        "coordinates": [
          2.161382,
          41.377342
        ]
      },
      "properties": {
        "routes": [
          {
            "color": "#DA291C",
            "long_name": "Poble Sec",
            "route_type": 3,
            "short_name": "121",
            "text_color": "#FFFFFF"
          }
        ],
        "stop_id": "2.2059.683031",
        "stop_name": "Mercat de Sant Antoni"
      }
    },
    {
      "type": "Feature",
      "geometry": {
        "type": "Point",
        "coordinates": [
          2.156881,
          41.373013
        ]
      },
      "properties": {
        "routes": [
          {
            "color": "#DA291C",
            "long_name": "Poble Sec",
            "route_type": 3,
            "short_name": "121",
            "text_color": "#FFFFFF"
          },
          {
            "color": "#DA291C",
            "long_name": "Pl. Urquinaona / Parc de Montjuïc",
            "route_type": 3,
            "short_name": "55",
            "text_color": "#FFFFFF"
          }
        ],
        "stop_id": "2.2061.676109",
        "stop_name": "Mare de Déu del Remei - Grases"
      }
    },
    {
      "type": "Feature",
      "geometry": {
        "type": "Point",
        "coordinates": [
          2.110852,
          41.351506
        ]
      },
      "properties": {
        "routes": [
          {
            "color": "#010101",
            "long_name": "Paral·lel - L'Hospitalet (Av. Carrilet)",
            "route_type": 3,
            "short_name": "X3",
            "text_color": "#FFFFFF"
          }
        ],
        "stop_id": "2.2137.696952",
        "stop_name": "Metro Bellvitge Rambla Marina"
      }
    },
    {
      "type": "Feature",
      "geometry": {
        "type": "Point",
        "coordinates": [
          2.134133,
          41.36061
        ]
      },
      "properties": {
        "routes": [
          {
            "color": "#DA291C",
            "long_name": "La Marina",
            "route_type": 3,
            "short_name": "125",
            "text_color": "#FFFFFF"
          }
        ],
        "stop_id": "2.2180.677844",
        "stop_name": "Ctra del Prat - Energia"
      }
    },
    {
      "type": "Feature",
      "geometry": {
        "type": "Point",
        "coordinates": [
          2.126102,
          41.349459
        ]
      },
      "properties": {
        "routes": [
          {
            "color": "#010101",
            "long_name": "Paral·lel - L'Hospitalet (Av. Carrilet)",
            "route_type": 3,
            "short_name": "X3",
            "text_color": "#FFFFFF"
          }
        ],
        "stop_id": "2.2184.699614",
        "stop_name": "Botànica - Salvador Espriu"
      }
    },
    {
      "type": "Feature",
      "geometry": {
        "type": "Point",
        "coordinates": [
          2.126456,
          41.349393
        ]
      },
      "properties": {
        "routes": [
          {
            "color": "#6AB023",
            "long_name": "Districte Gran Via l'Hospitalet / Av. Esplugues",
            "route_type": 3,
            "short_name": "V1",
            "text_color": "#FFFFFF"
          },
          {
            "color": "#010101",
            "long_name": "Paral·lel - L'Hospitalet (Av. Carrilet)",
            "route_type": 3,
            "short_name": "X3",
            "text_color": "#FFFFFF"
          }
        ],
        "stop_id": "2.2185.699525",
        "stop_name": "Botànica - Miguel Hernández"
      }
    },
    {
      "type": "Feature",
      "geometry": {
        "type": "Point",
        "coordinates": [
          2.120692,
          41.346588
        ]
      },
      "properties": {
        "routes": [
          {
            "color": "#010101",
            "long_name": "Paral·lel - L'Hospitalet (Av. Carrilet)",
            "route_type": 3,
            "short_name": "X3",
            "text_color": "#FFFFFF"
          }
        ],
        "stop_id": "2.2186.694799",
        "stop_name": "Botànica - Primer de Maig"
      }
    },
    {
      "type": "Feature",
      "geometry": {
        "type": "Point",
        "coordinates": [
          2.120917,
          41.346496
        ]
      },
      "properties": {
        "routes": [
          {
            "color": "#010101",
            "long_name": "Paral·lel - L'Hospitalet (Av. Carrilet)",
            "route_type": 3,
            "short_name": "X3",
            "text_color": "#FFFFFF"
          }
        ],
        "stop_id": "2.2187.694795",
        "stop_name": "Botànica - Motors"
      }
    },
    {
      "type": "Feature",
      "geometry": {
        "type": "Point",
        "coordinates": [
          2.11447,
          41.34988
        ]
      },
      "properties": {
        "routes": [
          {
            "color": "#010101",
            "long_name": "Paral·lel - L'Hospitalet (Av. Carrilet)",
            "route_type": 3,
            "short_name": "X3",
            "text_color": "#FFFFFF"
          }
        ],
        "stop_id": "2.2190.676189",
        "stop_name": "Av Amèrica - Av Granvia"
      }
    },
    {
      "type": "Feature",
      "geometry": {
        "type": "Point",
        "coordinates": [
          2.171713,
          41.388681
        ]
      },
      "properties": {
        "routes": [
          {
            "color": "#6AB023",
            "long_name": "Barceloneta / Av. Tibidabo",
            "route_type": 3,
            "short_name": "V15",
            "text_color": "#FFFFFF"
          }
        ],
        "stop_id": "2.2192.697897",
        "stop_name": "Ronda Sant Pere-Pau Claris"
      }
    },
    {
      "type": "Feature",
      "geometry": {
        "type": "Point",
        "coordinates": [
          2.131018,
          41.343002
        ]
      },
      "properties": {
        "routes": [
          {
            "color": "#DA291C",
            "long_name": "Pl. Espanya / Parc Logístic",
            "route_type": 3,
            "short_name": "23",
            "text_color": "#FFFFFF"
          }
        ],
        "stop_id": "2.2251.688684",
        "stop_name": "Parc Logístic, anada"
      }
    },
    {
      "type": "Feature",
      "geometry": {
        "type": "Point",
        "coordinates": [
          2.130877,
          41.34276
        ]
      },
      "properties": {
        "routes": [
          {
            "color": "#DA291C",
            "long_name": "Pl. Espanya / Parc Logístic",
            "route_type": 3,
            "short_name": "23",
            "text_color": "#FFFFFF"
          }
        ],
        "stop_id": "2.2252.688686",
        "stop_name": "Parc Logístic, tornada"
      }
    },
    {
      "type": "Feature",
      "geometry": {
        "type": "Point",
        "coordinates": [
          2.140599,
          41.363737
        ]
      },
      "properties": {
        "routes": [
          {
            "color": "#DA291C",
            "long_name": "Mercat Sant Antoni / Parc de Montjuïc",
            "route_type": 3,
            "short_name": "13",
            "text_color": "#FFFFFF"
          }
        ],
        "stop_id": "2.2255.676250",
        "stop_name": "Segura - Escales del Polvorí"
      }
    },
    {
      "type": "Feature",
      "geometry": {
        "type": "Point",
        "coordinates": [
          2.140598,
          41.363854
        ]
      },
      "properties": {
        "routes": [
          {
            "color": "#DA291C",
            "long_name": "La Marina",
            "route_type": 3,
            "short_name": "125",
            "text_color": "#FFFFFF"
          },
          {
            "color": "#DA291C",
            "long_name": "Mercat Sant Antoni / Parc de Montjuïc",
            "route_type": 3,
            "short_name": "13",
            "text_color": "#FFFFFF"
          }
        ],
        "stop_id": "2.2256.684678",
        "stop_name": "Segura - Guadalquivir"
      }
    },
    {
      "type": "Feature",
      "geometry": {
        "type": "Point",
        "coordinates": [
          2.141343,
          41.381212
        ]
      },
      "properties": {
        "routes": [
          {
            "color": "#DA291C",
            "long_name": "La Bordeta",
            "route_type": 3,
            "short_name": "115",
            "text_color": "#FFFFFF"
          },
          {
            "color": "#DA291C",
            "long_name": "Estació de Sants / Sant Joan Despí",
            "route_type": 3,
            "short_name": "78",
            "text_color": "#FFFFFF"
          },
          {
            "color": "#93107E",
            "long_name": "Pg. Marítim / Ernest Lluch",
            "route_type": 3,
            "short_name": "D20",
            "text_color": "#FFFFFF"
          },
          {
            "color": "#6AB023",
            "long_name": "Pl. Espanya / Sarrià",
            "route_type": 3,
            "short_name": "V7",
            "text_color": "#FFFFFF"
          }
        ],
        "stop_id": "2.2270.676263",
        "stop_name": "Numància - Av Roma"
      }
    },
    {
      "type": "Feature",
      "geometry": {
        "type": "Point",
        "coordinates": [
          2.14134,
          41.356714
        ]
      },
      "properties": {
        "routes": [
          {
            "color": "#DA291C",
            "long_name": "Hospital Clínic / Polígon Zona Franca",
            "route_type": 3,
            "short_name": "109",
            "text_color": "#FFFFFF"
          },
          {
            "color": "#003888",
            "long_name": "Pg. Zona Franca / Fòrum Campus Besòs",
            "route_type": 3,
            "short_name": "H16",
            "text_color": "#FFFFFF"
          },
          {
            "color": "#6AB023",
            "long_name": "Zona Franca / Can Caralleu",
            "route_type": 3,
            "short_name": "V3",
            "text_color": "#FFFFFF"
          }
        ],
        "stop_id": "2.2336.676321",
        "stop_name": "Pg Zona Franca - Foc"
      }
    },
    {
      "type": "Feature",
      "geometry": {
        "type": "Point",
        "coordinates": [
          2.151303,
          41.383576
        ]
      },
      "properties": {
        "routes": [
          {
            "color": "#DA291C",
            "long_name": "Hospital Clínic / Polígon Zona Franca",
            "route_type": 3,
            "short_name": "109",
            "text_color": "#FFFFFF"
          },
          {
            "color": "#003888",
            "long_name": "Pl. Sants / Olímpic de Badalona",
            "route_type": 3,
            "short_name": "H10",
            "text_color": "#FFFFFF"
          }
        ],
        "stop_id": "2.2345.689766",
        "stop_name": "València - Viladomat"
      }
    },
    {
      "type": "Feature",
      "geometry": {
        "type": "Point",
        "coordinates": [
          2.13444,
          41.363662
        ]
      },
      "properties": {
        "routes": [
          {
            "color": "#DA291C",
            "long_name": "Pl. Espanya / Aeroport BCN",
            "route_type": 3,
            "short_name": "46",
            "text_color": "#FFFFFF"
          },
          {
            "color": "#DA291C",
            "long_name": "Pl. Espanya / El Prat",
            "route_type": 3,
            "short_name": "65",
            "text_color": "#FFFFFF"
          },
          {
            "color": "#003888",
            "long_name": "Gornal / Besòs Verneda",
            "route_type": 3,
            "short_name": "H12",
            "text_color": "#FFFFFF"
          },
          {
            "color": "#6AB023",
            "long_name": "Zona Franca / Can Caralleu",
            "route_type": 3,
            "short_name": "V3",
            "text_color": "#FFFFFF"
          }
        ],
        "stop_id": "2.2363.683653",
        "stop_name": "Gran Via - Radi"
      }
    },
    {
      "type": "Feature",
      "geometry": {
        "type": "Point",
        "coordinates": [
          2.117166,
          41.37839
        ]
      },
      "properties": {
        "routes": [
          {
            "color": "#DA291C",
            "long_name": "Estació del Nord / Cardenal Reig",
            "route_type": 3,
            "short_name": "54",
            "text_color": "#FFFFFF"
          }
        ],
        "stop_id": "2.2392.697339",
        "stop_name": "Cardenal Reig - Pintor Tapiró - Final de trajecte"
      }
    },
    {
      "type": "Feature",
      "geometry": {
        "type": "Point",
        "coordinates": [
          2.121418,
          41.377488
        ]
      },
      "properties": {
        "routes": [
          {
            "color": "#DA291C",
            "long_name": "Estació del Nord / Cardenal Reig",
            "route_type": 3,
            "short_name": "54",
            "text_color": "#FFFFFF"
          },
          {
            "color": "#6AB023",
            "long_name": "Districte Gran Via l'Hospitalet / Av. Esplugues",
            "route_type": 3,
            "short_name": "V1",
            "text_color": "#FFFFFF"
          }
        ],
        "stop_id": "2.2399.676396",
        "stop_name": "Riera Blanca - Les Corts"
      }
    },
    {
      "type": "Feature",
      "geometry": {
        "type": "Point",
        "coordinates": [
          2.139499,
          41.362192
        ]
      },
      "properties": {
        "routes": [
          {
            "color": "#DA291C",
            "long_name": "La Marina",
            "route_type": 3,
            "short_name": "125",
            "text_color": "#FFFFFF"
          }
        ],
        "stop_id": "2.2493.676472",
        "stop_name": "Mare de Déu de Port - Pl Teresa Claramunt"
      }
    },
    {
      "type": "Feature",
      "geometry": {
        "type": "Point",
        "coordinates": [
          2.143703,
          41.357545
        ]
      },
      "properties": {
        "routes": [
          {
            "color": "#DA291C",
            "long_name": "La Marina",
            "route_type": 3,
            "short_name": "125",
            "text_color": "#FFFFFF"
          }
        ],
        "stop_id": "2.2494.676473",
        "stop_name": "Mare de Déu de Port - Sant Eloi"
      }
    },
    {
      "type": "Feature",
      "geometry": {
        "type": "Point",
        "coordinates": [
          2.14469,
          41.356324
        ]
      },
      "properties": {
        "routes": [
          {
            "color": "#DA291C",
            "long_name": "La Marina",
            "route_type": 3,
            "short_name": "125",
            "text_color": "#FFFFFF"
          },
          {
            "color": "#6AB023",
            "long_name": "Mare de Déu de Port / Pedralbes",
            "route_type": 3,
            "short_name": "V5",
            "text_color": "#FFFFFF"
          }
        ],
        "stop_id": "2.2495.697380",
        "stop_name": "Mare de Déu de Port - Cisell"
      }
    },
    {
      "type": "Feature",
      "geometry": {
        "type": "Point",
        "coordinates": [
          2.13292,
          41.359218
        ]
      },
      "properties": {
        "routes": [
          {
            "color": "#DA291C",
            "long_name": "La Marina",
            "route_type": 3,
            "short_name": "125",
            "text_color": "#FFFFFF"
          }
        ],
        "stop_id": "2.2501.691097",
        "stop_name": "Alumini - Ctra del Prat"
      }
    },
    {
      "type": "Feature",
      "geometry": {
        "type": "Point",
        "coordinates": [
          2.138295,
          41.364874
        ]
      },
      "properties": {
        "routes": [
          {
            "color": "#DA291C",
            "long_name": "La Marina",
            "route_type": 3,
            "short_name": "125",
            "text_color": "#FFFFFF"
          }
        ],
        "stop_id": "2.2502.676480",
        "stop_name": "Mineria - Mare de Déu de Port"
      }
    },
    {
      "type": "Feature",
      "geometry": {
        "type": "Point",
        "coordinates": [
          2.139195,
          41.364003
        ]
      },
      "properties": {
        "routes": [
          {
            "color": "#DA291C",
            "long_name": "La Marina",
            "route_type": 3,
            "short_name": "125",
            "text_color": "#FFFFFF"
          },
          {
            "color": "#6AB023",
            "long_name": "Mare de Déu de Port / Pedralbes",
            "route_type": 3,
            "short_name": "V5",
            "text_color": "#FFFFFF"
          }
        ],
        "stop_id": "2.2503.694035",
        "stop_name": "Mare de Déu de Port - Mineria"
      }
    },
    {
      "type": "Feature",
      "geometry": {
        "type": "Point",
        "coordinates": [
          2.138273,
          41.360315
        ]
      },
      "properties": {
        "routes": [
          {
            "color": "#DA291C",
            "long_name": "La Marina",
            "route_type": 3,
            "short_name": "125",
            "text_color": "#FFFFFF"
          }
        ],
        "stop_id": "2.2504.700179",
        "stop_name": "Foneria - Pg Zona Franca"
      }
    },
    {
      "type": "Feature",
      "geometry": {
        "type": "Point",
        "coordinates": [
          2.103856,
          41.356085
        ]
      },
      "properties": {
        "routes": [
          {
            "color": "#010101",
            "long_name": "Paral·lel - L'Hospitalet (Av. Carrilet)",
            "route_type": 3,
            "short_name": "X3",
            "text_color": "#FFFFFF"
          }
        ],
        "stop_id": "2.2517.699515",
        "stop_name": "Institut Mercè Rodoreda"
      }
    },
    {
      "type": "Feature",
      "geometry": {
        "type": "Point",
        "coordinates": [
          2.126875,
          41.386861
        ]
      },
      "properties": {
        "routes": [
          {
            "color": "#DA291C",
            "long_name": "Poblenou / Pl. Reina Maria Cristina",
            "route_type": 3,
            "short_name": "59",
            "text_color": "#FFFFFF"
          }
        ],
        "stop_id": "2.2530.676514",
        "stop_name": "G V Carles III - Pl Reina M C - Final de trajecte"
      }
    },
    {
      "type": "Feature",
      "geometry": {
        "type": "Point",
        "coordinates": [
          2.128466,
          41.382146
        ]
      },
      "properties": {
        "routes": [
          {
            "color": "#DA291C",
            "long_name": "Les Corts",
            "route_type": 3,
            "short_name": "175",
            "text_color": "#FFFFFF"
          },
          {
            "color": "#DA291C",
            "long_name": "Rambla de Badal / Bonanova",
            "route_type": 3,
            "short_name": "70",
            "text_color": "#FFFFFF"
          },
          {
            "color": "#6AB023",
            "long_name": "Zona Franca / Can Caralleu",
            "route_type": 3,
            "short_name": "V3",
            "text_color": "#FFFFFF"
          }
        ],
        "stop_id": "2.2532.689812",
        "stop_name": "Carles III - Les Corts"
      }
    },
    {
      "type": "Feature",
      "geometry": {
        "type": "Point",
        "coordinates": [
          2.133513,
          41.36925
        ]
      },
      "properties": {
        "routes": [
          {
            "color": "#DA291C",
            "long_name": "La Bordeta",
            "route_type": 3,
            "short_name": "115",
            "text_color": "#FFFFFF"
          }
        ],
        "stop_id": "2.2537.676518",
        "stop_name": "Constitució - Badal"
      }
    },
    {
      "type": "Feature",
      "geometry": {
        "type": "Point",
        "coordinates": [
          2.101605,
          41.328527
        ]
      },
      "properties": {
        "routes": [
          {
            "color": "#010101",
            "long_name": "Prat XPRES (Pl. Espanya - Av. Remolar)",
            "route_type": 3,
            "short_name": "X2",
            "text_color": "#FFFFFF"
          }
        ],
        "stop_id": "2.2603.699364",
        "stop_name": "CAP Ramona Via"
      }
    },
    {
      "type": "Feature",
      "geometry": {
        "type": "Point",
        "coordinates": [
          2.13519,
          41.356086
        ]
      },
      "properties": {
        "routes": [
          {
            "color": "#DA291C",
            "long_name": "La Marina",
            "route_type": 3,
            "short_name": "125",
            "text_color": "#FFFFFF"
          }
        ],
        "stop_id": "2.2606.676639",
        "stop_name": "Alumini - Alts Forns"
      }
    },
    {
      "type": "Feature",
      "geometry": {
        "type": "Point",
        "coordinates": [
          2.145485,
          41.363199
        ]
      },
      "properties": {
        "routes": [
          {
            "color": "#DA291C",
            "long_name": "La Marina",
            "route_type": 3,
            "short_name": "125",
            "text_color": "#FFFFFF"
          }
        ],
        "stop_id": "2.2662.682705",
        "stop_name": "Segura - Jocs del 92"
      }
    },
    {
      "type": "Feature",
      "geometry": {
        "type": "Point",
        "coordinates": [
          2.117486,
          41.378549
        ]
      },
      "properties": {
        "routes": [
          {
            "color": "#003888",
            "long_name": "Ernest Lluch / Bon Pastor",
            "route_type": 3,
            "short_name": "H8",
            "text_color": "#FFFFFF"
          }
        ],
        "stop_id": "2.2685.697337",
        "stop_name": "Cardenal Reig - Av St Ramon Nonat"
      }
    },
    {
      "type": "Feature",
      "geometry": {
        "type": "Point",
        "coordinates": [
          2.131584,
          41.380694
        ]
      },
      "properties": {
        "routes": [
          {
            "color": "#DA291C",
            "long_name": "Estació del Nord / Cardenal Reig",
            "route_type": 3,
            "short_name": "54",
            "text_color": "#FFFFFF"
          },
          {
            "color": "#93107E",
            "long_name": "Pg. Marítim / Ernest Lluch",
            "route_type": 3,
            "short_name": "D20",
            "text_color": "#FFFFFF"
          }
        ],
        "stop_id": "2.2690.677900",
        "stop_name": "Av Madrid - Joan Güell"
      }
    },
    {
      "type": "Feature",
      "geometry": {
        "type": "Point",
        "coordinates": [
          2.140207,
          41.381575
        ]
      },
      "properties": {
        "routes": [
          {
            "color": "#DA291C",
            "long_name": "La Bordeta",
            "route_type": 3,
            "short_name": "115",
            "text_color": "#FFFFFF"
          }
        ],
        "stop_id": "2.2695.684617",
        "stop_name": "Dolors Batlle i Sunyer - Numància"
      }
    },
    {
      "type": "Feature",
      "geometry": {
        "type": "Point",
        "coordinates": [
          2.131052,
          41.349066
        ]
      },
      "properties": {
        "routes": [
          {
            "color": "#6AB023",
            "long_name": "Districte Gran Via l'Hospitalet / Av. Esplugues",
            "route_type": 3,
            "short_name": "V1",
            "text_color": "#FFFFFF"
          },
          {
            "color": "#010101",
            "long_name": "Paral·lel - L'Hospitalet (Av. Carrilet)",
            "route_type": 3,
            "short_name": "X3",
            "text_color": "#FFFFFF"
          }
        ],
        "stop_id": "2.2709.690920",
        "stop_name": "Pablo Iglesias - Av Joan Carles I"
      }
    },
    {
      "type": "Feature",
      "geometry": {
        "type": "Point",
        "coordinates": [
          2.134424,
          41.353259
        ]
      },
      "properties": {
        "routes": [
          {
            "color": "#DA291C",
            "long_name": "La Marina",
            "route_type": 3,
            "short_name": "125",
            "text_color": "#FFFFFF"
          },
          {
            "color": "#010101",
            "long_name": "Paral·lel - L'Hospitalet (Av. Carrilet)",
            "route_type": 3,
            "short_name": "X3",
            "text_color": "#FFFFFF"
          }
        ],
        "stop_id": "2.2712.683505",
        "stop_name": "Foc - Metal·lúrgia"
      }
    },
    {
      "type": "Feature",
      "geometry": {
        "type": "Point",
        "coordinates": [
          2.150147,
          41.373756
        ]
      },
      "properties": {
        "routes": [
          {
            "color": "#DA291C",
            "long_name": "Pl. Espanya / Parc Logístic",
            "route_type": 3,
            "short_name": "23",
            "text_color": "#FFFFFF"
          }
        ],
        "stop_id": "2.2775.699653",
        "stop_name": "Pl Espanya - Final de trajecte"
      }
    },
    {
      "type": "Feature",
      "geometry": {
        "type": "Point",
        "coordinates": [
          2.111457,
          41.333829
        ]
      },
      "properties": {
        "routes": [
          {
            "color": "#DA291C",
            "long_name": "Paral·lel / El Prat",
            "route_type": 3,
            "short_name": "21",
            "text_color": "#FFFFFF"
          }
        ],
        "stop_id": "2.2812.697822",
        "stop_name": "Carrer K - Carrer número 40"
      }
    },
    {
      "type": "Feature",
      "geometry": {
        "type": "Point",
        "coordinates": [
          2.10214,
          41.328456
        ]
      },
      "properties": {
        "routes": [
          {
            "color": "#010101",
            "long_name": "Prat XPRES (Pl. Espanya - Av. Remolar)",
            "route_type": 3,
            "short_name": "X2",
            "text_color": "#FFFFFF"
          }
        ],
        "stop_id": "2.2824.688608",
        "stop_name": "Av Verge de Monserrat - Sarajevo"
      }
    },
    {
      "type": "Feature",
      "geometry": {
        "type": "Point",
        "coordinates": [
          2.111608,
          41.333579
        ]
      },
      "properties": {
        "routes": [
          {
            "color": "#DA291C",
            "long_name": "Paral·lel / El Prat",
            "route_type": 3,
            "short_name": "21",
            "text_color": "#FFFFFF"
          }
        ],
        "stop_id": "2.2828.697820",
        "stop_name": "Carrer K"
      }
    },
    {
      "type": "Feature",
      "geometry": {
        "type": "Point",
        "coordinates": [
          2.16921,
          41.388804
        ]
      },
      "properties": {
        "routes": [
          {
            "color": "#DA291C",
            "long_name": "Pl. Catalunya / Sant Genís",
            "route_type": 3,
            "short_name": "19",
            "text_color": "#FFFFFF"
          }
        ],
        "stop_id": "2.2833.680073",
        "stop_name": "Pg de Gràcia - Ronda de Sant Pere - Final de traje"
      }
    },
    {
      "type": "Feature",
      "geometry": {
        "type": "Point",
        "coordinates": [
          2.142347,
          41.371254
        ]
      },
      "properties": {
        "routes": [
          {
            "color": "#DA291C",
            "long_name": "La Bordeta",
            "route_type": 3,
            "short_name": "115",
            "text_color": "#FFFFFF"
          },
          {
            "color": "#DA291C",
            "long_name": "Manso / La Bordeta",
            "route_type": 3,
            "short_name": "91",
            "text_color": "#FFFFFF"
          },
          {
            "color": "#6AB023",
            "long_name": "Mare de Déu de Port / Pedralbes",
            "route_type": 3,
            "short_name": "V5",
            "text_color": "#FFFFFF"
          }
        ],
        "stop_id": "2.2835.680104",
        "stop_name": "Moianès - Cuyàs"
      }
    },
    {
      "type": "Feature",
      "geometry": {
        "type": "Point",
        "coordinates": [
          2.141705,
          41.369643
        ]
      },
      "properties": {
        "routes": [
          {
            "color": "#DA291C",
            "long_name": "La Bordeta",
            "route_type": 3,
            "short_name": "115",
            "text_color": "#FFFFFF"
          },
          {
            "color": "#DA291C",
            "long_name": "Manso / La Bordeta",
            "route_type": 3,
            "short_name": "91",
            "text_color": "#FFFFFF"
          }
        ],
        "stop_id": "2.2836.680102",
        "stop_name": "Magòria"
      }
    },
    {
      "type": "Feature",
      "geometry": {
        "type": "Point",
        "coordinates": [
          2.13916,
          41.368052
        ]
      },
      "properties": {
        "routes": [
          {
            "color": "#DA291C",
            "long_name": "La Bordeta",
            "route_type": 3,
            "short_name": "115",
            "text_color": "#FFFFFF"
          },
          {
            "color": "#6AB023",
            "long_name": "Mare de Déu de Port / Pedralbes",
            "route_type": 3,
            "short_name": "V5",
            "text_color": "#FFFFFF"
          }
        ],
        "stop_id": "2.2837.696145",
        "stop_name": "Mossèn Amadeu Oller - Gran Via"
      }
    },
    {
      "type": "Feature",
      "geometry": {
        "type": "Point",
        "coordinates": [
          2.132978,
          41.368248
        ]
      },
      "properties": {
        "routes": [
          {
            "color": "#DA291C",
            "long_name": "La Bordeta",
            "route_type": 3,
            "short_name": "115",
            "text_color": "#FFFFFF"
          },
          {
            "color": "#6AB023",
            "long_name": "Zona Franca / Can Caralleu",
            "route_type": 3,
            "short_name": "V3",
            "text_color": "#FFFFFF"
          }
        ],
        "stop_id": "2.2916.680781",
        "stop_name": "Rambla de Badal - Constitució"
      }
    },
    {
      "type": "Feature",
      "geometry": {
        "type": "Point",
        "coordinates": [
          2.164674,
          41.384417
        ]
      },
      "properties": {
        "routes": [
          {
            "color": "#DA291C",
            "long_name": "Ciutat Vella",
            "route_type": 3,
            "short_name": "120",
            "text_color": "#FFFFFF"
          }
        ],
        "stop_id": "2.2930.681159",
        "stop_name": "Torres i Amat - Ptge St Bernat"
      }
    },
    {
      "type": "Feature",
      "geometry": {
        "type": "Point",
        "coordinates": [
          2.136601,
          41.369868
        ]
      },
      "properties": {
        "routes": [
          {
            "color": "#DA291C",
            "long_name": "La Bordeta",
            "route_type": 3,
            "short_name": "115",
            "text_color": "#FFFFFF"
          }
        ],
        "stop_id": "2.2952.694147",
        "stop_name": "Constitució - Jocs Florals"
      }
    },
    {
      "type": "Feature",
      "geometry": {
        "type": "Point",
        "coordinates": [
          2.128463,
          41.359766
        ]
      },
      "properties": {
        "routes": [
          {
            "color": "#DA291C",
            "long_name": "Pl. Espanya / Aeroport BCN",
            "route_type": 3,
            "short_name": "46",
            "text_color": "#FFFFFF"
          },
          {
            "color": "#DA291C",
            "long_name": "Pl. Espanya / El Prat",
            "route_type": 3,
            "short_name": "65",
            "text_color": "#FFFFFF"
          },
          {
            "color": "#003888",
            "long_name": "Gornal / Besòs Verneda",
            "route_type": 3,
            "short_name": "H12",
            "text_color": "#FFFFFF"
          }
        ],
        "stop_id": "2.2965.696902",
        "stop_name": "Av Granvia - Centre Comercial"
      }
    },
    {
      "type": "Feature",
      "geometry": {
        "type": "Point",
        "coordinates": [
          2.124157,
          41.356535
        ]
      },
      "properties": {
        "routes": [
          {
            "color": "#DA291C",
            "long_name": "Pl. Espanya / Aeroport BCN",
            "route_type": 3,
            "short_name": "46",
            "text_color": "#FFFFFF"
          },
          {
            "color": "#DA291C",
            "long_name": "Pl. Espanya / El Prat",
            "route_type": 3,
            "short_name": "65",
            "text_color": "#FFFFFF"
          },
          {
            "color": "#003888",
            "long_name": "Gornal / Besòs Verneda",
            "route_type": 3,
            "short_name": "H12",
            "text_color": "#FFFFFF"
          }
        ],
        "stop_id": "2.2966.681622",
        "stop_name": "Amadeu Torner"
      }
    },
    {
      "type": "Feature",
      "geometry": {
        "type": "Point",
        "coordinates": [
          2.123853,
          41.355497
        ]
      },
      "properties": {
        "routes": [
          {
            "color": "#DA291C",
            "long_name": "Pl. Espanya / Aeroport BCN",
            "route_type": 3,
            "short_name": "46",
            "text_color": "#FFFFFF"
          },
          {
            "color": "#DA291C",
            "long_name": "Pl. Espanya / El Prat",
            "route_type": 3,
            "short_name": "65",
            "text_color": "#FFFFFF"
          },
          {
            "color": "#003888",
            "long_name": "Gornal / Besòs Verneda",
            "route_type": 3,
            "short_name": "H12",
            "text_color": "#FFFFFF"
          }
        ],
        "stop_id": "2.2968.688533",
        "stop_name": "Amadeu Torner"
      }
    },
    {
      "type": "Feature",
      "geometry": {
        "type": "Point",
        "coordinates": [
          2.128855,
          41.359303
        ]
      },
      "properties": {
        "routes": [
          {
            "color": "#DA291C",
            "long_name": "Pl. Espanya / Aeroport BCN",
            "route_type": 3,
            "short_name": "46",
            "text_color": "#FFFFFF"
          },
          {
            "color": "#DA291C",
            "long_name": "Pl. Espanya / El Prat",
            "route_type": 3,
            "short_name": "65",
            "text_color": "#FFFFFF"
          },
          {
            "color": "#003888",
            "long_name": "Gornal / Besòs Verneda",
            "route_type": 3,
            "short_name": "H12",
            "text_color": "#FFFFFF"
          }
        ],
        "stop_id": "2.2970.691758",
        "stop_name": "Av Granvia - Centre Comercial"
      }
    },
    {
      "type": "Feature",
      "geometry": {
        "type": "Point",
        "coordinates": [
          2.114777,
          41.377172
        ]
      },
      "properties": {
        "routes": [
          {
            "color": "#DA291C",
            "long_name": "Estació del Nord / Cardenal Reig",
            "route_type": 3,
            "short_name": "54",
            "text_color": "#FFFFFF"
          },
          {
            "color": "#93107E",
            "long_name": "Pg. Marítim / Ernest Lluch",
            "route_type": 3,
            "short_name": "D20",
            "text_color": "#FFFFFF"
          },
          {
            "color": "#003888",
            "long_name": "Ernest Lluch / Bon Pastor",
            "route_type": 3,
            "short_name": "H8",
            "text_color": "#FFFFFF"
          }
        ],
        "stop_id": "2.2984.695617",
        "stop_name": "Cardenal Reig - Pisuerga"
      }
    },
    {
      "type": "Feature",
      "geometry": {
        "type": "Point",
        "coordinates": [
          2.158264,
          41.374355
        ]
      },
      "properties": {
        "routes": [
          {
            "color": "#DA291C",
            "long_name": "Poble Sec",
            "route_type": 3,
            "short_name": "121",
            "text_color": "#FFFFFF"
          }
        ],
        "stop_id": "2.2990.682397",
        "stop_name": "Ricart - Paral·lel"
      }
    },
    {
      "type": "Feature",
      "geometry": {
        "type": "Point",
        "coordinates": [
          2.122521,
          41.387796
        ]
      },
      "properties": {
        "routes": [
          {
            "color": "#DA291C",
            "long_name": "La Mercè",
            "route_type": 3,
            "short_name": "113",
            "text_color": "#FFFFFF"
          }
        ],
        "stop_id": "2.2992.682493",
        "stop_name": "Pl Pius XII - Av Pedralbes"
      }
    },
    {
      "type": "Feature",
      "geometry": {
        "type": "Point",
        "coordinates": [
          2.133837,
          41.363809
        ]
      },
      "properties": {
        "routes": [
          {
            "color": "#DA291C",
            "long_name": "Pl. Espanya / Aeroport BCN",
            "route_type": 3,
            "short_name": "46",
            "text_color": "#FFFFFF"
          },
          {
            "color": "#DA291C",
            "long_name": "Pl. Espanya / El Prat",
            "route_type": 3,
            "short_name": "65",
            "text_color": "#FFFFFF"
          },
          {
            "color": "#003888",
            "long_name": "Gornal / Besòs Verneda",
            "route_type": 3,
            "short_name": "H12",
            "text_color": "#FFFFFF"
          },
          {
            "color": "#6AB023",
            "long_name": "Zona Franca / Can Caralleu",
            "route_type": 3,
            "short_name": "V3",
            "text_color": "#FFFFFF"
          }
        ],
        "stop_id": "2.3023.684931",
        "stop_name": "Ildefons Cerdà - Ciutat de la Justícia"
      }
    },
    {
      "type": "Feature",
      "geometry": {
        "type": "Point",
        "coordinates": [
          2.131302,
          41.361903
        ]
      },
      "properties": {
        "routes": [
          {
            "color": "#DA291C",
            "long_name": "Pl. Espanya / Aeroport BCN",
            "route_type": 3,
            "short_name": "46",
            "text_color": "#FFFFFF"
          },
          {
            "color": "#DA291C",
            "long_name": "Pl. Espanya / El Prat",
            "route_type": 3,
            "short_name": "65",
            "text_color": "#FFFFFF"
          },
          {
            "color": "#003888",
            "long_name": "Gornal / Besòs Verneda",
            "route_type": 3,
            "short_name": "H12",
            "text_color": "#FFFFFF"
          }
        ],
        "stop_id": "2.3024.692046",
        "stop_name": "Av Granvia - Alhambra"
      }
    },
    {
      "type": "Feature",
      "geometry": {
        "type": "Point",
        "coordinates": [
          2.170859,
          41.388357
        ]
      },
      "properties": {
        "routes": [
          {
            "color": "#DA291C",
            "long_name": "Pl. Catalunya / El Carmel",
            "route_type": 3,
            "short_name": "22",
            "text_color": "#FFFFFF"
          }
        ],
        "stop_id": "2.3032.687813",
        "stop_name": "Ronda St Pere - Pg de Gràcia - Final de trajecte"
      }
    },
    {
      "type": "Feature",
      "geometry": {
        "type": "Point",
        "coordinates": [
          2.145255,
          41.378467
        ]
      },
      "properties": {
        "routes": [
          {
            "color": "#DA291C",
            "long_name": "Hospital Clínic / Polígon Zona Franca",
            "route_type": 3,
            "short_name": "109",
            "text_color": "#FFFFFF"
          },
          {
            "color": "#93107E",
            "long_name": "Pg. Marítim / Ernest Lluch",
            "route_type": 3,
            "short_name": "D20",
            "text_color": "#FFFFFF"
          },
          {
            "color": "#93107E",
            "long_name": "Pl. Espanya / Canyelles",
            "route_type": 3,
            "short_name": "D40",
            "text_color": "#FFFFFF"
          },
          {
            "color": "#6AB023",
            "long_name": "Pl. Espanya / Sarrià",
            "route_type": 3,
            "short_name": "V7",
            "text_color": "#FFFFFF"
          }
        ],
        "stop_id": "2.3125.684646",
        "stop_name": "Metro Tarragona"
      }
    },
    {
      "type": "Feature",
      "geometry": {
        "type": "Point",
        "coordinates": [
          2.181295,
          41.391189
        ]
      },
      "properties": {
        "routes": [
          {
            "color": "#003888",
            "long_name": "Pg. Zona Franca / Fòrum Campus Besòs",
            "route_type": 3,
            "short_name": "H16",
            "text_color": "#FFFFFF"
          },
          {
            "color": "#6AB023",
            "long_name": "Port Vell / Vall d'Hebron",
            "route_type": 3,
            "short_name": "V17",
            "text_color": "#FFFFFF"
          },
          {
            "color": "#6AB023",
            "long_name": "Barceloneta / Pl. Alfonso Comín",
            "route_type": 3,
            "short_name": "V19",
            "text_color": "#FFFFFF"
          }
        ],
        "stop_id": "2.3141.690329",
        "stop_name": "Pg Lluís Companys - Almogàvers"
      }
    },
    {
      "type": "Feature",
      "geometry": {
        "type": "Point",
        "coordinates": [
          2.138844,
          41.378551
        ]
      },
      "properties": {
        "routes": [
          {
            "color": "#93107E",
            "long_name": "Pg. Marítim / Ernest Lluch",
            "route_type": 3,
            "short_name": "D20",
            "text_color": "#FFFFFF"
          },
          {
            "color": "#6AB023",
            "long_name": "Mare de Déu de Port / Pedralbes",
            "route_type": 3,
            "short_name": "V5",
            "text_color": "#FFFFFF"
          }
        ],
        "stop_id": "2.3166.699310",
        "stop_name": "Pl Joan Peiró"
      }
    },
    {
      "type": "Feature",
      "geometry": {
        "type": "Point",
        "coordinates": [
          2.111707,
          41.38408
        ]
      },
      "properties": {
        "routes": [
          {
            "color": "#DA291C",
            "long_name": "La Mercè",
            "route_type": 3,
            "short_name": "113",
            "text_color": "#FFFFFF"
          },
          {
            "color": "#6AB023",
            "long_name": "Districte Gran Via l'Hospitalet / Av. Esplugues",
            "route_type": 3,
            "short_name": "V1",
            "text_color": "#FFFFFF"
          }
        ],
        "stop_id": "2.3174.685384",
        "stop_name": "Diagonal - Complex Esportiu Universitari"
      }
    },
    {
      "type": "Feature",
      "geometry": {
        "type": "Point",
        "coordinates": [
          2.141551,
          41.353419
        ]
      },
      "properties": {
        "routes": [
          {
            "color": "#DA291C",
            "long_name": "La Marina",
            "route_type": 3,
            "short_name": "125",
            "text_color": "#FFFFFF"
          }
        ],
        "stop_id": "2.3210.686174",
        "stop_name": "Pl del Nou - Estany"
      }
    },
    {
      "type": "Feature",
      "geometry": {
        "type": "Point",
        "coordinates": [
          2.125799,
          41.387834
        ]
      },
      "properties": {
        "routes": [
          {
            "color": "#003888",
            "long_name": "Zona Universitària / Onze de Setembre",
            "route_type": 3,
            "short_name": "H6",
            "text_color": "#FFFFFF"
          }
        ],
        "stop_id": "2.3223.688307",
        "stop_name": "Pl Reina Maria Cristina"
      }
    },
    {
      "type": "Feature",
      "geometry": {
        "type": "Point",
        "coordinates": [
          2.119632,
          41.353128
        ]
      },
      "properties": {
        "routes": [
          {
            "color": "#003888",
            "long_name": "Gornal / Besòs Verneda",
            "route_type": 3,
            "short_name": "H12",
            "text_color": "#FFFFFF"
          }
        ],
        "stop_id": "2.3225.688029",
        "stop_name": "Gornal - Final de trajecte"
      }
    },
    {
      "type": "Feature",
      "geometry": {
        "type": "Point",
        "coordinates": [
          2.126615,
          41.388963
        ]
      },
      "properties": {
        "routes": [
          {
            "color": "#003888",
            "long_name": "Zona Universitària / Onze de Setembre",
            "route_type": 3,
            "short_name": "H6",
            "text_color": "#FFFFFF"
          },
          {
            "color": "#6AB023",
            "long_name": "Zona Franca / Can Caralleu",
            "route_type": 3,
            "short_name": "V3",
            "text_color": "#FFFFFF"
          }
        ],
        "stop_id": "2.3232.688542",
        "stop_name": "Capità Arenas - Maria Cristina"
      }
    },
    {
      "type": "Feature",
      "geometry": {
        "type": "Point",
        "coordinates": [
          2.149621,
          41.375691
        ]
      },
      "properties": {
        "routes": [
          {
            "color": "#DA291C",
            "long_name": "Pl. Catalunya / Collblanc",
            "route_type": 3,
            "short_name": "52",
            "text_color": "#FFFFFF"
          },
          {
            "color": "#003888",
            "long_name": "Gornal / Besòs Verneda",
            "route_type": 3,
            "short_name": "H12",
            "text_color": "#FFFFFF"
          }
        ],
        "stop_id": "2.3236.698439",
        "stop_name": "Gran Via - Pl Espanya"
      }
    },
    {
      "type": "Feature",
      "geometry": {
        "type": "Point",
        "coordinates": [
          2.148778,
          41.375987
        ]
      },
      "properties": {
        "routes": [
          {
            "color": "#DA291C",
            "long_name": "Hospital Clínic / Polígon Zona Franca",
            "route_type": 3,
            "short_name": "109",
            "text_color": "#FFFFFF"
          },
          {
            "color": "#93107E",
            "long_name": "Pg. Marítim / Ernest Lluch",
            "route_type": 3,
            "short_name": "D20",
            "text_color": "#FFFFFF"
          },
          {
            "color": "#93107E",
            "long_name": "Pl. Espanya / Canyelles",
            "route_type": 3,
            "short_name": "D40",
            "text_color": "#FFFFFF"
          },
          {
            "color": "#6AB023",
            "long_name": "Pl. Espanya / Sarrià",
            "route_type": 3,
            "short_name": "V7",
            "text_color": "#FFFFFF"
          }
        ],
        "stop_id": "2.3237.688327",
        "stop_name": "Tarragona - Pl Espanya"
      }
    },
    {
      "type": "Feature",
      "geometry": {
        "type": "Point",
        "coordinates": [
          2.129376,
          41.392926
        ]
      },
      "properties": {
        "routes": [
          {
            "color": "#6AB023",
            "long_name": "Pl. Espanya / Sarrià",
            "route_type": 3,
            "short_name": "V7",
            "text_color": "#FFFFFF"
          }
        ],
        "stop_id": "2.3266.687997",
        "stop_name": "Pg Sant Joan Bosco - Prat de la Riba"
      }
    },
    {
      "type": "Feature",
      "geometry": {
        "type": "Point",
        "coordinates": [
          2.130705,
          41.392524
        ]
      },
      "properties": {
        "routes": [
          {
            "color": "#6AB023",
            "long_name": "Pl. Espanya / Sarrià",
            "route_type": 3,
            "short_name": "V7",
            "text_color": "#FFFFFF"
          }
        ],
        "stop_id": "2.3269.687980",
        "stop_name": "Av Sarrià - Prat de la Riba"
      }
    },
    {
      "type": "Feature",
      "geometry": {
        "type": "Point",
        "coordinates": [
          2.112157,
          41.376216
        ]
      },
      "properties": {
        "routes": [
          {
            "color": "#93107E",
            "long_name": "Pg. Marítim / Ernest Lluch",
            "route_type": 3,
            "short_name": "D20",
            "text_color": "#FFFFFF"
          }
        ],
        "stop_id": "2.3286.697341",
        "stop_name": "Ernest Lluch - Final de trajecte"
      }
    },
    {
      "type": "Feature",
      "geometry": {
        "type": "Point",
        "coordinates": [
          2.143859,
          41.358401
        ]
      },
      "properties": {
        "routes": [
          {
            "color": "#DA291C",
            "long_name": "Pl. Espanya / Parc Logístic",
            "route_type": 3,
            "short_name": "23",
            "text_color": "#FFFFFF"
          },
          {
            "color": "#010101",
            "long_name": "Paral·lel - L'Hospitalet (Av. Carrilet)",
            "route_type": 3,
            "short_name": "X3",
            "text_color": "#FFFFFF"
          }
        ],
        "stop_id": "2.3294.689175",
        "stop_name": "Foc - Ferrocarrils Catalans"
      }
    },
    {
      "type": "Feature",
      "geometry": {
        "type": "Point",
        "coordinates": [
          2.12182,
          41.376801
        ]
      },
      "properties": {
        "routes": [
          {
            "color": "#DA291C",
            "long_name": "Collblanc / Sant Joan Despí",
            "route_type": 3,
            "short_name": "157",
            "text_color": "#FFFFFF"
          }
        ],
        "stop_id": "2.3305.688931",
        "stop_name": "Riera Blanca - Trav de Les Corts"
      }
    },
    {
      "type": "Feature",
      "geometry": {
        "type": "Point",
        "coordinates": [
          2.142764,
          41.345494
        ]
      },
      "properties": {
        "routes": [
          {
            "color": "#6AB023",
            "long_name": "Zona Franca / Can Caralleu",
            "route_type": 3,
            "short_name": "V3",
            "text_color": "#FFFFFF"
          }
        ],
        "stop_id": "2.3322.689801",
        "stop_name": "Pol. Ind. Zona Franca - Final de trajecte"
      }
    },
    {
      "type": "Feature",
      "geometry": {
        "type": "Point",
        "coordinates": [
          2.13574,
          41.365078
        ]
      },
      "properties": {
        "routes": [
          {
            "color": "#6AB023",
            "long_name": "Zona Franca / Can Caralleu",
            "route_type": 3,
            "short_name": "V3",
            "text_color": "#FFFFFF"
          }
        ],
        "stop_id": "2.3323.689713",
        "stop_name": "Ildefons Cerdà - Rambla Badal"
      }
    },
    {
      "type": "Feature",
      "geometry": {
        "type": "Point",
        "coordinates": [
          2.172562,
          41.38855
        ]
      },
      "properties": {
        "routes": [
          {
            "color": "#DA291C",
            "long_name": "Pg. Marítim / Canyelles",
            "route_type": 3,
            "short_name": "47",
            "text_color": "#FFFFFF"
          },
          {
            "color": "#6AB023",
            "long_name": "Port Vell / Vall d'Hebron",
            "route_type": 3,
            "short_name": "V17",
            "text_color": "#FFFFFF"
          }
        ],
        "stop_id": "2.3328.689478",
        "stop_name": "Urquinaona"
      }
    },
    {
      "type": "Feature",
      "geometry": {
        "type": "Point",
        "coordinates": [
          2.137426,
          41.380449
        ]
      },
      "properties": {
        "routes": [
          {
            "color": "#93107E",
            "long_name": "Pg. Marítim / Ernest Lluch",
            "route_type": 3,
            "short_name": "D20",
            "text_color": "#FFFFFF"
          },
          {
            "color": "#6AB023",
            "long_name": "Mare de Déu de Port / Pedralbes",
            "route_type": 3,
            "short_name": "V5",
            "text_color": "#FFFFFF"
          }
        ],
        "stop_id": "2.3342.689709",
        "stop_name": "Comtes de Bell-lloc - Viriat"
      }
    },
    {
      "type": "Feature",
      "geometry": {
        "type": "Point",
        "coordinates": [
          2.130752,
          41.348672
        ]
      },
      "properties": {
        "routes": [
          {
            "color": "#010101",
            "long_name": "Paral·lel - L'Hospitalet (Av. Carrilet)",
            "route_type": 3,
            "short_name": "X3",
            "text_color": "#FFFFFF"
          }
        ],
        "stop_id": "2.3373.690126",
        "stop_name": "Pablo Iglesias - Salvador Espriu"
      }
    },
    {
      "type": "Feature",
      "geometry": {
        "type": "Point",
        "coordinates": [
          2.131426,
          41.350908
        ]
      },
      "properties": {
        "routes": [
          {
            "color": "#010101",
            "long_name": "Paral·lel - L'Hospitalet (Av. Carrilet)",
            "route_type": 3,
            "short_name": "X3",
            "text_color": "#FFFFFF"
          }
        ],
        "stop_id": "2.3374.690128",
        "stop_name": "Av Joan Carles I - Botànica"
      }
    },
    {
      "type": "Feature",
      "geometry": {
        "type": "Point",
        "coordinates": [
          2.162684,
          41.383412
        ]
      },
      "properties": {
        "routes": [
          {
            "color": "#DA291C",
            "long_name": "Ciutat Vella",
            "route_type": 3,
            "short_name": "120",
            "text_color": "#FFFFFF"
          },
          {
            "color": "#DA291C",
            "long_name": "Pl. Urquinaona / Parc de Montjuïc",
            "route_type": 3,
            "short_name": "55",
            "text_color": "#FFFFFF"
          },
          {
            "color": "#93107E",
            "long_name": "Paral·lel / Ciutat Meridiana",
            "route_type": 3,
            "short_name": "D50",
            "text_color": "#FFFFFF"
          },
          {
            "color": "#003888",
            "long_name": "Pg. Zona Franca / Fòrum Campus Besòs",
            "route_type": 3,
            "short_name": "H16",
            "text_color": "#FFFFFF"
          }
        ],
        "stop_id": "2.3378.690183",
        "stop_name": "Sepúlveda - Muntaner"
      }
    },
    {
      "type": "Feature",
      "geometry": {
        "type": "Point",
        "coordinates": [
          2.154936,
          41.37512
        ]
      },
      "properties": {
        "routes": [
          {
            "color": "#93107E",
            "long_name": "Pg. Marítim / Ernest Lluch",
            "route_type": 3,
            "short_name": "D20",
            "text_color": "#FFFFFF"
          },
          {
            "color": "#003888",
            "long_name": "Pg. Zona Franca / Fòrum Campus Besòs",
            "route_type": 3,
            "short_name": "H16",
            "text_color": "#FFFFFF"
          }
        ],
        "stop_id": "2.3390.690887",
        "stop_name": "Paral·lel - Floridablanca"
      }
    },
    {
      "type": "Feature",
      "geometry": {
        "type": "Point",
        "coordinates": [
          2.135296,
          41.381977
        ]
      },
      "properties": {
        "routes": [
          {
            "color": "#DA291C",
            "long_name": "Estació del Nord / Cardenal Reig",
            "route_type": 3,
            "short_name": "54",
            "text_color": "#FFFFFF"
          }
        ],
        "stop_id": "2.3422.692105",
        "stop_name": "Vallespir - Pl del Centre"
      }
    },
    {
      "type": "Feature",
      "geometry": {
        "type": "Point",
        "coordinates": [
          2.159265,
          41.375744
        ]
      },
      "properties": {
        "routes": [
          {
            "color": "#DA291C",
            "long_name": "Poble Sec",
            "route_type": 3,
            "short_name": "121",
            "text_color": "#FFFFFF"
          },
          {
            "color": "#003888",
            "long_name": "Pg. Zona Franca / Fòrum Campus Besòs",
            "route_type": 3,
            "short_name": "H16",
            "text_color": "#FFFFFF"
          }
        ],
        "stop_id": "2.3438.693925",
        "stop_name": "Manso - Rocafort"
      }
    },
    {
      "type": "Feature",
      "geometry": {
        "type": "Point",
        "coordinates": [
          2.127758,
          41.341429
        ]
      },
      "properties": {
        "routes": [
          {
            "color": "#DA291C",
            "long_name": "Pl. Espanya / Parc Logístic",
            "route_type": 3,
            "short_name": "23",
            "text_color": "#FFFFFF"
          }
        ],
        "stop_id": "2.3442.693508",
        "stop_name": "Metro Parc Logístic"
      }
    },
    {
      "type": "Feature",
      "geometry": {
        "type": "Point",
        "coordinates": [
          2.106479,
          41.353611
        ]
      },
      "properties": {
        "routes": [
          {
            "color": "#010101",
            "long_name": "Paral·lel - L'Hospitalet (Av. Carrilet)",
            "route_type": 3,
            "short_name": "X3",
            "text_color": "#FFFFFF"
          }
        ],
        "stop_id": "2.3461.694651",
        "stop_name": "Pl d'Amalvígia"
      }
    },
    {
      "type": "Feature",
      "geometry": {
        "type": "Point",
        "coordinates": [
          2.103348,
          41.357725
        ]
      },
      "properties": {
        "routes": [
          {
            "color": "#010101",
            "long_name": "Paral·lel - L'Hospitalet (Av. Carrilet)",
            "route_type": 3,
            "short_name": "X3",
            "text_color": "#FFFFFF"
          }
        ],
        "stop_id": "2.3462.694341",
        "stop_name": "Rambla Marina - Av Carrilet - Final de trajecte"
      }
    },
    {
      "type": "Feature",
      "geometry": {
        "type": "Point",
        "coordinates": [
          2.11851,
          41.375702
        ]
      },
      "properties": {
        "routes": [
          {
            "color": "#DA291C",
            "long_name": "Collblanc / Sant Joan Despí",
            "route_type": 3,
            "short_name": "157",
            "text_color": "#FFFFFF"
          },
          {
            "color": "#93107E",
            "long_name": "Pg. Marítim / Ernest Lluch",
            "route_type": 3,
            "short_name": "D20",
            "text_color": "#FFFFFF"
          }
        ],
        "stop_id": "2.3473.695455",
        "stop_name": "Metro Collblanc"
      }
    },
    {
      "type": "Feature",
      "geometry": {
        "type": "Point",
        "coordinates": [
          2.145385,
          41.354931
        ]
      },
      "properties": {
        "routes": [
          {
            "color": "#DA291C",
            "long_name": "La Marina",
            "route_type": 3,
            "short_name": "125",
            "text_color": "#FFFFFF"
          },
          {
            "color": "#6AB023",
            "long_name": "Mare de Déu de Port / Pedralbes",
            "route_type": 3,
            "short_name": "V5",
            "text_color": "#FFFFFF"
          }
        ],
        "stop_id": "2.3517.693636",
        "stop_name": "Cisell - Mare de Déu de Port"
      }
    },
    {
      "type": "Feature",
      "geometry": {
        "type": "Point",
        "coordinates": [
          2.139447,
          41.364055
        ]
      },
      "properties": {
        "routes": [
          {
            "color": "#6AB023",
            "long_name": "Mare de Déu de Port / Pedralbes",
            "route_type": 3,
            "short_name": "V5",
            "text_color": "#FFFFFF"
          }
        ],
        "stop_id": "2.3518.694037",
        "stop_name": "Mare de Déu de Port - L'Anoia"
      }
    },
    {
      "type": "Feature",
      "geometry": {
        "type": "Point",
        "coordinates": [
          2.139877,
          41.36636
        ]
      },
      "properties": {
        "routes": [
          {
            "color": "#6AB023",
            "long_name": "Mare de Déu de Port / Pedralbes",
            "route_type": 3,
            "short_name": "V5",
            "text_color": "#FFFFFF"
          }
        ],
        "stop_id": "2.3519.694039",
        "stop_name": "Mineria - Font Florida"
      }
    },
    {
      "type": "Feature",
      "geometry": {
        "type": "Point",
        "coordinates": [
          2.136152,
          41.375708
        ]
      },
      "properties": {
        "routes": [
          {
            "color": "#DA291C",
            "long_name": "La Bordeta",
            "route_type": 3,
            "short_name": "115",
            "text_color": "#FFFFFF"
          },
          {
            "color": "#6AB023",
            "long_name": "Mare de Déu de Port / Pedralbes",
            "route_type": 3,
            "short_name": "V5",
            "text_color": "#FFFFFF"
          }
        ],
        "stop_id": "2.3520.693678",
        "stop_name": "Pl Sants"
      }
    },
    {
      "type": "Feature",
      "geometry": {
        "type": "Point",
        "coordinates": [
          2.13617,
          41.382316
        ]
      },
      "properties": {
        "routes": [
          {
            "color": "#6AB023",
            "long_name": "Mare de Déu de Port / Pedralbes",
            "route_type": 3,
            "short_name": "V5",
            "text_color": "#FFFFFF"
          }
        ],
        "stop_id": "2.3521.694041",
        "stop_name": "Comtes de Bell-lloc - Berlín"
      }
    },
    {
      "type": "Feature",
      "geometry": {
        "type": "Point",
        "coordinates": [
          2.134156,
          41.384596
        ]
      },
      "properties": {
        "routes": [
          {
            "color": "#6AB023",
            "long_name": "Mare de Déu de Port / Pedralbes",
            "route_type": 3,
            "short_name": "V5",
            "text_color": "#FFFFFF"
          }
        ],
        "stop_id": "2.3522.694043",
        "stop_name": "Can Bruixa - Comtes de Bell-lloc"
      }
    },
    {
      "type": "Feature",
      "geometry": {
        "type": "Point",
        "coordinates": [
          2.131024,
          41.383664
        ]
      },
      "properties": {
        "routes": [
          {
            "color": "#6AB023",
            "long_name": "Mare de Déu de Port / Pedralbes",
            "route_type": 3,
            "short_name": "V5",
            "text_color": "#FFFFFF"
          }
        ],
        "stop_id": "2.3524.694045",
        "stop_name": "Joan Güell - Travessera de les Corts"
      }
    },
    {
      "type": "Feature",
      "geometry": {
        "type": "Point",
        "coordinates": [
          2.132537,
          41.380299
        ]
      },
      "properties": {
        "routes": [
          {
            "color": "#6AB023",
            "long_name": "Mare de Déu de Port / Pedralbes",
            "route_type": 3,
            "short_name": "V5",
            "text_color": "#FFFFFF"
          }
        ],
        "stop_id": "2.3525.694047",
        "stop_name": "Joan Güell - Av Madrid"
      }
    },
    {
      "type": "Feature",
      "geometry": {
        "type": "Point",
        "coordinates": [
          2.133881,
          41.377256
        ]
      },
      "properties": {
        "routes": [
          {
            "color": "#6AB023",
            "long_name": "Mare de Déu de Port / Pedralbes",
            "route_type": 3,
            "short_name": "V5",
            "text_color": "#FFFFFF"
          }
        ],
        "stop_id": "2.3526.694092",
        "stop_name": "Joan Güell - Cerdanyola"
      }
    },
    {
      "type": "Feature",
      "geometry": {
        "type": "Point",
        "coordinates": [
          2.1383,
          41.365779
        ]
      },
      "properties": {
        "routes": [
          {
            "color": "#6AB023",
            "long_name": "Mare de Déu de Port / Pedralbes",
            "route_type": 3,
            "short_name": "V5",
            "text_color": "#FFFFFF"
          }
        ],
        "stop_id": "2.3527.694051",
        "stop_name": "Química - Gran Via"
      }
    },
    {
      "type": "Feature",
      "geometry": {
        "type": "Point",
        "coordinates": [
          2.143337,
          41.358306
        ]
      },
      "properties": {
        "routes": [
          {
            "color": "#6AB023",
            "long_name": "Mare de Déu de Port / Pedralbes",
            "route_type": 3,
            "short_name": "V5",
            "text_color": "#FFFFFF"
          }
        ],
        "stop_id": "2.3528.694053",
        "stop_name": "Mare de Déu de Port - Foc"
      }
    },
    {
      "type": "Feature",
      "geometry": {
        "type": "Point",
        "coordinates": [
          2.142772,
          41.355302
        ]
      },
      "properties": {
        "routes": [
          {
            "color": "#6AB023",
            "long_name": "Mare de Déu de Port / Pedralbes",
            "route_type": 3,
            "short_name": "V5",
            "text_color": "#FFFFFF"
          }
        ],
        "stop_id": "2.3546.694471",
        "stop_name": "Pg Zona Franca - Sant Eloi - Final de trajecte"
      }
    },
    {
      "type": "Feature",
      "geometry": {
        "type": "Point",
        "coordinates": [
          2.160304,
          41.376531
        ]
      },
      "properties": {
        "routes": [
          {
            "color": "#DA291C",
            "long_name": "Manso / La Bordeta",
            "route_type": 3,
            "short_name": "91",
            "text_color": "#FFFFFF"
          }
        ],
        "stop_id": "2.3561.697097",
        "stop_name": "Manso - Calàbria - Final de trajecte"
      }
    },
    {
      "type": "Feature",
      "geometry": {
        "type": "Point",
        "coordinates": [
          2.160075,
          41.376354
        ]
      },
      "properties": {
        "routes": [
          {
            "color": "#DA291C",
            "long_name": "Mercat Sant Antoni / Parc de Montjuïc",
            "route_type": 3,
            "short_name": "13",
            "text_color": "#FFFFFF"
          }
        ],
        "stop_id": "2.3567.697096",
        "stop_name": "Manso - Viladomat - Final de trajecte"
      }
    },
    {
      "type": "Feature",
      "geometry": {
        "type": "Point",
        "coordinates": [
          2.158033,
          41.379059
        ]
      },
      "properties": {
        "routes": [
          {
            "color": "#6AB023",
            "long_name": "Poble-sec / Sarrià",
            "route_type": 3,
            "short_name": "V9",
            "text_color": "#FFFFFF"
          }
        ],
        "stop_id": "2.3568.693700",
        "stop_name": "Viladomat - Sepúlveda"
      }
    },
    {
      "type": "Feature",
      "geometry": {
        "type": "Point",
        "coordinates": [
          2.162752,
          41.375491
        ]
      },
      "properties": {
        "routes": [
          {
            "color": "#6AB023",
            "long_name": "Poble-sec / Sarrià",
            "route_type": 3,
            "short_name": "V9",
            "text_color": "#FFFFFF"
          }
        ],
        "stop_id": "2.3574.694483",
        "stop_name": "Viladomat - Marquès de Campo Sagrado"
      }
    },
    {
      "type": "Feature",
      "geometry": {
        "type": "Point",
        "coordinates": [
          2.15461,
          41.376667
        ]
      },
      "properties": {
        "routes": [
          {
            "color": "#6AB023",
            "long_name": "Poble-sec / Sarrià",
            "route_type": 3,
            "short_name": "V9",
            "text_color": "#FFFFFF"
          }
        ],
        "stop_id": "2.3575.694580",
        "stop_name": "Entença - Av Mistral"
      }
    },
    {
      "type": "Feature",
      "geometry": {
        "type": "Point",
        "coordinates": [
          2.147769,
          41.381839
        ]
      },
      "properties": {
        "routes": [
          {
            "color": "#6AB023",
            "long_name": "Poble-sec / Sarrià",
            "route_type": 3,
            "short_name": "V9",
            "text_color": "#FFFFFF"
          }
        ],
        "stop_id": "2.3576.694582",
        "stop_name": "Entença - València"
      }
    },
    {
      "type": "Feature",
      "geometry": {
        "type": "Point",
        "coordinates": [
          2.144559,
          41.384259
        ]
      },
      "properties": {
        "routes": [
          {
            "color": "#6AB023",
            "long_name": "Poble-sec / Sarrià",
            "route_type": 3,
            "short_name": "V9",
            "text_color": "#FFFFFF"
          }
        ],
        "stop_id": "2.3577.694584",
        "stop_name": "Entença - Rosselló"
      }
    },
    {
      "type": "Feature",
      "geometry": {
        "type": "Point",
        "coordinates": [
          2.161663,
          41.377554
        ]
      },
      "properties": {
        "routes": [
          {
            "color": "#93107E",
            "long_name": "Paral·lel / Ciutat Meridiana",
            "route_type": 3,
            "short_name": "D50",
            "text_color": "#FFFFFF"
          },
          {
            "color": "#6AB023",
            "long_name": "Estació Marítima (WTC) / Bonanova",
            "route_type": 3,
            "short_name": "V11",
            "text_color": "#FFFFFF"
          }
        ],
        "stop_id": "2.3589.694059",
        "stop_name": "Manso - Comte Borrell"
      }
    },
    {
      "type": "Feature",
      "geometry": {
        "type": "Point",
        "coordinates": [
          2.15319,
          41.38272
        ]
      },
      "properties": {
        "routes": [
          {
            "color": "#6AB023",
            "long_name": "Poble-sec / Sarrià",
            "route_type": 3,
            "short_name": "V9",
            "text_color": "#FFFFFF"
          }
        ],
        "stop_id": "2.3591.694594",
        "stop_name": "Viladomat - Aragó"
      }
    },
    {
      "type": "Feature",
      "geometry": {
        "type": "Point",
        "coordinates": [
          2.155911,
          41.380657
        ]
      },
      "properties": {
        "routes": [
          {
            "color": "#6AB023",
            "long_name": "Poble-sec / Sarrià",
            "route_type": 3,
            "short_name": "V9",
            "text_color": "#FFFFFF"
          }
        ],
        "stop_id": "2.3592.694596",
        "stop_name": "Viladomat - Diputació"
      }
    },
    {
      "type": "Feature",
      "geometry": {
        "type": "Point",
        "coordinates": [
          2.135554,
          41.375547
        ]
      },
      "properties": {
        "routes": [
          {
            "color": "#003888",
            "long_name": "Pl. Sants / Olímpic de Badalona",
            "route_type": 3,
            "short_name": "H10",
            "text_color": "#FFFFFF"
          }
        ],
        "stop_id": "2.3644.695103",
        "stop_name": "Pg Sant Antoni - Pl Sants - Final de trajecte"
      }
    },
    {
      "type": "Feature",
      "geometry": {
        "type": "Point",
        "coordinates": [
          2.122801,
          41.374998
        ]
      },
      "properties": {
        "routes": [
          {
            "color": "#6AB023",
            "long_name": "Districte Gran Via l'Hospitalet / Av. Esplugues",
            "route_type": 3,
            "short_name": "V1",
            "text_color": "#FFFFFF"
          }
        ],
        "stop_id": "2.3647.695505",
        "stop_name": "Riera Blanca - Plaça Guernica"
      }
    },
    {
      "type": "Feature",
      "geometry": {
        "type": "Point",
        "coordinates": [
          2.126256,
          41.372262
        ]
      },
      "properties": {
        "routes": [
          {
            "color": "#6AB023",
            "long_name": "Districte Gran Via l'Hospitalet / Av. Esplugues",
            "route_type": 3,
            "short_name": "V1",
            "text_color": "#FFFFFF"
          }
        ],
        "stop_id": "2.3648.695636",
        "stop_name": "Riera Blanca - Rambla Catalana"
      }
    },
    {
      "type": "Feature",
      "geometry": {
        "type": "Point",
        "coordinates": [
          2.121947,
          41.378235
        ]
      },
      "properties": {
        "routes": [
          {
            "color": "#003888",
            "long_name": "Ernest Lluch / Bon Pastor",
            "route_type": 3,
            "short_name": "H8",
            "text_color": "#FFFFFF"
          }
        ],
        "stop_id": "2.3649.695236",
        "stop_name": "Travessera de les Corts - Comte de Güell"
      }
    },
    {
      "type": "Feature",
      "geometry": {
        "type": "Point",
        "coordinates": [
          2.128783,
          41.370906
        ]
      },
      "properties": {
        "routes": [
          {
            "color": "#6AB023",
            "long_name": "Districte Gran Via l'Hospitalet / Av. Esplugues",
            "route_type": 3,
            "short_name": "V1",
            "text_color": "#FFFFFF"
          }
        ],
        "stop_id": "2.3650.695509",
        "stop_name": "Riera Blanca - Congost"
      }
    },
    {
      "type": "Feature",
      "geometry": {
        "type": "Point",
        "coordinates": [
          2.130794,
          41.369159
        ]
      },
      "properties": {
        "routes": [
          {
            "color": "#6AB023",
            "long_name": "Districte Gran Via l'Hospitalet / Av. Esplugues",
            "route_type": 3,
            "short_name": "V1",
            "text_color": "#FFFFFF"
          }
        ],
        "stop_id": "2.3651.695511",
        "stop_name": "Metro Santa Eulàlia"
      }
    },
    {
      "type": "Feature",
      "geometry": {
        "type": "Point",
        "coordinates": [
          2.130913,
          41.369193
        ]
      },
      "properties": {
        "routes": [
          {
            "color": "#6AB023",
            "long_name": "Districte Gran Via l'Hospitalet / Av. Esplugues",
            "route_type": 3,
            "short_name": "V1",
            "text_color": "#FFFFFF"
          }
        ],
        "stop_id": "2.3652.695513",
        "stop_name": "Riera Blanca - Santiago Ramón y Cajal"
      }
    },
    {
      "type": "Feature",
      "geometry": {
        "type": "Point",
        "coordinates": [
          2.128227,
          41.371196
        ]
      },
      "properties": {
        "routes": [
          {
            "color": "#6AB023",
            "long_name": "Districte Gran Via l'Hospitalet / Av. Esplugues",
            "route_type": 3,
            "short_name": "V1",
            "text_color": "#FFFFFF"
          }
        ],
        "stop_id": "2.3653.695590",
        "stop_name": "Riera Blanca - Pavia"
      }
    },
    {
      "type": "Feature",
      "geometry": {
        "type": "Point",
        "coordinates": [
          2.126017,
          41.372581
        ]
      },
      "properties": {
        "routes": [
          {
            "color": "#6AB023",
            "long_name": "Districte Gran Via l'Hospitalet / Av. Esplugues",
            "route_type": 3,
            "short_name": "V1",
            "text_color": "#FFFFFF"
          }
        ],
        "stop_id": "2.3654.695592",
        "stop_name": "Riera Blanca - Sant Frederic"
      }
    },
    {
      "type": "Feature",
      "geometry": {
        "type": "Point",
        "coordinates": [
          2.121807,
          41.376218
        ]
      },
      "properties": {
        "routes": [
          {
            "color": "#6AB023",
            "long_name": "Districte Gran Via l'Hospitalet / Av. Esplugues",
            "route_type": 3,
            "short_name": "V1",
            "text_color": "#FFFFFF"
          }
        ],
        "stop_id": "2.3661.695550",
        "stop_name": "Riera Blanca - Regent Mendieta"
      }
    },
    {
      "type": "Feature",
      "geometry": {
        "type": "Point",
        "coordinates": [
          2.121243,
          41.378352
        ]
      },
      "properties": {
        "routes": [
          {
            "color": "#6AB023",
            "long_name": "Districte Gran Via l'Hospitalet / Av. Esplugues",
            "route_type": 3,
            "short_name": "V1",
            "text_color": "#FFFFFF"
          }
        ],
        "stop_id": "2.3662.695503",
        "stop_name": "Arístides Maillol - Trav de les Corts"
      }
    },
    {
      "type": "Feature",
      "geometry": {
        "type": "Point",
        "coordinates": [
          2.104198,
          41.356399
        ]
      },
      "properties": {
        "routes": [
          {
            "color": "#010101",
            "long_name": "Paral·lel - L'Hospitalet (Av. Carrilet)",
            "route_type": 3,
            "short_name": "X3",
            "text_color": "#FFFFFF"
          }
        ],
        "stop_id": "2.3686.694652",
        "stop_name": "CUAP Pura Fernández"
      }
    },
    {
      "type": "Feature",
      "geometry": {
        "type": "Point",
        "coordinates": [
          2.105449,
          41.353917
        ]
      },
      "properties": {
        "routes": [
          {
            "color": "#010101",
            "long_name": "Paral·lel - L'Hospitalet (Av. Carrilet)",
            "route_type": 3,
            "short_name": "X3",
            "text_color": "#FFFFFF"
          }
        ],
        "stop_id": "2.3687.694643",
        "stop_name": "Rbla Marina - Ctra del Mig"
      }
    },
    {
      "type": "Feature",
      "geometry": {
        "type": "Point",
        "coordinates": [
          2.131643,
          41.367752
        ]
      },
      "properties": {
        "routes": [
          {
            "color": "#6AB023",
            "long_name": "Districte Gran Via l'Hospitalet / Av. Esplugues",
            "route_type": 3,
            "short_name": "V1",
            "text_color": "#FFFFFF"
          }
        ],
        "stop_id": "2.3700.695515",
        "stop_name": "Riera Blanca - Santa Eulàlia"
      }
    },
    {
      "type": "Feature",
      "geometry": {
        "type": "Point",
        "coordinates": [
          2.131021,
          41.365484
        ]
      },
      "properties": {
        "routes": [
          {
            "color": "#6AB023",
            "long_name": "Districte Gran Via l'Hospitalet / Av. Esplugues",
            "route_type": 3,
            "short_name": "V1",
            "text_color": "#FFFFFF"
          }
        ],
        "stop_id": "2.3701.695582",
        "stop_name": "Aprestadora - Buenos Aires"
      }
    },
    {
      "type": "Feature",
      "geometry": {
        "type": "Point",
        "coordinates": [
          2.127758,
          41.363209
        ]
      },
      "properties": {
        "routes": [
          {
            "color": "#6AB023",
            "long_name": "Districte Gran Via l'Hospitalet / Av. Esplugues",
            "route_type": 3,
            "short_name": "V1",
            "text_color": "#FFFFFF"
          }
        ],
        "stop_id": "2.3702.695712",
        "stop_name": "Pl Francesc Macià"
      }
    },
    {
      "type": "Feature",
      "geometry": {
        "type": "Point",
        "coordinates": [
          2.12412,
          41.361442
        ]
      },
      "properties": {
        "routes": [
          {
            "color": "#6AB023",
            "long_name": "Districte Gran Via l'Hospitalet / Av. Esplugues",
            "route_type": 3,
            "short_name": "V1",
            "text_color": "#FFFFFF"
          }
        ],
        "stop_id": "2.3703.696016",
        "stop_name": "Metro Provençana"
      }
    },
    {
      "type": "Feature",
      "geometry": {
        "type": "Point",
        "coordinates": [
          2.123016,
          41.360494
        ]
      },
      "properties": {
        "routes": [
          {
            "color": "#6AB023",
            "long_name": "Districte Gran Via l'Hospitalet / Av. Esplugues",
            "route_type": 3,
            "short_name": "V1",
            "text_color": "#FFFFFF"
          }
        ],
        "stop_id": "2.3704.695501",
        "stop_name": "CAP Amadeu Torner"
      }
    },
    {
      "type": "Feature",
      "geometry": {
        "type": "Point",
        "coordinates": [
          2.124349,
          41.358236
        ]
      },
      "properties": {
        "routes": [
          {
            "color": "#6AB023",
            "long_name": "Districte Gran Via l'Hospitalet / Av. Esplugues",
            "route_type": 3,
            "short_name": "V1",
            "text_color": "#FFFFFF"
          }
        ],
        "stop_id": "2.3705.696035",
        "stop_name": "Amadeu Torner - Jerusalem"
      }
    },
    {
      "type": "Feature",
      "geometry": {
        "type": "Point",
        "coordinates": [
          2.125841,
          41.355706
        ]
      },
      "properties": {
        "routes": [
          {
            "color": "#6AB023",
            "long_name": "Districte Gran Via l'Hospitalet / Av. Esplugues",
            "route_type": 3,
            "short_name": "V1",
            "text_color": "#FFFFFF"
          }
        ],
        "stop_id": "2.3706.695552",
        "stop_name": "Av Joan Carles I - Av Gran Via"
      }
    },
    {
      "type": "Feature",
      "geometry": {
        "type": "Point",
        "coordinates": [
          2.127559,
          41.353596
        ]
      },
      "properties": {
        "routes": [
          {
            "color": "#6AB023",
            "long_name": "Districte Gran Via l'Hospitalet / Av. Esplugues",
            "route_type": 3,
            "short_name": "V1",
            "text_color": "#FFFFFF"
          }
        ],
        "stop_id": "2.3707.695642",
        "stop_name": "Av Joan Carles I - Ciències"
      }
    },
    {
      "type": "Feature",
      "geometry": {
        "type": "Point",
        "coordinates": [
          2.129661,
          41.351866
        ]
      },
      "properties": {
        "routes": [
          {
            "color": "#6AB023",
            "long_name": "Districte Gran Via l'Hospitalet / Av. Esplugues",
            "route_type": 3,
            "short_name": "V1",
            "text_color": "#FFFFFF"
          }
        ],
        "stop_id": "2.3708.695644",
        "stop_name": "Av Joan Carles I - Botànica"
      }
    },
    {
      "type": "Feature",
      "geometry": {
        "type": "Point",
        "coordinates": [
          2.124723,
          41.346352
        ]
      },
      "properties": {
        "routes": [
          {
            "color": "#6AB023",
            "long_name": "Districte Gran Via l'Hospitalet / Av. Esplugues",
            "route_type": 3,
            "short_name": "V1",
            "text_color": "#FFFFFF"
          }
        ],
        "stop_id": "2.3709.695556",
        "stop_name": "Pablo Iglesias - Miguel Hernández"
      }
    },
    {
      "type": "Feature",
      "geometry": {
        "type": "Point",
        "coordinates": [
          2.122133,
          41.346081
        ]
      },
      "properties": {
        "routes": [
          {
            "color": "#6AB023",
            "long_name": "Districte Gran Via l'Hospitalet / Av. Esplugues",
            "route_type": 3,
            "short_name": "V1",
            "text_color": "#FFFFFF"
          }
        ],
        "stop_id": "2.3710.695495",
        "stop_name": "Primer de maig - Botànica - Final de trajecte"
      }
    },
    {
      "type": "Feature",
      "geometry": {
        "type": "Point",
        "coordinates": [
          2.123297,
          41.347668
        ]
      },
      "properties": {
        "routes": [
          {
            "color": "#6AB023",
            "long_name": "Districte Gran Via l'Hospitalet / Av. Esplugues",
            "route_type": 3,
            "short_name": "V1",
            "text_color": "#FFFFFF"
          }
        ],
        "stop_id": "2.3711.695648",
        "stop_name": "Botànica - Primer de Maig"
      }
    },
    {
      "type": "Feature",
      "geometry": {
        "type": "Point",
        "coordinates": [
          2.126136,
          41.355639
        ]
      },
      "properties": {
        "routes": [
          {
            "color": "#6AB023",
            "long_name": "Districte Gran Via l'Hospitalet / Av. Esplugues",
            "route_type": 3,
            "short_name": "V1",
            "text_color": "#FFFFFF"
          }
        ],
        "stop_id": "2.3712.695554",
        "stop_name": "Av Joan Carles I - Ciències"
      }
    },
    {
      "type": "Feature",
      "geometry": {
        "type": "Point",
        "coordinates": [
          2.124819,
          41.357873
        ]
      },
      "properties": {
        "routes": [
          {
            "color": "#6AB023",
            "long_name": "Districte Gran Via l'Hospitalet / Av. Esplugues",
            "route_type": 3,
            "short_name": "V1",
            "text_color": "#FFFFFF"
          }
        ],
        "stop_id": "2.3713.695559",
        "stop_name": "Metro/FGC Europa - Fira"
      }
    },
    {
      "type": "Feature",
      "geometry": {
        "type": "Point",
        "coordinates": [
          2.122466,
          41.36185
        ]
      },
      "properties": {
        "routes": [
          {
            "color": "#6AB023",
            "long_name": "Districte Gran Via l'Hospitalet / Av. Esplugues",
            "route_type": 3,
            "short_name": "V1",
            "text_color": "#FFFFFF"
          }
        ],
        "stop_id": "2.3714.695517",
        "stop_name": "Amadeu Torner - Aprestadora"
      }
    },
    {
      "type": "Feature",
      "geometry": {
        "type": "Point",
        "coordinates": [
          2.122414,
          41.365
        ]
      },
      "properties": {
        "routes": [
          {
            "color": "#6AB023",
            "long_name": "Districte Gran Via l'Hospitalet / Av. Esplugues",
            "route_type": 3,
            "short_name": "V1",
            "text_color": "#FFFFFF"
          }
        ],
        "stop_id": "2.3715.695588",
        "stop_name": "Av Carrilet - Cooperativa"
      }
    },
    {
      "type": "Feature",
      "geometry": {
        "type": "Point",
        "coordinates": [
          2.12627,
          41.364564
        ]
      },
      "properties": {
        "routes": [
          {
            "color": "#6AB023",
            "long_name": "Districte Gran Via l'Hospitalet / Av. Esplugues",
            "route_type": 3,
            "short_name": "V1",
            "text_color": "#FFFFFF"
          }
        ],
        "stop_id": "2.3716.695586",
        "stop_name": "Av Carrilet - Comerç"
      }
    },
    {
      "type": "Feature",
      "geometry": {
        "type": "Point",
        "coordinates": [
          2.131698,
          41.367911
        ]
      },
      "properties": {
        "routes": [
          {
            "color": "#6AB023",
            "long_name": "Districte Gran Via l'Hospitalet / Av. Esplugues",
            "route_type": 3,
            "short_name": "V1",
            "text_color": "#FFFFFF"
          }
        ],
        "stop_id": "2.3718.695580",
        "stop_name": "Riera Blanca - Santa Eulàlia"
      }
    },
    {
      "type": "Feature",
      "geometry": {
        "type": "Point",
        "coordinates": [
          2.129859,
          41.352014
        ]
      },
      "properties": {
        "routes": [
          {
            "color": "#6AB023",
            "long_name": "Districte Gran Via l'Hospitalet / Av. Esplugues",
            "route_type": 3,
            "short_name": "V1",
            "text_color": "#FFFFFF"
          }
        ],
        "stop_id": "2.3720.695646",
        "stop_name": "Av Joan Carles I - Botànica"
      }
    },
    {
      "type": "Feature",
      "geometry": {
        "type": "Point",
        "coordinates": [
          2.12454,
          41.379929
        ]
      },
      "properties": {
        "routes": [
          {
            "color": "#003888",
            "long_name": "Ernest Lluch / Bon Pastor",
            "route_type": 3,
            "short_name": "H8",
            "text_color": "#FFFFFF"
          }
        ],
        "stop_id": "2.3747.696209",
        "stop_name": "Les Corts - Benavent"
      }
    },
    {
      "type": "Feature",
      "geometry": {
        "type": "Point",
        "coordinates": [
          2.159337,
          41.376502
        ]
      },
      "properties": {
        "routes": [
          {
            "color": "#DA291C",
            "long_name": "Esq. de l'Eixample",
            "route_type": 3,
            "short_name": "141",
            "text_color": "#FFFFFF"
          },
          {
            "color": "#DA291C",
            "long_name": "Pl. Urquinaona / Parc de Montjuïc",
            "route_type": 3,
            "short_name": "55",
            "text_color": "#FFFFFF"
          }
        ],
        "stop_id": "2.3754.696512",
        "stop_name": "Calàbria - Manso"
      }
    },
    {
      "type": "Feature",
      "geometry": {
        "type": "Point",
        "coordinates": [
          2.146074,
          41.365031
        ]
      },
      "properties": {
        "routes": [
          {
            "color": "#DA291C",
            "long_name": "Pl. Espanya / Parc Logístic",
            "route_type": 3,
            "short_name": "23",
            "text_color": "#FFFFFF"
          },
          {
            "color": "#010101",
            "long_name": "Paral·lel - L'Hospitalet (Av. Carrilet)",
            "route_type": 3,
            "short_name": "X3",
            "text_color": "#FFFFFF"
          }
        ],
        "stop_id": "2.3755.699934",
        "stop_name": "Jocs del 92 - INEFC"
      }
    },
    {
      "type": "Feature",
      "geometry": {
        "type": "Point",
        "coordinates": [
          2.140145,
          41.335586
        ]
      },
      "properties": {
        "routes": [
          {
            "color": "#DA291C",
            "long_name": "Hospital Clínic / Polígon Zona Franca",
            "route_type": 3,
            "short_name": "109",
            "text_color": "#FFFFFF"
          },
          {
            "color": "#DA291C",
            "long_name": "Paral·lel / El Prat",
            "route_type": 3,
            "short_name": "21",
            "text_color": "#FFFFFF"
          }
        ],
        "stop_id": "2.3760.696645",
        "stop_name": "Carrer A - Carrer número 27"
      }
    },
    {
      "type": "Feature",
      "geometry": {
        "type": "Point",
        "coordinates": [
          2.145559,
          41.379252
        ]
      },
      "properties": {
        "routes": [
          {
            "color": "#93107E",
            "long_name": "Pl. Espanya / Canyelles",
            "route_type": 3,
            "short_name": "D40",
            "text_color": "#FFFFFF"
          },
          {
            "color": "#6AB023",
            "long_name": "Pl. Espanya / Sarrià",
            "route_type": 3,
            "short_name": "V7",
            "text_color": "#FFFFFF"
          }
        ],
        "stop_id": "2.3762.696743",
        "stop_name": "València - Tarragona"
      }
    },
    {
      "type": "Feature",
      "geometry": {
        "type": "Point",
        "coordinates": [
          2.149745,
          41.377453
        ]
      },
      "properties": {
        "routes": [
          {
            "color": "#93107E",
            "long_name": "Pl. Espanya / Canyelles",
            "route_type": 3,
            "short_name": "D40",
            "text_color": "#FFFFFF"
          }
        ],
        "stop_id": "2.3763.699676",
        "stop_name": "Diputació - Vilamarí - Final de trajecte"
      }
    },
    {
      "type": "Feature",
      "geometry": {
        "type": "Point",
        "coordinates": [
          2.138608,
          41.382926
        ]
      },
      "properties": {
        "routes": [
          {
            "color": "#DA291C",
            "long_name": "Estació del Nord / Cardenal Reig",
            "route_type": 3,
            "short_name": "54",
            "text_color": "#FFFFFF"
          }
        ],
        "stop_id": "2.3767.696820",
        "stop_name": "Berlín - Numància"
      }
    },
    {
      "type": "Feature",
      "geometry": {
        "type": "Point",
        "coordinates": [
          2.150248,
          41.373612
        ]
      },
      "properties": {
        "routes": [
          {
            "color": "#DA291C",
            "long_name": "Pl. Espanya / Castell de Montjuïc",
            "route_type": 3,
            "short_name": "150",
            "text_color": "#FFFFFF"
          }
        ],
        "stop_id": "2.3793.697312",
        "stop_name": "Fira Barcelona"
      }
    },
    {
      "type": "Feature",
      "geometry": {
        "type": "Point",
        "coordinates": [
          2.111873,
          41.376615
        ]
      },
      "properties": {
        "routes": [
          {
            "color": "#003888",
            "long_name": "Ernest Lluch / Bon Pastor",
            "route_type": 3,
            "short_name": "H8",
            "text_color": "#FFFFFF"
          }
        ],
        "stop_id": "2.3797.697343",
        "stop_name": "Metro Ernest Lluch - Final de trajecte"
      }
    },
    {
      "type": "Feature",
      "geometry": {
        "type": "Point",
        "coordinates": [
          2.170659,
          41.389248
        ]
      },
      "properties": {
        "routes": [
          {
            "color": "#DA291C",
            "long_name": "Estació del Nord / Cardenal Reig",
            "route_type": 3,
            "short_name": "54",
            "text_color": "#FFFFFF"
          }
        ],
        "stop_id": "2.3805.697517",
        "stop_name": "Casp - Pau Claris"
      }
    },
    {
      "type": "Feature",
      "geometry": {
        "type": "Point",
        "coordinates": [
          2.13902,
          41.367624
        ]
      },
      "properties": {
        "routes": [
          {
            "color": "#DA291C",
            "long_name": "Manso / La Bordeta",
            "route_type": 3,
            "short_name": "91",
            "text_color": "#FFFFFF"
          }
        ],
        "stop_id": "2.3810.697729",
        "stop_name": "La Campana"
      }
    },
    {
      "type": "Feature",
      "geometry": {
        "type": "Point",
        "coordinates": [
          2.14214,
          41.355613
        ]
      },
      "properties": {
        "routes": [
          {
            "color": "#DA291C",
            "long_name": "Pl. Espanya / Parc Logístic",
            "route_type": 3,
            "short_name": "23",
            "text_color": "#FFFFFF"
          }
        ],
        "stop_id": "2.3859.698824",
        "stop_name": "Pg Zona Franca - Metro Foc"
      }
    },
    {
      "type": "Feature",
      "geometry": {
        "type": "Point",
        "coordinates": [
          2.147093,
          41.37399
        ]
      },
      "properties": {
        "routes": [
          {
            "color": "#DA291C",
            "long_name": "Manso / La Bordeta",
            "route_type": 3,
            "short_name": "91",
            "text_color": "#FFFFFF"
          }
        ],
        "stop_id": "2.3869.698905",
        "stop_name": "Ctra Bordeta - Gran Via"
      }
    },
    {
      "type": "Feature",
      "geometry": {
        "type": "Point",
        "coordinates": [
          2.143389,
          41.379741
        ]
      },
      "properties": {
        "routes": [
          {
            "color": "#DA291C",
            "long_name": "Hospital Clínic / Polígon Zona Franca",
            "route_type": 3,
            "short_name": "109",
            "text_color": "#FFFFFF"
          },
          {
            "color": "#DA291C",
            "long_name": "La Bordeta",
            "route_type": 3,
            "short_name": "115",
            "text_color": "#FFFFFF"
          },
          {
            "color": "#93107E",
            "long_name": "Pg. Marítim / Ernest Lluch",
            "route_type": 3,
            "short_name": "D20",
            "text_color": "#FFFFFF"
          },
          {
            "color": "#6AB023",
            "long_name": "Mare de Déu de Port / Pedralbes",
            "route_type": 3,
            "short_name": "V5",
            "text_color": "#FFFFFF"
          }
        ],
        "stop_id": "2.3875.699292",
        "stop_name": "Tarragona - Mallorca"
      }
    },
    {
      "type": "Feature",
      "geometry": {
        "type": "Point",
        "coordinates": [
          2.139025,
          41.378383
        ]
      },
      "properties": {
        "routes": [
          {
            "color": "#DA291C",
            "long_name": "Estació de Sants / Roquetes",
            "route_type": 3,
            "short_name": "27",
            "text_color": "#FFFFFF"
          }
        ],
        "stop_id": "2.3876.699308",
        "stop_name": "Sants Estació - Pl Joan Peiró - Final de trajecte"
      }
    },
    {
      "type": "Feature",
      "geometry": {
        "type": "Point",
        "coordinates": [
          2.139333,
          41.378118
        ]
      },
      "properties": {
        "routes": [
          {
            "color": "#DA291C",
            "long_name": "Estació de Sants / Sant Joan Despí",
            "route_type": 3,
            "short_name": "78",
            "text_color": "#FFFFFF"
          }
        ],
        "stop_id": "2.3877.699306",
        "stop_name": "Pl Joan Peiró - Estació de Sants - Final trajecte"
      }
    },
    {
      "type": "Feature",
      "geometry": {
        "type": "Point",
        "coordinates": [
          2.140767,
          41.378329
        ]
      },
      "properties": {
        "routes": [
          {
            "color": "#DA291C",
            "long_name": "La Bordeta",
            "route_type": 3,
            "short_name": "115",
            "text_color": "#FFFFFF"
          },
          {
            "color": "#DA291C",
            "long_name": "Estació de Sants / Roquetes",
            "route_type": 3,
            "short_name": "27",
            "text_color": "#FFFFFF"
          },
          {
            "color": "#DA291C",
            "long_name": "Estació de Sants / Sant Joan Despí",
            "route_type": 3,
            "short_name": "78",
            "text_color": "#FFFFFF"
          },
          {
            "color": "#003888",
            "long_name": "Pl. Sants / Olímpic de Badalona",
            "route_type": 3,
            "short_name": "H10",
            "text_color": "#FFFFFF"
          },
          {
            "color": "#6AB023",
            "long_name": "Mare de Déu de Port / Pedralbes",
            "route_type": 3,
            "short_name": "V5",
            "text_color": "#FFFFFF"
          }
        ],
        "stop_id": "2.3878.699302",
        "stop_name": "Pg Sant Antoni - Parc de l'Espanya Industrial"
      }
    },
    {
      "type": "Feature",
      "geometry": {
        "type": "Point",
        "coordinates": [
          2.140913,
          41.355882
        ]
      },
      "properties": {
        "routes": [
          {
            "color": "#010101",
            "long_name": "Paral·lel - L'Hospitalet (Av. Carrilet)",
            "route_type": 3,
            "short_name": "X3",
            "text_color": "#FFFFFF"
          }
        ],
        "stop_id": "2.3912.699940",
        "stop_name": "Foc - Estany"
      }
    },
    {
      "type": "Feature",
      "geometry": {
        "type": "Point",
        "coordinates": [
          2.141193,
          41.356163
        ]
      },
      "properties": {
        "routes": [
          {
            "color": "#010101",
            "long_name": "Paral·lel - L'Hospitalet (Av. Carrilet)",
            "route_type": 3,
            "short_name": "X3",
            "text_color": "#FFFFFF"
          }
        ],
        "stop_id": "2.3913.699938",
        "stop_name": "Foc - Pg Zona Franca"
      }
    },
    {
      "type": "Feature",
      "geometry": {
        "type": "Point",
        "coordinates": [
          2.134841,
          41.353609
        ]
      },
      "properties": {
        "routes": [
          {
            "color": "#010101",
            "long_name": "Paral·lel - L'Hospitalet (Av. Carrilet)",
            "route_type": 3,
            "short_name": "X3",
            "text_color": "#FFFFFF"
          }
        ],
        "stop_id": "2.3914.699942",
        "stop_name": "Foc - Fira de Barcelona"
      }
    },
    {
      "type": "Feature",
      "geometry": {
        "type": "Point",
        "coordinates": [
          2.130811,
          41.35191
        ]
      },
      "properties": {
        "routes": [
          {
            "color": "#010101",
            "long_name": "Paral·lel - L'Hospitalet (Av. Carrilet)",
            "route_type": 3,
            "short_name": "X3",
            "text_color": "#FFFFFF"
          }
        ],
        "stop_id": "2.3915.699946",
        "stop_name": "Foc - Metro Fira"
      }
    },
    {
      "type": "Feature",
      "geometry": {
        "type": "Point",
        "coordinates": [
          2.125895,
          41.391575
        ]
      },
      "properties": {
        "routes": [
          {
            "color": "#DA291C",
            "long_name": "Pg. Manuel Girona / Poblenou",
            "route_type": 3,
            "short_name": "6",
            "text_color": "#FFFFFF"
          }
        ],
        "stop_id": "2.3932.700100",
        "stop_name": "Pg Manuel Girona - Benet Mateu - Final de trajecte"
      }
    },
    {
      "type": "Feature",
      "geometry": {
        "type": "Point",
        "coordinates": [
          2.150956,
          41.374905
        ]
      },
      "properties": {
        "routes": [
          {
            "color": "#DA291C",
            "long_name": "Mercat Sant Antoni / Parc de Montjuïc",
            "route_type": 3,
            "short_name": "13",
            "text_color": "#FFFFFF"
          },
          {
            "color": "#DA291C",
            "long_name": "Pl. Espanya / Aeroport BCN",
            "route_type": 3,
            "short_name": "46",
            "text_color": "#FFFFFF"
          },
          {
            "color": "#DA291C",
            "long_name": "Pl. Catalunya / Collblanc",
            "route_type": 3,
            "short_name": "52",
            "text_color": "#FFFFFF"
          },
          {
            "color": "#DA291C",
            "long_name": "Pl. Espanya / El Prat",
            "route_type": 3,
            "short_name": "65",
            "text_color": "#FFFFFF"
          },
          {
            "color": "#DA291C",
            "long_name": "Manso / La Bordeta",
            "route_type": 3,
            "short_name": "91",
            "text_color": "#FFFFFF"
          },
          {
            "color": "#93107E",
            "long_name": "Pg. Marítim / Ernest Lluch",
            "route_type": 3,
            "short_name": "D20",
            "text_color": "#FFFFFF"
          },
          {
            "color": "#003888",
            "long_name": "Gornal / Besòs Verneda",
            "route_type": 3,
            "short_name": "H12",
            "text_color": "#FFFFFF"
          },
          {
            "color": "#003888",
            "long_name": "Pg. Zona Franca / Fòrum Campus Besòs",
            "route_type": 3,
            "short_name": "H16",
            "text_color": "#FFFFFF"
          },
          {
            "color": "#010101",
            "long_name": "Prat XPRES (Pl. Espanya - Av. Remolar)",
            "route_type": 3,
            "short_name": "X2",
            "text_color": "#FFFFFF"
          }
        ],
        "stop_id": "2.3935.700096",
        "stop_name": "Paral·lel - Pl Espanya"
      }
    },
    {
      "type": "Feature",
      "geometry": {
        "type": "Point",
        "coordinates": [
          2.134602,
          41.362972
        ]
      },
      "properties": {
        "routes": [
          {
            "color": "#003888",
            "long_name": "Gornal / Besòs Verneda",
            "route_type": 3,
            "short_name": "H12",
            "text_color": "#FFFFFF"
          }
        ],
        "stop_id": "2.3936.700227",
        "stop_name": "Radi - Gran Via"
      }
    },
    {
      "type": "Feature",
      "geometry": {
        "type": "Point",
        "coordinates": [
          2.132278,
          41.365279
        ]
      },
      "properties": {
        "routes": [
          {
            "color": "#6AB023",
            "long_name": "Districte Gran Via l'Hospitalet / Av. Esplugues",
            "route_type": 3,
            "short_name": "V1",
            "text_color": "#FFFFFF"
          }
        ],
        "stop_id": "2.3938.700223",
        "stop_name": "Ciutat de la Justícia"
      }
    },
    {
      "type": "Feature",
      "geometry": {
        "type": "Point",
        "coordinates": [
          2.149981,
          41.373506
        ]
      },
      "properties": {
        "routes": [],
        "stop_id": "2.7002.699747",
        "stop_name": "Alternativa per Fires - Pl Espanya"
      }
    },
    {
      "type": "Feature",
      "geometry": {
        "type": "Point",
        "coordinates": [
          2.131172,
          41.352065
        ]
      },
      "properties": {
        "routes": [],
        "stop_id": "2.7007.699947",
        "stop_name": "Aparcament C"
      }
    },
    {
      "type": "Feature",
      "geometry": {
        "type": "Point",
        "coordinates": [
          2.136337,
          41.376065
        ]
      },
      "properties": {
        "routes": [
          {
            "color": "#6AB023",
            "long_name": "Mare de Déu de Port / Pedralbes",
            "route_type": 3,
            "short_name": "V5",
            "text_color": "#FFFFFF"
          }
        ],
        "stop_id": "2.7019.695701",
        "stop_name": "Sant antoni - Pl de Sants"
      }
    },
    {
      "type": "Feature",
      "geometry": {
        "type": "Point",
        "coordinates": [
          2.166453,
          41.38835
        ]
      },
      "properties": {
        "routes": [
          {
            "color": "#DA291C",
            "long_name": "Pl. Catalunya / Collblanc",
            "route_type": 3,
            "short_name": "52",
            "text_color": "#FFFFFF"
          },
          {
            "color": "#DA291C",
            "long_name": "Estació del Nord / Cardenal Reig",
            "route_type": 3,
            "short_name": "54",
            "text_color": "#FFFFFF"
          },
          {
            "color": "#003888",
            "long_name": "Gornal / Besòs Verneda",
            "route_type": 3,
            "short_name": "H12",
            "text_color": "#FFFFFF"
          }
        ],
        "stop_id": "2.8085.700406",
        "stop_name": "Gran Via/Balmes"
      }
    },
    {
      "type": "Feature",
      "geometry": {
        "type": "Point",
        "coordinates": [
          2.160601,
          41.377104
        ]
      },
      "properties": {
        "routes": [
          {
            "color": "#6AB023",
            "long_name": "Poble-sec / Sarrià",
            "route_type": 3,
            "short_name": "V9",
            "text_color": "#FFFFFF"
          }
        ],
        "stop_id": "2.8158.700440",
        "stop_name": "Viladomat, 45"
      }
    },
    {
      "type": "Feature",
      "geometry": {
        "type": "Point",
        "coordinates": [
          2.169557,
          41.374848
        ]
      },
      "properties": {
        "routes": [
          {
            "color": "#937500",
            "long_name": "Llançadora Funicular",
            "route_type": 3,
            "short_name": "983",
            "text_color": "#FFFFFF"
          }
        ],
        "stop_id": "2.8233.682234",
        "stop_name": "Paral·lel - Nou de La Rambla"
      }
    },
    {
      "type": "Feature",
      "geometry": {
        "type": "Point",
        "coordinates": [
          2.133789,
          41.363772
        ]
      },
      "properties": {
        "routes": [
          {
            "color": "#003888",
            "long_name": "Gornal / Besòs Verneda",
            "route_type": 3,
            "short_name": "H12",
            "text_color": "#FFFFFF"
          }
        ],
        "stop_id": "2.8280.700241",
        "stop_name": "Ciutat de la Justícia - Final de trajecte"
      }
    },
    {
      "type": "Feature",
      "geometry": {
        "type": "Point",
        "coordinates": [
          2.14809,
          41.373975
        ]
      },
      "properties": {
        "routes": [
          {
            "color": "#DA291C",
            "long_name": "Hospital Clínic / Polígon Zona Franca",
            "route_type": 3,
            "short_name": "109",
            "text_color": "#FFFFFF"
          },
          {
            "color": "#DA291C",
            "long_name": "Manso / La Bordeta",
            "route_type": 3,
            "short_name": "91",
            "text_color": "#FFFFFF"
          },
          {
            "color": "#003888",
            "long_name": "Gornal / Besòs Verneda",
            "route_type": 3,
            "short_name": "H12",
            "text_color": "#FFFFFF"
          },
          {
            "color": "#003888",
            "long_name": "Pg. Zona Franca / Fòrum Campus Besòs",
            "route_type": 3,
            "short_name": "H16",
            "text_color": "#FFFFFF"
          }
        ],
        "stop_id": "2.8373.680463",
        "stop_name": "Gran Via Corts Catalanes"
      }
    },
    {
      "type": "Feature",
      "geometry": {
        "type": "Point",
        "coordinates": [
          2.122854,
          41.378997
        ]
      },
      "properties": {
        "routes": [
          {
            "color": "#DA291C",
            "long_name": "Les Corts",
            "route_type": 3,
            "short_name": "175",
            "text_color": "#FFFFFF"
          },
          {
            "color": "#003888",
            "long_name": "Ernest Lluch / Bon Pastor",
            "route_type": 3,
            "short_name": "H8",
            "text_color": "#FFFFFF"
          }
        ],
        "stop_id": "2.8535.699166",
        "stop_name": "Travessera de les Corts, 73-129"
      }
    },
    {
      "type": "Feature",
      "geometry": {
        "type": "Point",
        "coordinates": [
          2.150219,
          41.378136
        ]
      },
      "properties": {
        "routes": [
          {
            "color": "#6AB023",
            "long_name": "Pl. Espanya / Sarrià",
            "route_type": 3,
            "short_name": "V7",
            "text_color": "#FFFFFF"
          }
        ],
        "stop_id": "2.9196.700173",
        "stop_name": "Vilamarí - Diputació"
      }
    },
    {
      "type": "Feature",
      "geometry": {
        "type": "Point",
        "coordinates": [
          2.136074,
          41.351922
        ]
      },
      "properties": {
        "routes": [
          {
            "color": "#DA291C",
            "long_name": "La Marina",
            "route_type": 3,
            "short_name": "125",
            "text_color": "#FFFFFF"
          }
        ],
        "stop_id": "2.9621.696409",
        "stop_name": "Plom 5 - 7"
      }
    },
    {
      "type": "Feature",
      "geometry": {
        "type": "Point",
        "coordinates": [
          2.16144,
          41.377385
        ]
      },
      "properties": {
        "routes": [
          {
            "color": "#DA291C",
            "long_name": "Esq. de l'Eixample",
            "route_type": 3,
            "short_name": "141",
            "text_color": "#FFFFFF"
          }
        ],
        "stop_id": "2.9789.700438",
        "stop_name": "Manso, 45"
      }
    },
    {
      "type": "Feature",
      "geometry": {
        "type": "Point",
        "coordinates": [
          2.141632,
          41.379149
        ]
      },
      "properties": {
        "routes": [
          {
            "color": "#DA291C",
            "long_name": "Estació de Sants / Roquetes",
            "route_type": 3,
            "short_name": "27",
            "text_color": "#FFFFFF"
          },
          {
            "color": "#DA291C",
            "long_name": "Estació de Sants / Sant Joan Despí",
            "route_type": 3,
            "short_name": "78",
            "text_color": "#FFFFFF"
          },
          {
            "color": "#93107E",
            "long_name": "Pg. Marítim / Ernest Lluch",
            "route_type": 3,
            "short_name": "D20",
            "text_color": "#FFFFFF"
          },
          {
            "color": "#003888",
            "long_name": "Pl. Sants / Olímpic de Badalona",
            "route_type": 3,
            "short_name": "H10",
            "text_color": "#FFFFFF"
          }
        ],
        "stop_id": "2.9951.700270",
        "stop_name": "Pg. Sant Antoni, 53-55"
      }
    }
  ]
}
